atom_id,temporal.emergence,temporal.establishment,temporal.peak,temporal.decline,temporal.dissolution,scale.individual,scale.group,scale.institution,scale.civilization,scale.universal,ontological.material,ontological.informational,ontological.relational,ontological.structural,ontological.semantic,interconnection.independent,interconnection.catalytic,interconnection.chained,interconnection.synchronous,interconnection.resonant,resonance.superficial,resonance.structural,resonance.essential,resonance.existential,symmetry.destructive,symmetry.inclusive,symmetry.transformative,symmetry.generative,symmetry.cyclical,lawfulness.causal,lawfulness.emergent,lawfulness.necessary,lawfulness.contingent,agency.reactive,agency.adaptive,agency.intentional,agency.autonomous,boundary.permeable,boundary.selective,boundary.rigid,boundary.dissolved,potential.latent,potential.activated,potential.kinetic,potential.exhausted,identity.generic,identity.specific,identity.archetypal
ABS.bound,0.005273,0.008182,0.000000,0.000000,0.000000,0.128267,0.000000,0.000000,0.000000,0.000000,0.189156,0.002419,0.061669,0.044973,0.018452,0.009241,0.006987,0.012609,0.000647,0.002945,0.003832,0.018282,0.097349,0.001135,0.019195,0.001271,0.019795,0.001804,0.007419,0.000000,0.001506,0.002997,0.005792,0.000000,0.000000,0.000000,0.000000,0.000000,0.000000,0.000000,0.000000,0.000000,0.000000,0.000000,0.000000,0.000000,0.000000,0.000000
ABS.exempt,0.000905,0.004664,0.000000,0.000000,0.000000,0.404288,0.000000,0.000000,0.000000,0.000000,0.000308,0.002885,0.110529,0.030248,0.053583,0.025230,0.005887,0.003066,0.000308,0.000479,0.000959,0.004356,0.066167,0.000788,0.002456,0.012701,0.005677,0.001805,0.000308,0.000000,0.000308,0.000308,0.010074,0.000000,0.000000,0.000000,0.000000,0.000000,0.000000,0.000000,0.000000,0.000000,0.000000,0.000000,0.000000,0.000000,0.000000,0.000000
ABS.foolish,0.001666,0.000374,0.000000,0.000000,0.000000,0.357758,0.000000,0.000000,0.000000,0.000000,0.009631,0.002726,0.003844,0.001974,0.101376,0.007312,0.002570,0.003165,0.000334,0.000594,0.021655,0.001940,0.064773,0.000324,0.294710,0.000324,0.000866,0.000381,0.000465,0.000000,0.000732,0.000324,0.006987,0.000000,0.000000,0.000000,0.000000,0.000000,0.000000,0.000000,0.000000,0.000000,0.000000,0.000000,0.000000,0.000000,0.000000,0.000000
ABS.other,0.011778,0.000520,0.000000,0.000000,0.000000,0.083151,0.000000,0.000000,0.000000,0.000000,0.026697,0.003077,0.290326,0.003663,0.091307,0.022346,0.006866,0.000556,0.000562,0.006995,0.007152,0.006926,0.134969,0.005068,0.001846,0.006679,0.034126,0.011561,0.000520,0.000000,0.005794,0.003452,0.002859,0.000000,0.000000,0.000000,0.000000,0.000000,0.000000,0.000000,0.000000,0.000000,0.000000,0.000000,0.000000,0.000000,0.000000,0.000000
ABS.release,0.003492,0.000782,0.000000,0.000000,0.000000,0.147038,0.000000,0.000000,0.000000,0.000000,0.038781,0.012576,0.061716,0.018955,0.043352,0.004042,0.037913,0.005650,0.000544,0.002907,0.001651,0.003532,0.107231,0.003703,0.006816,0.000534,0.145123,0.010657,0.000534,0.000000,0.000388,0.000388,0.005721,0.000000,0.000000,0.000000,0.000000,0.000000,0.000000,0.000000,0.000000,0.000000,0.000000,0.000000,0.000000,0.000000,0.000000,0.000000
ABS.responsibility,0.001236,0.004126,0.000000,0.000000,0.000000,0.161974,0.000000,0.000000,0.000000,0.000000,0.000282,0.001958,0.071504,0.009011,0.101863,0.001094,0.003693,0.010364,0.000297,0.002312,0.000284,0.002407,0.120367,0.001461,0.010880,0.004760,0.003302,0.002082,0.000426,0.000000,0.000282,0.002813,0.001877,0.000000,0.000000,0.000000,0.000000,0.000000,0.000000,0.000000,0.000000,0.000000,0.000000,0.000000,0.000000,0.000000,0.000000,0.000000
ABS.self,0.000116,0.001004,0.000000,0.000000,0.000000,0.310470,0.000000,0.000000,0.000000,0.000000,0.052748,0.003762,0.001154,0.001471,0.052348,0.039539,0.003473,0.000825,0.000108,0.001933,0.002390,0.000386,0.245747,0.008588,0.000931,0.000111,0.039386,0.000309,0.000108,0.000000,0.000108,0.003949,0.000904,0.000000,0.000000,0.000000,0.000000,0.000000,0.000000,0.000000,0.000000,0.000000,0.000000,0.000000,0.000000,0.000000,0.000000,0.000000
ABS.wise,0.000591,0.002940,0.000000,0.000000,0.000000,0.270846,0.000000,0.000000,0.000000,0.000000,0.011175,0.008042,0.003786,0.003456,0.127719,0.011300,0.007586,0.000521,0.000335,0.004681,0.001001,0.002552,0.113130,0.000665,0.024349,0.000744,0.010694,0.001896,0.000335,0.000000,0.000427,0.001432,0.001994,0.000000,0.000000,0.000000,0.000000,0.000000,0.000000,0.000000,0.000000,0.000000,0.000000,0.000000,0.000000,0.000000,0.000000,0.000000
ACT.abandon,0.000892,0.000617,0.000000,0.000000,0.000000,0.215245,0.000000,0.000000,0.000000,0.000000,0.077400,0.001314,0.043323,0.002623,0.056757,0.011380,0.009366,0.006120,0.000584,0.001098,0.004657,0.003600,0.109298,0.002216,0.138468,0.000584,0.055163,0.001030,0.000584,0.000000,0.000621,0.000584,0.020690,0.000000,0.000000,0.000000,0.000000,0.000000,0.000000,0.000000,0.000000,0.000000,0.000000,0.000000,0.000000,0.000000,0.000000,0.000000
ACT.agitate,0.005612,0.000574,0.000000,0.000000,0.000000,0.074830,0.000000,0.000000,0.000000,0.000000,0.226452,0.001307,0.023956,0.002434,0.013612,0.001583,0.116689,0.005581,0.002893,0.003028,0.010436,0.006526,0.078602,0.000722,0.036386,0.000574,0.075360,0.002476,0.000981,0.000000,0.002460,0.000574,0.011319,0.000000,0.000000,0.000000,0.000000,0.000000,0.000000,0.000000,0.000000,0.000000,0.000000,0.000000,0.000000,0.000000,0.000000,0.000000
ACT.arrive,0.010246,0.005147,0.000000,0.000000,0.000000,0.123546,0.000000,0.000000,0.000000,0.000000,0.330829,0.000954,0.005224,0.003457,0.019800,0.013301,0.007185,0.009058,0.000961,0.000659,0.006733,0.004640,0.057992,0.000593,0.003751,0.020058,0.020936,0.001720,0.001152,0.000000,0.000787,0.001800,0.010067,0.000000,0.000000,0.000000,0.000000,0.000000,0.000000,0.000000,0.000000,0.000000,0.000000,0.000000,0.000000,0.000000,0.000000,0.000000
ACT.ascend,0.001526,0.000540,0.000000,0.000000,0.000000,0.167262,0.000000,0.000000,0.000000,0.000000,0.296744,0.001802,0.001630,0.003846,0.019175,0.037433,0.003411,0.003199,0.000540,0.000540,0.003756,0.006940,0.086308,0.000700,0.002935,0.000540,0.009633,0.003182,0.000540,0.000000,0.000540,0.000540,0.001099,0.000000,0.000000,0.000000,0.000000,0.000000,0.000000,0.000000,0.000000,0.000000,0.000000,0.000000,0.000000,0.000000,0.000000,0.000000
ACT.build,0.015065,0.003866,0.000000,0.000000,0.000000,0.059510,0.000000,0.000000,0.000000,0.000000,0.195566,0.019140,0.014436,0.046679,0.016324,0.006568,0.013179,0.007400,0.000604,0.002415,0.003362,0.014607,0.033970,0.000834,0.010717,0.001385,0.018403,0.108630,0.001500,0.000000,0.002048,0.000705,0.005389,0.000000,0.000000,0.000000,0.000000,0.000000,0.000000,0.000000,0.000000,0.000000,0.000000,0.000000,0.000000,0.000000,0.000000,0.000000
ACT.calm,0.000375,0.001032,0.000000,0.000000,0.000000,0.316073,0.000000,0.000000,0.000000,0.000000,0.017000,0.000390,0.070877,0.000717,0.060997,0.001281,0.051665,0.000602,0.000445,0.008892,0.001728,0.002344,0.117310,0.000483,0.000372,0.008050,0.066500,0.003618,0.000367,0.000000,0.000367,0.000367,0.004252,0.000000,0.000000,0.000000,0.000000,0.000000,0.000000,0.000000,0.000000,0.000000,0.000000,0.000000,0.000000,0.000000,0.000000,0.000000
ACT.create,0.056230,0.001910,0.000000,0.000000,0.000000,0.059516,0.000000,0.000000,0.000000,0.000000,0.085119,0.016600,0.008210,0.013867,0.020613,0.009413,0.020252,0.003919,0.000348,0.001241,0.002762,0.003470,0.031169,0.004936,0.010287,0.000341,0.005382,0.237970,0.000683,0.000000,0.006010,0.000290,0.002869,0.000000,0.000000,0.000000,0.000000,0.000000,0.000000,0.000000,0.000000,0.000000,0.000000,0.000000,0.000000,0.000000,0.000000,0.000000
ACT.descend,0.001438,0.001925,0.000000,0.000000,0.000000,0.102360,0.000000,0.000000,0.000000,0.000000,0.382334,0.000475,0.004386,0.005103,0.014806,0.022935,0.006401,0.030410,0.000585,0.000897,0.010805,0.006117,0.068592,0.001484,0.030331,0.000595,0.006712,0.002907,0.001896,0.000000,0.001118,0.004599,0.005585,0.000000,0.000000,0.000000,0.000000,0.000000,0.000000,0.000000,0.000000,0.000000,0.000000,0.000000,0.000000,0.000000,0.000000,0.000000
ACT.destroy,0.000400,0.000122,0.000000,0.000000,0.000000,0.039043,0.000000,0.000000,0.000000,0.000000,0.187644,0.000246,0.001098,0.007211,0.005053,0.001111,0.013683,0.004206,0.000180,0.000209,0.000627,0.002067,0.046958,0.049108,0.529558,0.000122,0.000752,0.000122,0.000133,0.000000,0.000187,0.000415,0.003736,0.000000,0.000000,0.000000,0.000000,0.000000,0.000000,0.000000,0.000000,0.000000,0.000000,0.000000,0.000000,0.000000,0.000000,0.000000
ACT.dissolve,0.000561,0.000481,0.000000,0.000000,0.000000,0.026085,0.000000,0.000000,0.000000,0.000000,0.407126,0.001365,0.010361,0.016496,0.001681,0.002352,0.011222,0.008911,0.000481,0.000595,0.002147,0.011138,0.067955,0.000769,0.133950,0.000481,0.041093,0.000510,0.000488,0.000000,0.000481,0.001212,0.004684,0.000000,0.000000,0.000000,0.000000,0.000000,0.000000,0.000000,0.000000,0.000000,0.000000,0.000000,0.000000,0.000000,0.000000,0.000000
ACT.emit,0.003689,0.000360,0.000000,0.000000,0.000000,0.137061,0.000000,0.000000,0.000000,0.000000,0.339410,0.012593,0.007311,0.000846,0.014107,0.012284,0.017720,0.001469,0.001123,0.000846,0.025385,0.001984,0.017630,0.000889,0.005847,0.000383,0.002546,0.035298,0.004406,0.000000,0.000443,0.000802,0.002769,0.000000,0.000000,0.000000,0.000000,0.000000,0.000000,0.000000,0.000000,0.000000,0.000000,0.000000,0.000000,0.000000,0.000000,0.000000
ACT.exit,0.002085,0.000413,0.000000,0.000000,0.000000,0.267099,0.000000,0.000000,0.000000,0.000000,0.206394,0.012265,0.012342,0.002281,0.025624,0.024638,0.005105,0.002595,0.001453,0.000827,0.008458,0.002004,0.048357,0.027216,0.042142,0.000560,0.008477,0.002399,0.002587,0.000000,0.000964,0.019876,0.008546,0.000000,0.000000,0.000000,0.000000,0.000000,0.000000,0.000000,0.000000,0.000000,0.000000,0.000000,0.000000,0.000000,0.000000,0.000000
ACT.fall,0.000927,0.000341,0.000000,0.000000,0.000000,0.098789,0.000000,0.000000,0.000000,0.000000,0.429546,0.000348,0.000957,0.001364,0.006518,0.019603,0.005061,0.003485,0.000341,0.000569,0.010003,0.007638,0.057701,0.000341,0.009466,0.000341,0.001098,0.000484,0.000341,0.000000,0.004261,0.016968,0.001800,0.000000,0.000000,0.000000,0.000000,0.000000,0.000000,0.000000,0.000000,0.000000,0.000000,0.000000,0.000000,0.000000,0.000000,0.000000
ACT.give,0.002273,0.004647,0.000000,0.000000,0.000000,0.106458,0.000000,0.000000,0.000000,0.000000,0.213426,0.016340,0.076113,0.010009,0.026827,0.002867,0.013182,0.006772,0.000749,0.003437,0.003016,0.006363,0.056304,0.000750,0.015687,0.005889,0.010577,0.022931,0.004001,0.000000,0.000534,0.000616,0.002685,0.000000,0.000000,0.000000,0.000000,0.000000,0.000000,0.000000,0.000000,0.000000,0.000000,0.000000,0.000000,0.000000,0.000000,0.000000
ACT.go,0.001925,0.000700,0.000000,0.000000,0.000000,0.159999,0.000000,0.000000,0.000000,0.000000,0.304692,0.000957,0.005107,0.008959,0.009094,0.031445,0.002138,0.005383,0.001292,0.000715,0.010513,0.005684,0.026451,0.000529,0.001203,0.000735,0.007341,0.005306,0.006168,0.000000,0.000492,0.000594,0.002847,0.000000,0.000000,0.000000,0.000000,0.000000,0.000000,0.000000,0.000000,0.000000,0.000000,0.000000,0.000000,0.000000,0.000000,0.000000
ACT.leave,0.003631,0.000476,0.000000,0.000000,0.000000,0.256419,0.000000,0.000000,0.000000,0.000000,0.278571,0.005316,0.011992,0.001554,0.021956,0.029283,0.012064,0.004508,0.002123,0.000545,0.016227,0.003336,0.044410,0.000726,0.002999,0.001937,0.017692,0.005296,0.002280,0.000000,0.002267,0.000476,0.008783,0.000000,0.000000,0.000000,0.000000,0.000000,0.000000,0.000000,0.000000,0.000000,0.000000,0.000000,0.000000,0.000000,0.000000,0.000000
ACT.lie_down,0.000512,0.000292,0.000000,0.000000,0.000000,0.232304,0.000000,0.000000,0.000000,0.000000,0.222722,0.000267,0.001505,0.001872,0.012448,0.034403,0.000660,0.000454,0.000299,0.003630,0.002312,0.003174,0.099046,0.010465,0.009499,0.002516,0.007212,0.001356,0.012724,0.000000,0.001712,0.001480,0.001105,0.000000,0.000000,0.000000,0.000000,0.000000,0.000000,0.000000,0.000000,0.000000,0.000000,0.000000,0.000000,0.000000,0.000000,0.000000
ACT.lose,0.001441,0.000468,0.000000,0.000000,0.000000,0.195456,0.000000,0.000000,0.000000,0.000000,0.228399,0.000474,0.008765,0.002574,0.031642,0.006590,0.009922,0.003193,0.000468,0.001607,0.005941,0.002678,0.059867,0.006388,0.098814,0.000468,0.007560,0.000468,0.000474,0.000000,0.000468,0.000468,0.010639,0.000000,0.000000,0.000000,0.000000,0.000000,0.000000,0.000000,0.000000,0.000000,0.000000,0.000000,0.000000,0.000000,0.000000,0.000000
ACT.make,0.026642,0.004891,0.000000,0.000000,0.000000,0.058644,0.000000,0.000000,0.000000,0.000000,0.160092,0.015331,0.008498,0.024419,0.020934,0.005118,0.022657,0.005557,0.000537,0.002099,0.003514,0.010395,0.035117,0.001491,0.009866,0.001400,0.022568,0.145012,0.000757,0.000000,0.001799,0.001759,0.003664,0.000000,0.000000,0.000000,0.000000,0.000000,0.000000,0.000000,0.000000,0.000000,0.000000,0.000000,0.000000,0.000000,0.000000,0.000000
ACT.move,0.002020,0.000792,0.000000,0.000000,0.000000,0.121550,0.000000,0.000000,0.000000,0.000000,0.392458,0.003321,0.012265,0.007735,0.005414,0.018060,0.014746,0.008555,0.002961,0.001096,0.010357,0.006611,0.028835,0.000524,0.010334,0.001043,0.013081,0.013141,0.011430,0.000000,0.001464,0.000736,0.003653,0.000000,0.000000,0.000000,0.000000,0.000000,0.000000,0.000000,0.000000,0.000000,0.000000,0.000000,0.000000,0.000000,0.000000,0.000000
ACT.obtain,0.011562,0.002016,0.000000,0.000000,0.000000,0.165847,0.000000,0.000000,0.000000,0.000000,0.182686,0.014711,0.047967,0.004824,0.019577,0.007307,0.012488,0.006574,0.000598,0.001839,0.006017,0.004042,0.036904,0.000674,0.013059,0.011391,0.020964,0.026693,0.001443,0.000000,0.002807,0.001058,0.008619,0.000000,0.000000,0.000000,0.000000,0.000000,0.000000,0.000000,0.000000,0.000000,0.000000,0.000000,0.000000,0.000000,0.000000,0.000000
ACT.receive,0.072203,0.000665,0.000000,0.000000,0.000000,0.088904,0.000000,0.000000,0.000000,0.000000,0.057124,0.010990,0.024809,0.004064,0.013748,0.000891,0.033345,0.007726,0.000486,0.001687,0.005119,0.005967,0.032528,0.000582,0.045620,0.280741,0.006025,0.001885,0.001428,0.000000,0.000701,0.002571,0.003162,0.000000,0.000000,0.000000,0.000000,0.000000,0.000000,0.000000,0.000000,0.000000,0.000000,0.000000,0.000000,0.000000,0.000000,0.000000
ACT.rise,0.000653,0.000539,0.000000,0.000000,0.000000,0.136754,0.000000,0.000000,0.000000,0.000000,0.315912,0.000848,0.001602,0.003645,0.021265,0.031623,0.009122,0.001579,0.000538,0.000632,0.004594,0.006503,0.052891,0.002634,0.001415,0.000531,0.024691,0.005444,0.001905,0.000000,0.000490,0.000388,0.002799,0.000000,0.000000,0.000000,0.000000,0.000000,0.000000,0.000000,0.000000,0.000000,0.000000,0.000000,0.000000,0.000000,0.000000,0.000000
ACT.sink,0.001121,0.000835,0.000000,0.000000,0.000000,0.078722,0.000000,0.000000,0.000000,0.000000,0.434385,0.000833,0.001472,0.008406,0.004579,0.021824,0.004063,0.006564,0.000833,0.000833,0.017065,0.009590,0.066131,0.000833,0.006037,0.010816,0.006825,0.000833,0.000893,0.000000,0.001113,0.002643,0.005371,0.000000,0.000000,0.000000,0.000000,0.000000,0.000000,0.000000,0.000000,0.000000,0.000000,0.000000,0.000000,0.000000,0.000000,0.000000
ACT.sit,0.000216,0.000415,0.000000,0.000000,0.000000,0.160244,0.000000,0.000000,0.000000,0.000000,0.324241,0.000205,0.005023,0.004388,0.009763,0.040699,0.000889,0.002088,0.000676,0.001170,0.004195,0.010954,0.050712,0.000205,0.000228,0.001566,0.002718,0.000926,0.009968,0.000000,0.000205,0.000205,0.000391,0.000000,0.000000,0.000000,0.000000,0.000000,0.000000,0.000000,0.000000,0.000000,0.000000,0.000000,0.000000,0.000000,0.000000,0.000000
ACT.stand,0.001485,0.000526,0.000000,0.000000,0.000000,0.247553,0.000000,0.000000,0.000000,0.000000,0.366749,0.000196,0.001249,0.002236,0.004865,0.043849,0.005863,0.000472,0.000531,0.000414,0.002096,0.003317,0.029517,0.000526,0.000509,0.000197,0.028814,0.001353,0.001274,0.000000,0.002466,0.000254,0.003987,0.000000,0.000000,0.000000,0.000000,0.000000,0.000000,0.000000,0.000000,0.000000,0.000000,0.000000,0.000000,0.000000,0.000000,0.000000
ACT.stop,0.002235,0.001386,0.000000,0.000000,0.000000,0.132078,0.000000,0.000000,0.000000,0.000000,0.210050,0.010209,0.017765,0.010416,0.025032,0.011417,0.025343,0.022306,0.000661,0.000763,0.006648,0.008393,0.101782,0.002279,0.010412,0.000680,0.030106,0.000910,0.003281,0.000000,0.000917,0.004156,0.011704,0.000000,0.000000,0.000000,0.000000,0.000000,0.000000,0.000000,0.000000,0.000000,0.000000,0.000000,0.000000,0.000000,0.000000,0.000000
ACT.take,0.004650,0.007746,0.000000,0.000000,0.000000,0.181793,0.000000,0.000000,0.000000,0.000000,0.214491,0.003450,0.035450,0.007818,0.014688,0.009456,0.016889,0.004354,0.000576,0.002520,0.002560,0.004237,0.051373,0.000844,0.062511,0.023940,0.021843,0.004978,0.000366,0.000000,0.000788,0.000420,0.004108,0.000000,0.000000,0.000000,0.000000,0.000000,0.000000,0.000000,0.000000,0.000000,0.000000,0.000000,0.000000,0.000000,0.000000,0.000000
BEI.beast,0.011082,0.001527,0.000000,0.000000,0.000000,0.113523,0.000000,0.000000,0.000000,0.000000,0.297367,0.001662,0.011818,0.012734,0.022532,0.022019,0.003955,0.001995,0.001438,0.001725,0.006419,0.005843,0.067323,0.002153,0.031203,0.002233,0.024742,0.012592,0.011813,0.000000,0.002417,0.006621,0.005720,0.000000,0.000000,0.000000,0.000000,0.000000,0.000000,0.000000,0.000000,0.000000,0.000000,0.000000,0.000000,0.000000,0.000000,0.000000
BEI.child,0.033326,0.000466,0.000000,0.000000,0.000000,0.304753,0.000000,0.000000,0.000000,0.000000,0.088403,0.001783,0.109863,0.001817,0.030550,0.002367,0.007301,0.001619,0.000314,0.003525,0.005041,0.004016,0.070154,0.000979,0.047754,0.007201,0.010130,0.008756,0.001309,0.000000,0.002025,0.004523,0.004757,0.000000,0.000000,0.000000,0.000000,0.000000,0.000000,0.000000,0.000000,0.000000,0.000000,0.000000,0.000000,0.000000,0.000000,0.000000
BEI.female,0.004050,0.002999,0.000000,0.000000,0.000000,0.237331,0.000000,0.000000,0.000000,0.000000,0.045747,0.005025,0.090161,0.004980,0.075191,0.008427,0.010741,0.000749,0.000540,0.005330,0.009834,0.001309,0.099687,0.000646,0.024969,0.004091,0.013331,0.010551,0.000436,0.000000,0.000348,0.002829,0.004139,0.000000,0.000000,0.000000,0.000000,0.000000,0.000000,0.000000,0.000000,0.000000,0.000000,0.000000,0.000000,0.000000,0.000000,0.000000
BEI.human,0.031587,0.001864,0.000000,0.000000,0.000000,0.125049,0.000000,0.000000,0.000000,0.000000,0.149758,0.004196,0.040229,0.018524,0.100843,0.004507,0.003111,0.002259,0.001234,0.012568,0.001344,0.008975,0.134979,0.014705,0.005354,0.005723,0.011959,0.002410,0.001681,0.000000,0.000974,0.003410,0.002671,0.000000,0.000000,0.000000,0.000000,0.000000,0.000000,0.000000,0.000000,0.000000,0.000000,0.000000,0.000000,0.000000,0.000000,0.000000
BEI.male,0.014115,0.001200,0.000000,0.000000,0.000000,0.205808,0.000000,0.000000,0.000000,0.000000,0.139611,0.003045,0.042545,0.004793,0.078970,0.023964,0.001870,0.000651,0.000284,0.002608,0.004707,0.002450,0.103158,0.003643,0.020108,0.001372,0.002538,0.017783,0.000400,0.000000,0.002178,0.002881,0.001762,0.000000,0.000000,0.000000,0.000000,0.000000,0.000000,0.000000,0.000000,0.000000,0.000000,0.000000,0.000000,0.000000,0.000000,0.000000
BEI.parent,0.009044,0.000505,0.000000,0.000000,0.000000,0.189653,0.000000,0.000000,0.000000,0.000000,0.007007,0.000097,0.236350,0.001921,0.019989,0.000055,0.012674,0.000054,0.000036,0.027351,0.000036,0.000510,0.115740,0.000285,0.003821,0.021644,0.011155,0.032903,0.000036,0.000000,0.000036,0.000038,0.002511,0.000000,0.000000,0.000000,0.000000,0.000000,0.000000,0.000000,0.000000,0.000000,0.000000,0.000000,0.000000,0.000000,0.000000,0.000000
BEI.plant,0.017091,0.006530,0.000000,0.000000,0.000000,0.042075,0.000000,0.000000,0.000000,0.000000,0.404618,0.001707,0.008787,0.013650,0.017951,0.013555,0.005324,0.001284,0.001782,0.006797,0.002446,0.005268,0.057058,0.000646,0.011043,0.001287,0.004217,0.020707,0.023936,0.000000,0.000594,0.001100,0.009433,0.000000,0.000000,0.000000,0.000000,0.000000,0.000000,0.000000,0.000000,0.000000,0.000000,0.000000,0.000000,0.000000,0.000000,0.000000
BEI.root,0.003725,0.001758,0.000000,0.000000,0.000000,0.058568,0.000000,0.000000,0.000000,0.000000,0.450846,0.006290,0.003852,0.030179,0.015301,0.002672,0.002930,0.001572,0.000480,0.003375,0.001070,0.002865,0.089443,0.003749,0.003705,0.000855,0.002485,0.011953,0.002151,0.000000,0.000373,0.021795,0.002607,0.000000,0.000000,0.000000,0.000000,0.000000,0.000000,0.000000,0.000000,0.000000,0.000000,0.000000,0.000000,0.000000,0.000000,0.000000
BOD.ear,0.000437,0.001315,0.000000,0.000000,0.000000,0.184569,0.000000,0.000000,0.000000,0.000000,0.210615,0.007674,0.002414,0.009358,0.007482,0.003555,0.006783,0.000176,0.000131,0.001901,0.004251,0.006118,0.064042,0.000183,0.017885,0.003439,0.002192,0.000158,0.000130,0.000000,0.001358,0.001209,0.001535,0.000000,0.000000,0.000000,0.000000,0.000000,0.000000,0.000000,0.000000,0.000000,0.000000,0.000000,0.000000,0.000000,0.000000,0.000000
BOD.eye,0.000192,0.000366,0.000000,0.000000,0.000000,0.147618,0.000000,0.000000,0.000000,0.000000,0.211081,0.005352,0.000922,0.003351,0.014663,0.013308,0.004257,0.000323,0.000176,0.000711,0.013625,0.001257,0.079253,0.000391,0.013189,0.000153,0.002101,0.000790,0.000199,0.000000,0.000153,0.002734,0.001510,0.000000,0.000000,0.000000,0.000000,0.000000,0.000000,0.000000,0.000000,0.000000,0.000000,0.000000,0.000000,0.000000,0.000000,0.000000
BOD.face,0.000737,0.000450,0.000000,0.000000,0.000000,0.186752,0.000000,0.000000,0.000000,0.000000,0.291034,0.002357,0.003888,0.007755,0.025045,0.010456,0.008241,0.000444,0.000461,0.003411,0.005200,0.001549,0.036173,0.000442,0.003634,0.008843,0.001440,0.001541,0.000449,0.000000,0.000485,0.005359,0.001295,0.000000,0.000000,0.000000,0.000000,0.000000,0.000000,0.000000,0.000000,0.000000,0.000000,0.000000,0.000000,0.000000,0.000000,0.000000
BOD.foot,0.000531,0.000327,0.000000,0.000000,0.000000,0.173217,0.000000,0.000000,0.000000,0.000000,0.402363,0.000301,0.001126,0.006308,0.009342,0.009255,0.001759,0.002360,0.000887,0.000912,0.007525,0.006350,0.051140,0.000455,0.013359,0.000400,0.001238,0.001072,0.003501,0.000000,0.000596,0.002057,0.002642,0.000000,0.000000,0.000000,0.000000,0.000000,0.000000,0.000000,0.000000,0.000000,0.000000,0.000000,0.000000,0.000000,0.000000,0.000000
BOD.hand,0.000180,0.000185,0.000000,0.000000,0.000000,0.157159,0.000000,0.000000,0.000000,0.000000,0.267246,0.000179,0.014885,0.001903,0.007977,0.002937,0.007502,0.001987,0.000184,0.008062,0.002342,0.001774,0.064776,0.000457,0.014081,0.015472,0.001409,0.002875,0.000251,0.000000,0.000174,0.004138,0.000725,0.000000,0.000000,0.000000,0.000000,0.000000,0.000000,0.000000,0.000000,0.000000,0.000000,0.000000,0.000000,0.000000,0.000000,0.000000
BOD.head,0.000765,0.000541,0.000000,0.000000,0.000000,0.349746,0.000000,0.000000,0.000000,0.000000,0.183939,0.006229,0.001285,0.005297,0.039095,0.005818,0.001866,0.005739,0.000244,0.001606,0.000746,0.005106,0.055938,0.003023,0.021213,0.001723,0.007885,0.001127,0.000245,0.000000,0.000866,0.009012,0.001045,0.000000,0.000000,0.000000,0.000000,0.000000,0.000000,0.000000,0.000000,0.000000,0.000000,0.000000,0.000000,0.000000,0.000000,0.000000
BOD.hip,0.000324,0.000044,0.000000,0.000000,0.000000,0.176925,0.000000,0.000000,0.000000,0.000000,0.227402,0.000012,0.009631,0.019560,0.002851,0.000012,0.000034,0.000090,0.000045,0.001485,0.000028,0.007412,0.034109,0.000012,0.001027,0.000012,0.000019,0.000016,0.000077,0.000000,0.000012,0.026640,0.000395,0.000000,0.000000,0.000000,0.000000,0.000000,0.000000,0.000000,0.000000,0.000000,0.000000,0.000000,0.000000,0.000000,0.000000,0.000000
BOD.mouth,0.000895,0.000546,0.000000,0.000000,0.000000,0.192344,0.000000,0.000000,0.000000,0.000000,0.223109,0.019830,0.015969,0.003098,0.026055,0.008846,0.013158,0.002100,0.002895,0.005451,0.022785,0.002343,0.062849,0.000679,0.017014,0.003785,0.003939,0.007719,0.001497,0.000000,0.002011,0.002730,0.002221,0.000000,0.000000,0.000000,0.000000,0.000000,0.000000,0.000000,0.000000,0.000000,0.000000,0.000000,0.000000,0.000000,0.000000,0.000000
CHG.advance,0.008228,0.001230,0.000000,0.000000,0.000000,0.079754,0.000000,0.000000,0.000000,0.000000,0.104156,0.007306,0.018915,0.020178,0.013192,0.014239,0.015633,0.023818,0.002985,0.001906,0.011994,0.023272,0.026709,0.001768,0.027316,0.003844,0.037408,0.018485,0.004229,0.000000,0.003308,0.001342,0.020104,0.000000,0.000000,0.000000,0.000000,0.000000,0.000000,0.000000,0.000000,0.000000,0.000000,0.000000,0.000000,0.000000,0.000000,0.000000
CHG.begin,0.193573,0.000414,0.000000,0.000000,0.000000,0.150268,0.000000,0.000000,0.000000,0.000000,0.051384,0.000727,0.018409,0.003490,0.023228,0.007674,0.048907,0.002650,0.000162,0.000153,0.001941,0.001456,0.032174,0.000187,0.005261,0.000706,0.021164,0.106159,0.002138,0.000000,0.000874,0.000135,0.001692,0.000000,0.000000,0.000000,0.000000,0.000000,0.000000,0.000000,0.000000,0.000000,0.000000,0.000000,0.000000,0.000000,0.000000,0.000000
CHG.decay,0.000298,0.000160,0.000000,0.000000,0.000000,0.051710,0.000000,0.000000,0.000000,0.000000,0.297038,0.000161,0.001333,0.010605,0.003889,0.002814,0.003966,0.005121,0.000203,0.000234,0.002445,0.007633,0.063145,0.000658,0.301226,0.000158,0.002402,0.000533,0.000228,0.000000,0.000158,0.008597,0.003057,0.000000,0.000000,0.000000,0.000000,0.000000,0.000000,0.000000,0.000000,0.000000,0.000000,0.000000,0.000000,0.000000,0.000000,0.000000
CHG.end,0.005889,0.011849,0.000000,0.000000,0.000000,0.077004,0.000000,0.000000,0.000000,0.000000,0.040671,0.003494,0.013657,0.034567,0.075611,0.005215,0.021374,0.029047,0.001034,0.001534,0.002300,0.011154,0.128921,0.005702,0.014516,0.001298,0.075691,0.004462,0.010762,0.000000,0.001148,0.013805,0.006241,0.000000,0.000000,0.000000,0.000000,0.000000,0.000000,0.000000,0.000000,0.000000,0.000000,0.000000,0.000000,0.000000,0.000000,0.000000
CHG.grow,0.021836,0.001300,0.000000,0.000000,0.000000,0.104296,0.000000,0.000000,0.000000,0.000000,0.225959,0.020634,0.003594,0.021446,0.022077,0.007028,0.011724,0.005897,0.001711,0.000848,0.011890,0.014506,0.030209,0.000814,0.021609,0.001795,0.036902,0.077605,0.008146,0.000000,0.000895,0.004138,0.005009,0.000000,0.000000,0.000000,0.000000,0.000000,0.000000,0.000000,0.000000,0.000000,0.000000,0.000000,0.000000,0.000000,0.000000,0.000000
CHG.retreat,0.001134,0.000749,0.000000,0.000000,0.000000,0.056859,0.000000,0.000000,0.000000,0.000000,0.180361,0.001756,0.038101,0.021826,0.029880,0.008938,0.007450,0.032005,0.001061,0.000760,0.002229,0.023730,0.109512,0.000749,0.024375,0.005271,0.027498,0.000749,0.008169,0.000000,0.000749,0.004641,0.009486,0.000000,0.000000,0.000000,0.000000,0.000000,0.000000,0.000000,0.000000,0.000000,0.000000,0.000000,0.000000,0.000000,0.000000,0.000000
CHG.stay,0.000118,0.000239,0.000000,0.000000,0.000000,0.079788,0.000000,0.000000,0.000000,0.000000,0.096791,0.000196,0.019637,0.007456,0.011956,0.032105,0.000617,0.006155,0.003345,0.006712,0.005707,0.003444,0.113861,0.001631,0.000181,0.019463,0.000231,0.000129,0.002765,0.000000,0.000116,0.001745,0.001252,0.000000,0.000000,0.000000,0.000000,0.000000,0.000000,0.000000,0.000000,0.000000,0.000000,0.000000,0.000000,0.000000,0.000000,0.000000
COG.confusion,0.005093,0.000662,0.000000,0.000000,0.000000,0.458389,0.000000,0.000000,0.000000,0.000000,0.000498,0.005601,0.003134,0.002597,0.049220,0.019926,0.011601,0.003518,0.000499,0.000968,0.012442,0.002355,0.094252,0.000657,0.081756,0.000498,0.006711,0.001938,0.000955,0.000000,0.007933,0.000498,0.016988,0.000000,0.000000,0.000000,0.000000,0.000000,0.000000,0.000000,0.000000,0.000000,0.000000,0.000000,0.000000,0.000000,0.000000,0.000000
COG.enlightenment,0.005718,0.000714,0.000000,0.000000,0.000000,0.106687,0.000000,0.000000,0.000000,0.000000,0.001597,0.016204,0.000779,0.001239,0.124241,0.006323,0.005365,0.000937,0.000342,0.002480,0.000590,0.000997,0.095396,0.002476,0.022095,0.000446,0.054790,0.005498,0.000342,0.000000,0.003609,0.001503,0.001873,0.000000,0.000000,0.000000,0.000000,0.000000,0.000000,0.000000,0.000000,0.000000,0.000000,0.000000,0.000000,0.000000,0.000000,0.000000
COG.forget,0.001788,0.000365,0.000000,0.000000,0.000000,0.523792,0.000000,0.000000,0.000000,0.000000,0.046526,0.074230,0.003474,0.001540,0.029324,0.019767,0.000974,0.000862,0.000334,0.001359,0.009757,0.001172,0.074403,0.001403,0.070365,0.000334,0.007382,0.000334,0.000336,0.000000,0.001045,0.000474,0.013052,0.000000,0.000000,0.000000,0.000000,0.000000,0.000000,0.000000,0.000000,0.000000,0.000000,0.000000,0.000000,0.000000,0.000000,0.000000
COG.ignorance,0.001966,0.000421,0.000000,0.000000,0.000000,0.454627,0.000000,0.000000,0.000000,0.000000,0.000360,0.287472,0.001303,0.000686,0.006532,0.010798,0.002829,0.000963,0.000360,0.000360,0.003592,0.002714,0.065544,0.001384,0.025082,0.000360,0.000676,0.000360,0.000373,0.000000,0.000444,0.000360,0.006955,0.000000,0.000000,0.000000,0.000000,0.000000,0.000000,0.000000,0.000000,0.000000,0.000000,0.000000,0.000000,0.000000,0.000000,0.000000
COG.instinct,0.003579,0.001086,0.000000,0.000000,0.000000,0.344459,0.000000,0.000000,0.000000,0.000000,0.007138,0.000955,0.002815,0.028105,0.038366,0.044379,0.002332,0.000542,0.000324,0.001118,0.002023,0.010139,0.144904,0.001875,0.003354,0.000324,0.002016,0.000437,0.000487,0.000000,0.006256,0.038407,0.000586,0.000000,0.000000,0.000000,0.000000,0.000000,0.000000,0.000000,0.000000,0.000000,0.000000,0.000000,0.000000,0.000000,0.000000,0.000000
COG.intention,0.004347,0.006722,0.000000,0.000000,0.000000,0.249693,0.000000,0.000000,0.000000,0.000000,0.000382,0.031744,0.010789,0.016114,0.196226,0.009809,0.018034,0.003638,0.002111,0.002508,0.000862,0.004806,0.107130,0.000449,0.003882,0.000491,0.015407,0.034920,0.000403,0.000000,0.000422,0.010519,0.002475,0.000000,0.000000,0.000000,0.000000,0.000000,0.000000,0.000000,0.000000,0.000000,0.000000,0.000000,0.000000,0.000000,0.000000,0.000000
COG.know,0.002112,0.000430,0.000000,0.000000,0.000000,0.161369,0.000000,0.000000,0.000000,0.000000,0.018901,0.051279,0.001881,0.002403,0.130634,0.006108,0.005082,0.001154,0.000227,0.008903,0.001958,0.001967,0.064792,0.000937,0.009442,0.000837,0.020150,0.005664,0.000308,0.000000,0.002214,0.001273,0.005513,0.000000,0.000000,0.000000,0.000000,0.000000,0.000000,0.000000,0.000000,0.000000,0.000000,0.000000,0.000000,0.000000,0.000000,0.000000
COG.learn,0.006060,0.002422,0.000000,0.000000,0.000000,0.172740,0.000000,0.000000,0.000000,0.000000,0.018784,0.112746,0.022241,0.006120,0.032610,0.015403,0.016700,0.002161,0.001308,0.001528,0.003841,0.005384,0.051726,0.000482,0.004009,0.007615,0.038415,0.013787,0.000912,0.000000,0.001817,0.000606,0.004034,0.000000,0.000000,0.000000,0.000000,0.000000,0.000000,0.000000,0.000000,0.000000,0.000000,0.000000,0.000000,0.000000,0.000000,0.000000
COG.mindless,0.000265,0.000869,0.000000,0.000000,0.000000,0.546836,0.000000,0.000000,0.000000,0.000000,0.015386,0.012257,0.001968,0.002060,0.034178,0.028992,0.000413,0.001198,0.000234,0.000343,0.004588,0.001373,0.090648,0.001530,0.033411,0.000234,0.000244,0.000234,0.000256,0.000000,0.000234,0.000345,0.000748,0.000000,0.000000,0.000000,0.000000,0.000000,0.000000,0.000000,0.000000,0.000000,0.000000,0.000000,0.000000,0.000000,0.000000,0.000000
COG.remember,0.000493,0.001223,0.000000,0.000000,0.000000,0.323712,0.000000,0.000000,0.000000,0.000000,0.023338,0.172942,0.007284,0.003931,0.095200,0.012054,0.001529,0.000680,0.000523,0.004204,0.001937,0.003705,0.072508,0.001525,0.000263,0.001900,0.004095,0.002910,0.006818,0.000000,0.000241,0.000258,0.005471,0.000000,0.000000,0.000000,0.000000,0.000000,0.000000,0.000000,0.000000,0.000000,0.000000,0.000000,0.000000,0.000000,0.000000,0.000000
COG.separate,0.012357,0.003031,0.000000,0.000000,0.000000,0.053722,0.000000,0.000000,0.000000,0.000000,0.228838,0.012560,0.026788,0.067043,0.007818,0.028382,0.006417,0.006245,0.000868,0.001698,0.002191,0.031896,0.074359,0.000860,0.009382,0.000577,0.033483,0.022833,0.000562,0.000000,0.000611,0.000814,0.003162,0.000000,0.000000,0.000000,0.000000,0.000000,0.000000,0.000000,0.000000,0.000000,0.000000,0.000000,0.000000,0.000000,0.000000,0.000000
COG.think,0.001641,0.001286,0.000000,0.000000,0.000000,0.213573,0.000000,0.000000,0.000000,0.000000,0.002715,0.043777,0.029200,0.017475,0.163658,0.014861,0.007775,0.004185,0.000970,0.008304,0.002060,0.007163,0.076244,0.000875,0.005052,0.012858,0.014503,0.020753,0.000554,0.000000,0.001492,0.000891,0.004195,0.000000,0.000000,0.000000,0.000000,0.000000,0.000000,0.000000,0.000000,0.000000,0.000000,0.000000,0.000000,0.000000,0.000000,0.000000
COG.unlearned,0.003678,0.000737,0.000000,0.000000,0.000000,0.537362,0.000000,0.000000,0.000000,0.000000,0.000419,0.091166,0.000873,0.004007,0.051929,0.024266,0.000769,0.002378,0.000419,0.000707,0.003834,0.002034,0.081339,0.002427,0.037635,0.000419,0.000533,0.000419,0.000419,0.000000,0.000419,0.002510,0.020883,0.000000,0.000000,0.000000,0.000000,0.000000,0.000000,0.000000,0.000000,0.000000,0.000000,0.000000,0.000000,0.000000,0.000000,0.000000
COM.announce,0.006047,0.015092,0.000000,0.000000,0.000000,0.078571,0.000000,0.000000,0.000000,0.000000,0.022562,0.171420,0.019735,0.016049,0.103483,0.001871,0.040057,0.003515,0.000750,0.004199,0.008199,0.012065,0.034198,0.000818,0.032852,0.001256,0.041830,0.017082,0.000924,0.000000,0.001166,0.000844,0.005075,0.000000,0.000000,0.000000,0.000000,0.000000,0.000000,0.000000,0.000000,0.000000,0.000000,0.000000,0.000000,0.000000,0.000000,0.000000
COM.answer,0.007212,0.002010,0.000000,0.000000,0.000000,0.146016,0.000000,0.000000,0.000000,0.000000,0.169181,0.078289,0.030448,0.002844,0.063043,0.006183,0.029764,0.008248,0.000733,0.006069,0.012403,0.006257,0.055787,0.000698,0.015869,0.000815,0.018242,0.007263,0.001409,0.000000,0.005055,0.004027,0.003762,0.000000,0.000000,0.000000,0.000000,0.000000,0.000000,0.000000,0.000000,0.000000,0.000000,0.000000,0.000000,0.000000,0.000000,0.000000
COM.conduct,0.003636,0.006813,0.000000,0.000000,0.000000,0.047677,0.000000,0.000000,0.000000,0.000000,0.081586,0.007975,0.054499,0.054323,0.009729,0.004250,0.034993,0.010644,0.001209,0.004791,0.002678,0.028159,0.049038,0.002278,0.079185,0.009907,0.048867,0.013267,0.007209,0.000000,0.003252,0.001753,0.005896,0.000000,0.000000,0.000000,0.000000,0.000000,0.000000,0.000000,0.000000,0.000000,0.000000,0.000000,0.000000,0.000000,0.000000,0.000000
COM.conflict,0.005063,0.000820,0.000000,0.000000,0.000000,0.090440,0.000000,0.000000,0.000000,0.000000,0.075497,0.007181,0.216192,0.001853,0.027084,0.001436,0.027511,0.005762,0.001007,0.004370,0.013981,0.004179,0.055484,0.000644,0.185448,0.000644,0.004174,0.000821,0.001446,0.000000,0.002652,0.000644,0.010356,0.000000,0.000000,0.000000,0.000000,0.000000,0.000000,0.000000,0.000000,0.000000,0.000000,0.000000,0.000000,0.000000,0.000000,0.000000
COM.cooperate,0.005082,0.007178,0.000000,0.000000,0.000000,0.026912,0.000000,0.000000,0.000000,0.000000,0.000221,0.000221,0.371614,0.022472,0.008266,0.000221,0.009648,0.000670,0.019726,0.024494,0.000221,0.004541,0.135576,0.000754,0.000221,0.022875,0.005051,0.046582,0.000221,0.000000,0.000221,0.000221,0.004249,0.000000,0.000000,0.000000,0.000000,0.000000,0.000000,0.000000,0.000000,0.000000,0.000000,0.000000,0.000000,0.000000,0.000000,0.000000
COM.muteness,0.004385,0.002439,0.000000,0.000000,0.000000,0.608213,0.000000,0.000000,0.000000,0.000000,0.026886,0.001283,0.008786,0.000514,0.039627,0.008902,0.001740,0.000870,0.000269,0.001529,0.001339,0.000674,0.133812,0.001455,0.009890,0.000269,0.001979,0.000377,0.000269,0.000000,0.000384,0.000269,0.002003,0.000000,0.000000,0.000000,0.000000,0.000000,0.000000,0.000000,0.000000,0.000000,0.000000,0.000000,0.000000,0.000000,0.000000,0.000000
COM.practice,0.000936,0.003909,0.000000,0.000000,0.000000,0.106751,0.000000,0.000000,0.000000,0.000000,0.055065,0.005282,0.031668,0.035059,0.033509,0.015453,0.007943,0.004897,0.001092,0.003428,0.006119,0.009128,0.046739,0.000628,0.079088,0.004496,0.020947,0.010230,0.018008,0.000000,0.000645,0.000696,0.003297,0.000000,0.000000,0.000000,0.000000,0.000000,0.000000,0.000000,0.000000,0.000000,0.000000,0.000000,0.000000,0.000000,0.000000,0.000000
COM.question,0.001816,0.001990,0.000000,0.000000,0.000000,0.152963,0.000000,0.000000,0.000000,0.000000,0.003453,0.229403,0.035232,0.004981,0.054214,0.005266,0.034882,0.003534,0.000446,0.003944,0.007168,0.004075,0.043278,0.001287,0.002096,0.000868,0.014973,0.019963,0.000512,0.000000,0.001398,0.000461,0.004321,0.000000,0.000000,0.000000,0.000000,0.000000,0.000000,0.000000,0.000000,0.000000,0.000000,0.000000,0.000000,0.000000,0.000000,0.000000
COM.secret,0.001300,0.001117,0.000000,0.000000,0.000000,0.216835,0.000000,0.000000,0.000000,0.000000,0.061958,0.169347,0.021490,0.003729,0.028109,0.021314,0.018448,0.001986,0.000812,0.002522,0.012948,0.004290,0.102581,0.000921,0.010892,0.016219,0.020689,0.001004,0.000895,0.000000,0.001499,0.000812,0.010014,0.000000,0.000000,0.000000,0.000000,0.000000,0.000000,0.000000,0.000000,0.000000,0.000000,0.000000,0.000000,0.000000,0.000000,0.000000
COM.silence,0.002225,0.001753,0.000000,0.000000,0.000000,0.179859,0.000000,0.000000,0.000000,0.000000,0.120467,0.006180,0.003683,0.001396,0.041974,0.026584,0.009670,0.000477,0.000477,0.005538,0.006058,0.001785,0.129395,0.009476,0.004479,0.001657,0.025250,0.000477,0.000477,0.000000,0.000477,0.002572,0.006456,0.000000,0.000000,0.000000,0.000000,0.000000,0.000000,0.000000,0.000000,0.000000,0.000000,0.000000,0.000000,0.000000,0.000000,0.000000
COM.speak,0.003174,0.001135,0.000000,0.000000,0.000000,0.267767,0.000000,0.000000,0.000000,0.000000,0.060915,0.068555,0.048551,0.008674,0.100846,0.012361,0.017085,0.003681,0.002674,0.006096,0.021952,0.003624,0.044600,0.000511,0.030781,0.003251,0.007646,0.015344,0.001072,0.000000,0.000805,0.000469,0.005178,0.000000,0.000000,0.000000,0.000000,0.000000,0.000000,0.000000,0.000000,0.000000,0.000000,0.000000,0.000000,0.000000,0.000000,0.000000
COM.teach,0.006603,0.004477,0.000000,0.000000,0.000000,0.147954,0.000000,0.000000,0.000000,0.000000,0.010178,0.043587,0.087772,0.014527,0.048044,0.002712,0.043921,0.002915,0.002228,0.006042,0.004086,0.006773,0.070662,0.000624,0.005520,0.006015,0.058222,0.014874,0.000560,0.000000,0.000838,0.000466,0.001600,0.000000,0.000000,0.000000,0.000000,0.000000,0.000000,0.000000,0.000000,0.000000,0.000000,0.000000,0.000000,0.000000,0.000000,0.000000
ECO.buy,0.014900,0.001780,0.000000,0.000000,0.000000,0.138243,0.000000,0.000000,0.000000,0.000000,0.155672,0.003211,0.053420,0.002728,0.011832,0.004790,0.016554,0.007972,0.001057,0.003732,0.005890,0.007468,0.059568,0.000612,0.029814,0.001056,0.024091,0.036347,0.005358,0.000000,0.000612,0.000612,0.003053,0.000000,0.000000,0.000000,0.000000,0.000000,0.000000,0.000000,0.000000,0.000000,0.000000,0.000000,0.000000,0.000000,0.000000,0.000000
ECO.currency,0.005941,0.006768,0.000000,0.000000,0.000000,0.058347,0.000000,0.000000,0.000000,0.000000,0.313169,0.004910,0.003813,0.009147,0.028174,0.004652,0.004376,0.003100,0.001291,0.000756,0.005641,0.007393,0.022281,0.000432,0.006526,0.001826,0.008927,0.002499,0.000470,0.000000,0.000432,0.001047,0.001552,0.000000,0.000000,0.000000,0.000000,0.000000,0.000000,0.000000,0.000000,0.000000,0.000000,0.000000,0.000000,0.000000,0.000000,0.000000
ECO.earn,0.005468,0.001551,0.000000,0.000000,0.000000,0.191235,0.000000,0.000000,0.000000,0.000000,0.100118,0.025165,0.012072,0.006613,0.031389,0.010464,0.004803,0.010417,0.000407,0.002425,0.005565,0.007177,0.048604,0.000634,0.019283,0.002582,0.003251,0.037400,0.004440,0.000000,0.002151,0.000406,0.013876,0.000000,0.000000,0.000000,0.000000,0.000000,0.000000,0.000000,0.000000,0.000000,0.000000,0.000000,0.000000,0.000000,0.000000,0.000000
ECO.income,0.002058,0.001876,0.000000,0.000000,0.000000,0.194305,0.000000,0.000000,0.000000,0.000000,0.071981,0.050733,0.009704,0.012938,0.042305,0.003425,0.003420,0.005851,0.000681,0.002925,0.003259,0.006483,0.038243,0.000311,0.013979,0.001205,0.003736,0.018906,0.008805,0.000000,0.002749,0.002734,0.003916,0.000000,0.000000,0.000000,0.000000,0.000000,0.000000,0.000000,0.000000,0.000000,0.000000,0.000000,0.000000,0.000000,0.000000,0.000000
ECO.loss,0.003328,0.000941,0.000000,0.000000,0.000000,0.126348,0.000000,0.000000,0.000000,0.000000,0.071535,0.028508,0.030749,0.007086,0.069437,0.000795,0.020530,0.015893,0.000864,0.001822,0.001894,0.006729,0.102083,0.004257,0.299010,0.000461,0.009246,0.000864,0.000461,0.000000,0.000461,0.000461,0.021024,0.000000,0.000000,0.000000,0.000000,0.000000,0.000000,0.000000,0.000000,0.000000,0.000000,0.000000,0.000000,0.000000,0.000000,0.000000
ECO.money,0.001418,0.003682,0.000000,0.000000,0.000000,0.063520,0.000000,0.000000,0.000000,0.000000,0.189967,0.013741,0.028408,0.022917,0.050149,0.004452,0.012774,0.006993,0.000653,0.001674,0.007399,0.011273,0.053669,0.000393,0.019127,0.001324,0.003618,0.011509,0.001685,0.000000,0.000393,0.000887,0.003709,0.000000,0.000000,0.000000,0.000000,0.000000,0.000000,0.000000,0.000000,0.000000,0.000000,0.000000,0.000000,0.000000,0.000000,0.000000
ECO.pay,0.001289,0.001047,0.000000,0.000000,0.000000,0.132994,0.000000,0.000000,0.000000,0.000000,0.068728,0.003488,0.078924,0.009272,0.043664,0.001986,0.009719,0.010640,0.000674,0.002268,0.004186,0.007822,0.059657,0.000489,0.059394,0.002027,0.003809,0.013982,0.007790,0.000000,0.000488,0.001181,0.003785,0.000000,0.000000,0.000000,0.000000,0.000000,0.000000,0.000000,0.000000,0.000000,0.000000,0.000000,0.000000,0.000000,0.000000,0.000000
ECO.price,0.001932,0.002728,0.000000,0.000000,0.000000,0.085978,0.000000,0.000000,0.000000,0.000000,0.057094,0.079093,0.019731,0.008250,0.101109,0.007411,0.009501,0.005594,0.000729,0.001954,0.007489,0.006278,0.077264,0.000649,0.039135,0.002694,0.003753,0.007223,0.002105,0.000000,0.001965,0.000509,0.012356,0.000000,0.000000,0.000000,0.000000,0.000000,0.000000,0.000000,0.000000,0.000000,0.000000,0.000000,0.000000,0.000000,0.000000,0.000000
ECO.save,0.001123,0.001651,0.000000,0.000000,0.000000,0.160790,0.000000,0.000000,0.000000,0.000000,0.124327,0.079298,0.003991,0.011677,0.019083,0.021329,0.004656,0.004456,0.000660,0.000880,0.002675,0.003685,0.045921,0.000549,0.007180,0.007162,0.004133,0.008955,0.003909,0.000000,0.000549,0.000780,0.001274,0.000000,0.000000,0.000000,0.000000,0.000000,0.000000,0.000000,0.000000,0.000000,0.000000,0.000000,0.000000,0.000000,0.000000,0.000000
ECO.sell,0.001017,0.001740,0.000000,0.000000,0.000000,0.136562,0.000000,0.000000,0.000000,0.000000,0.149112,0.010157,0.067211,0.011403,0.028478,0.008558,0.012616,0.011284,0.001901,0.002930,0.007342,0.011264,0.066830,0.000618,0.033731,0.002940,0.010381,0.010735,0.000753,0.000000,0.000968,0.000473,0.004321,0.000000,0.000000,0.000000,0.000000,0.000000,0.000000,0.000000,0.000000,0.000000,0.000000,0.000000,0.000000,0.000000,0.000000,0.000000
ECO.waste,0.000857,0.000557,0.000000,0.000000,0.000000,0.054217,0.000000,0.000000,0.000000,0.000000,0.495687,0.000619,0.001163,0.001477,0.022316,0.004852,0.003839,0.007561,0.000527,0.002443,0.004451,0.004181,0.039695,0.000514,0.155786,0.000514,0.001843,0.001404,0.003268,0.000000,0.000514,0.003173,0.003347,0.000000,0.000000,0.000000,0.000000,0.000000,0.000000,0.000000,0.000000,0.000000,0.000000,0.000000,0.000000,0.000000,0.000000,0.000000
ECO.withdraw,0.000537,0.000661,0.000000,0.000000,0.000000,0.210251,0.000000,0.000000,0.000000,0.000000,0.071049,0.028548,0.022462,0.003644,0.018867,0.036330,0.007044,0.006752,0.000528,0.000815,0.006024,0.008649,0.031606,0.000527,0.009272,0.001467,0.014679,0.001457,0.000892,0.000000,0.000527,0.000527,0.008042,0.000000,0.000000,0.000000,0.000000,0.000000,0.000000,0.000000,0.000000,0.000000,0.000000,0.000000,0.000000,0.000000,0.000000,0.000000
ELM.darkness,0.002175,0.000687,0.000000,0.000000,0.000000,0.020741,0.000000,0.000000,0.000000,0.000000,0.318752,0.000409,0.003986,0.003318,0.027743,0.007961,0.006461,0.002381,0.000566,0.001597,0.003517,0.004646,0.111500,0.005175,0.103505,0.000553,0.005268,0.000839,0.005584,0.000000,0.000470,0.000435,0.004342,0.000000,0.000000,0.000000,0.000000,0.000000,0.000000,0.000000,0.000000,0.000000,0.000000,0.000000,0.000000,0.000000,0.000000,0.000000
ELM.earth,0.000669,0.001161,0.000000,0.000000,0.000000,0.001778,0.000000,0.000000,0.000000,0.000000,0.631906,0.000253,0.000839,0.003096,0.005185,0.005520,0.003126,0.002082,0.000343,0.003503,0.003773,0.002850,0.017860,0.000466,0.015089,0.000897,0.004514,0.003839,0.001086,0.000000,0.000251,0.001736,0.002172,0.000000,0.000000,0.000000,0.000000,0.000000,0.000000,0.000000,0.000000,0.000000,0.000000,0.000000,0.000000,0.000000,0.000000,0.000000
ELM.fire,0.024544,0.001696,0.000000,0.000000,0.000000,0.037013,0.000000,0.000000,0.000000,0.000000,0.449390,0.000411,0.002542,0.001958,0.007297,0.001591,0.026148,0.006001,0.003292,0.003390,0.004612,0.003035,0.043511,0.000358,0.097187,0.000436,0.015054,0.006385,0.000774,0.000000,0.001459,0.000358,0.007321,0.000000,0.000000,0.000000,0.000000,0.000000,0.000000,0.000000,0.000000,0.000000,0.000000,0.000000,0.000000,0.000000,0.000000,0.000000
ELM.light,0.003336,0.000428,0.000000,0.000000,0.000000,0.029539,0.000000,0.000000,0.000000,0.000000,0.276005,0.000331,0.000975,0.002245,0.010467,0.008356,0.006806,0.000634,0.000365,0.001676,0.015713,0.003267,0.047085,0.000643,0.007689,0.000959,0.004261,0.006668,0.007739,0.000000,0.000940,0.001059,0.003345,0.000000,0.000000,0.000000,0.000000,0.000000,0.000000,0.000000,0.000000,0.000000,0.000000,0.000000,0.000000,0.000000,0.000000,0.000000
ELM.moon,0.003585,0.000218,0.000000,0.000000,0.000000,0.118360,0.000000,0.000000,0.000000,0.000000,0.138952,0.000218,0.003337,0.005853,0.028687,0.000641,0.005340,0.000705,0.000218,0.002785,0.001426,0.003065,0.076927,0.000218,0.000218,0.000218,0.002819,0.000896,0.082806,0.000000,0.000218,0.001679,0.001256,0.000000,0.000000,0.000000,0.000000,0.000000,0.000000,0.000000,0.000000,0.000000,0.000000,0.000000,0.000000,0.000000,0.000000,0.000000
ELM.morning,0.067967,0.000663,0.000000,0.000000,0.000000,0.017331,0.000000,0.000000,0.000000,0.000000,0.098530,0.001439,0.001620,0.007418,0.037781,0.002030,0.014574,0.002016,0.000687,0.001725,0.010988,0.012635,0.054182,0.001430,0.000408,0.000435,0.006919,0.004684,0.113366,0.000000,0.000973,0.042647,0.008369,0.000000,0.000000,0.000000,0.000000,0.000000,0.000000,0.000000,0.000000,0.000000,0.000000,0.000000,0.000000,0.000000,0.000000,0.000000
ELM.night,0.001482,0.001619,0.000000,0.000000,0.000000,0.011630,0.000000,0.000000,0.000000,0.000000,0.168279,0.000423,0.008257,0.004740,0.028456,0.003799,0.004995,0.000433,0.000661,0.002305,0.000719,0.006309,0.080803,0.000541,0.013610,0.006526,0.004269,0.000414,0.112160,0.000000,0.001646,0.014045,0.000417,0.000000,0.000000,0.000000,0.000000,0.000000,0.000000,0.000000,0.000000,0.000000,0.000000,0.000000,0.000000,0.000000,0.000000,0.000000
ELM.sky,0.000931,0.001118,0.000000,0.000000,0.000000,0.033692,0.000000,0.000000,0.000000,0.000000,0.189997,0.010327,0.001493,0.009019,0.051691,0.014458,0.004593,0.000457,0.000297,0.009671,0.004888,0.004957,0.046387,0.007178,0.004356,0.007015,0.010858,0.000899,0.001983,0.000000,0.000304,0.005304,0.002157,0.000000,0.000000,0.000000,0.000000,0.000000,0.000000,0.000000,0.000000,0.000000,0.000000,0.000000,0.000000,0.000000,0.000000,0.000000
ELM.star,0.016877,0.001044,0.000000,0.000000,0.000000,0.040798,0.000000,0.000000,0.000000,0.000000,0.185698,0.001026,0.016080,0.005033,0.036297,0.017695,0.012624,0.000423,0.000184,0.010567,0.000723,0.001094,0.048959,0.000520,0.001886,0.000432,0.011761,0.003875,0.003829,0.000000,0.001114,0.001104,0.001854,0.000000,0.000000,0.000000,0.000000,0.000000,0.000000,0.000000,0.000000,0.000000,0.000000,0.000000,0.000000,0.000000,0.000000,0.000000
ELM.sun,0.005146,0.000657,0.000000,0.000000,0.000000,0.001680,0.000000,0.000000,0.000000,0.000000,0.145339,0.002010,0.002321,0.007747,0.023703,0.035111,0.013457,0.001035,0.001750,0.002982,0.005446,0.002235,0.064904,0.006931,0.001006,0.002062,0.003014,0.016510,0.058718,0.000000,0.000413,0.006792,0.000427,0.000000,0.000000,0.000000,0.000000,0.000000,0.000000,0.000000,0.000000,0.000000,0.000000,0.000000,0.000000,0.000000,0.000000,0.000000
ELM.water,0.002364,0.000701,0.000000,0.000000,0.000000,0.024350,0.000000,0.000000,0.000000,0.000000,0.539020,0.000919,0.003074,0.003618,0.009143,0.002398,0.007498,0.002012,0.000511,0.002467,0.009896,0.002834,0.049753,0.001352,0.007663,0.001067,0.010423,0.004225,0.007650,0.000000,0.000460,0.002799,0.005587,0.000000,0.000000,0.000000,0.000000,0.000000,0.000000,0.000000,0.000000,0.000000,0.000000,0.000000,0.000000,0.000000,0.000000,0.000000
ELM.wind,0.001825,0.000457,0.000000,0.000000,0.000000,0.036000,0.000000,0.000000,0.000000,0.000000,0.553363,0.001498,0.003078,0.006076,0.013188,0.003755,0.015470,0.001656,0.000886,0.004812,0.008456,0.006985,0.036273,0.001429,0.006630,0.000540,0.004134,0.005385,0.005923,0.000000,0.001124,0.000403,0.006118,0.000000,0.000000,0.000000,0.000000,0.000000,0.000000,0.000000,0.000000,0.000000,0.000000,0.000000,0.000000,0.000000,0.000000,0.000000
EMO.anger,0.004243,0.000246,0.000000,0.000000,0.000000,0.280086,0.000000,0.000000,0.000000,0.000000,0.005038,0.000219,0.024919,0.000369,0.049167,0.000999,0.026271,0.001022,0.000281,0.002652,0.002969,0.000360,0.108608,0.000195,0.247069,0.000191,0.000619,0.000336,0.000385,0.000000,0.000949,0.000191,0.009189,0.000000,0.000000,0.000000,0.000000,0.000000,0.000000,0.000000,0.000000,0.000000,0.000000,0.000000,0.000000,0.000000,0.000000,0.000000
EMO.anxiety,0.003362,0.000819,0.000000,0.000000,0.000000,0.398422,0.000000,0.000000,0.000000,0.000000,0.005787,0.000372,0.007389,0.001079,0.041767,0.018301,0.005931,0.002116,0.000298,0.002272,0.005578,0.000578,0.104395,0.003960,0.068476,0.000505,0.002339,0.000318,0.001151,0.000000,0.001462,0.000477,0.026757,0.000000,0.000000,0.000000,0.000000,0.000000,0.000000,0.000000,0.000000,0.000000,0.000000,0.000000,0.000000,0.000000,0.000000,0.000000
EMO.apology,0.001377,0.000253,0.000000,0.000000,0.000000,0.342278,0.000000,0.000000,0.000000,0.000000,0.000192,0.002832,0.139216,0.000609,0.064555,0.001211,0.009628,0.000476,0.000192,0.005150,0.001813,0.000486,0.102827,0.000192,0.000192,0.000471,0.014233,0.001520,0.000192,0.000000,0.000192,0.000253,0.002660,0.000000,0.000000,0.000000,0.000000,0.000000,0.000000,0.000000,0.000000,0.000000,0.000000,0.000000,0.000000,0.000000,0.000000,0.000000
EMO.compassion,0.001152,0.000696,0.000000,0.000000,0.000000,0.141771,0.000000,0.000000,0.000000,0.000000,0.000388,0.000423,0.099848,0.000964,0.087588,0.000966,0.012493,0.001022,0.000344,0.017913,0.000387,0.001697,0.163436,0.000464,0.017252,0.028701,0.017913,0.002613,0.000344,0.000000,0.000519,0.000344,0.006732,0.000000,0.000000,0.000000,0.000000,0.000000,0.000000,0.000000,0.000000,0.000000,0.000000,0.000000,0.000000,0.000000,0.000000,0.000000
EMO.contempt,0.000263,0.000817,0.000000,0.000000,0.000000,0.346768,0.000000,0.000000,0.000000,0.000000,0.022788,0.000331,0.066611,0.000287,0.119317,0.019889,0.004706,0.000288,0.000137,0.001371,0.009050,0.000498,0.061998,0.000137,0.150935,0.000137,0.000387,0.000137,0.000137,0.000000,0.000137,0.000137,0.002080,0.000000,0.000000,0.000000,0.000000,0.000000,0.000000,0.000000,0.000000,0.000000,0.000000,0.000000,0.000000,0.000000,0.000000,0.000000
EMO.courage,0.001491,0.000399,0.000000,0.000000,0.000000,0.332436,0.000000,0.000000,0.000000,0.000000,0.007879,0.000426,0.002287,0.000656,0.124000,0.012293,0.011482,0.000487,0.000310,0.004227,0.005506,0.000711,0.208137,0.001291,0.045521,0.000354,0.032061,0.001199,0.000326,0.000000,0.000659,0.000331,0.008139,0.000000,0.000000,0.000000,0.000000,0.000000,0.000000,0.000000,0.000000,0.000000,0.000000,0.000000,0.000000,0.000000,0.000000,0.000000
EMO.desire,0.007869,0.000442,0.000000,0.000000,0.000000,0.419918,0.000000,0.000000,0.000000,0.000000,0.004652,0.000672,0.013879,0.000487,0.079872,0.008216,0.013981,0.001392,0.000292,0.004580,0.004705,0.000750,0.099233,0.001651,0.029634,0.003364,0.013078,0.005548,0.001014,0.000000,0.003455,0.000280,0.006598,0.000000,0.000000,0.000000,0.000000,0.000000,0.000000,0.000000,0.000000,0.000000,0.000000,0.000000,0.000000,0.000000,0.000000,0.000000
EMO.despair,0.001770,0.000577,0.000000,0.000000,0.000000,0.263908,0.000000,0.000000,0.000000,0.000000,0.001323,0.000103,0.001025,0.000211,0.062877,0.010852,0.001269,0.000828,0.000099,0.001203,0.000113,0.000400,0.150627,0.025174,0.318637,0.000098,0.000343,0.000098,0.000111,0.000000,0.000172,0.000621,0.002863,0.000000,0.000000,0.000000,0.000000,0.000000,0.000000,0.000000,0.000000,0.000000,0.000000,0.000000,0.000000,0.000000,0.000000,0.000000
EMO.dislike,0.000924,0.000474,0.000000,0.000000,0.000000,0.363233,0.000000,0.000000,0.000000,0.000000,0.013735,0.000214,0.056894,0.000345,0.121128,0.006114,0.009511,0.001130,0.000206,0.001781,0.000858,0.000568,0.081224,0.000441,0.092581,0.000206,0.001609,0.000235,0.000217,0.000000,0.000216,0.000206,0.002361,0.000000,0.000000,0.000000,0.000000,0.000000,0.000000,0.000000,0.000000,0.000000,0.000000,0.000000,0.000000,0.000000,0.000000,0.000000
EMO.doubt,0.001922,0.000555,0.000000,0.000000,0.000000,0.434496,0.000000,0.000000,0.000000,0.000000,0.000481,0.004022,0.038165,0.000637,0.087904,0.024432,0.012476,0.002110,0.000490,0.001636,0.003339,0.001335,0.097975,0.001461,0.010637,0.000481,0.005256,0.000702,0.001897,0.000000,0.001599,0.000481,0.014246,0.000000,0.000000,0.000000,0.000000,0.000000,0.000000,0.000000,0.000000,0.000000,0.000000,0.000000,0.000000,0.000000,0.000000,0.000000
EMO.fear,0.007006,0.000591,0.000000,0.000000,0.000000,0.313546,0.000000,0.000000,0.000000,0.000000,0.054818,0.001020,0.011153,0.000954,0.028954,0.010558,0.024517,0.002943,0.000675,0.001505,0.006909,0.000925,0.098960,0.002900,0.103998,0.000421,0.001832,0.000421,0.000617,0.000000,0.005815,0.000566,0.013800,0.000000,0.000000,0.000000,0.000000,0.000000,0.000000,0.000000,0.000000,0.000000,0.000000,0.000000,0.000000,0.000000,0.000000,0.000000
EMO.forgiveness,0.001113,0.002051,0.000000,0.000000,0.000000,0.158911,0.000000,0.000000,0.000000,0.000000,0.000237,0.000286,0.171318,0.000452,0.051499,0.000237,0.008848,0.000237,0.000237,0.020254,0.000237,0.000259,0.145104,0.001329,0.000237,0.007589,0.065676,0.004830,0.000237,0.000000,0.000357,0.000237,0.002285,0.000000,0.000000,0.000000,0.000000,0.000000,0.000000,0.000000,0.000000,0.000000,0.000000,0.000000,0.000000,0.000000,0.000000,0.000000
EMO.happiness,0.000956,0.001212,0.000000,0.000000,0.000000,0.270380,0.000000,0.000000,0.000000,0.000000,0.026718,0.000465,0.016785,0.000558,0.139152,0.003433,0.016961,0.001018,0.000792,0.010524,0.008254,0.005768,0.105871,0.000650,0.001411,0.006545,0.017400,0.002623,0.000459,0.000000,0.000889,0.000377,0.003880,0.000000,0.000000,0.000000,0.000000,0.000000,0.000000,0.000000,0.000000,0.000000,0.000000,0.000000,0.000000,0.000000,0.000000,0.000000
EMO.hate,0.000200,0.001249,0.000000,0.000000,0.000000,0.236445,0.000000,0.000000,0.000000,0.000000,0.000133,0.000153,0.055940,0.001786,0.068357,0.001603,0.006316,0.001551,0.000145,0.003751,0.000172,0.000986,0.081321,0.000956,0.367747,0.000133,0.000782,0.000140,0.000133,0.000000,0.000142,0.000133,0.002365,0.000000,0.000000,0.000000,0.000000,0.000000,0.000000,0.000000,0.000000,0.000000,0.000000,0.000000,0.000000,0.000000,0.000000,0.000000
EMO.hope,0.009343,0.000718,0.000000,0.000000,0.000000,0.353934,0.000000,0.000000,0.000000,0.000000,0.006918,0.000628,0.019706,0.000485,0.177117,0.008609,0.021417,0.000644,0.000485,0.004635,0.011509,0.001451,0.127813,0.000903,0.006441,0.003558,0.015988,0.008529,0.000485,0.000000,0.002168,0.000485,0.004178,0.000000,0.000000,0.000000,0.000000,0.000000,0.000000,0.000000,0.000000,0.000000,0.000000,0.000000,0.000000,0.000000,0.000000,0.000000
EMO.joy,0.003393,0.000625,0.000000,0.000000,0.000000,0.289826,0.000000,0.000000,0.000000,0.000000,0.004531,0.000310,0.006277,0.000275,0.096133,0.014481,0.019797,0.000618,0.000516,0.007532,0.006606,0.000462,0.124883,0.000384,0.009115,0.007478,0.009463,0.004755,0.000274,0.000000,0.003732,0.000274,0.005234,0.000000,0.000000,0.000000,0.000000,0.000000,0.000000,0.000000,0.000000,0.000000,0.000000,0.000000,0.000000,0.000000,0.000000,0.000000
EMO.like,0.000430,0.001273,0.000000,0.000000,0.000000,0.380370,0.000000,0.000000,0.000000,0.000000,0.019257,0.001816,0.083106,0.000621,0.130605,0.032939,0.001584,0.000658,0.000406,0.022908,0.013269,0.010403,0.046198,0.000432,0.003214,0.010392,0.001093,0.003050,0.000432,0.000000,0.000466,0.000406,0.002402,0.000000,0.000000,0.000000,0.000000,0.000000,0.000000,0.000000,0.000000,0.000000,0.000000,0.000000,0.000000,0.000000,0.000000,0.000000
EMO.love,0.006023,0.000506,0.000000,0.000000,0.000000,0.197645,0.000000,0.000000,0.000000,0.000000,0.000389,0.000208,0.258633,0.000328,0.025132,0.000455,0.003326,0.000156,0.000437,0.037933,0.002693,0.000482,0.142293,0.001214,0.003002,0.021232,0.007365,0.003156,0.000152,0.000000,0.001526,0.000152,0.003073,0.000000,0.000000,0.000000,0.000000,0.000000,0.000000,0.000000,0.000000,0.000000,0.000000,0.000000,0.000000,0.000000,0.000000,0.000000
EMO.manifest,0.002462,0.001315,0.000000,0.000000,0.000000,0.149896,0.000000,0.000000,0.000000,0.000000,0.111646,0.026510,0.020738,0.005320,0.080848,0.010891,0.019140,0.001054,0.000537,0.009496,0.030330,0.003400,0.081644,0.000685,0.004786,0.003058,0.014914,0.002148,0.005785,0.000000,0.000633,0.000537,0.006119,0.000000,0.000000,0.000000,0.000000,0.000000,0.000000,0.000000,0.000000,0.000000,0.000000,0.000000,0.000000,0.000000,0.000000,0.000000
EMO.patience,0.007475,0.002270,0.000000,0.000000,0.000000,0.314552,0.000000,0.000000,0.000000,0.000000,0.040890,0.000871,0.004299,0.002071,0.049622,0.027453,0.001555,0.002255,0.000304,0.001226,0.000307,0.001183,0.118007,0.004214,0.027654,0.008266,0.001788,0.000276,0.001255,0.000000,0.000356,0.009928,0.005930,0.000000,0.000000,0.000000,0.000000,0.000000,0.000000,0.000000,0.000000,0.000000,0.000000,0.000000,0.000000,0.000000,0.000000,0.000000
EMO.pleasure,0.000597,0.000228,0.000000,0.000000,0.000000,0.276262,0.000000,0.000000,0.000000,0.000000,0.021781,0.000290,0.026647,0.000220,0.062491,0.004402,0.015936,0.000440,0.000418,0.003511,0.003338,0.000321,0.081083,0.000388,0.029162,0.009574,0.016370,0.003286,0.000440,0.000000,0.000666,0.000213,0.005722,0.000000,0.000000,0.000000,0.000000,0.000000,0.000000,0.000000,0.000000,0.000000,0.000000,0.000000,0.000000,0.000000,0.000000,0.000000
EMO.pride,0.000585,0.000924,0.000000,0.000000,0.000000,0.462328,0.000000,0.000000,0.000000,0.000000,0.013567,0.000591,0.021267,0.000326,0.139684,0.011375,0.002997,0.000715,0.000255,0.001347,0.010041,0.000338,0.069734,0.000739,0.092826,0.000763,0.003918,0.000721,0.000255,0.000000,0.000255,0.000255,0.002347,0.000000,0.000000,0.000000,0.000000,0.000000,0.000000,0.000000,0.000000,0.000000,0.000000,0.000000,0.000000,0.000000,0.000000,0.000000
EMO.respect,0.002982,0.015978,0.000000,0.000000,0.000000,0.184355,0.000000,0.000000,0.000000,0.000000,0.124478,0.009959,0.092940,0.002931,0.141447,0.002264,0.014638,0.000525,0.000615,0.007055,0.001091,0.002608,0.107418,0.000409,0.011543,0.007311,0.006197,0.003146,0.000444,0.000000,0.000409,0.000409,0.001828,0.000000,0.000000,0.000000,0.000000,0.000000,0.000000,0.000000,0.000000,0.000000,0.000000,0.000000,0.000000,0.000000,0.000000,0.000000
EMO.satisfaction,0.005892,0.001546,0.000000,0.000000,0.000000,0.304643,0.000000,0.000000,0.000000,0.000000,0.003551,0.001867,0.032492,0.001230,0.130008,0.003380,0.015318,0.002237,0.000486,0.013697,0.001096,0.001231,0.120348,0.001209,0.008540,0.010099,0.023291,0.006885,0.000387,0.000000,0.000413,0.000475,0.009489,0.000000,0.000000,0.000000,0.000000,0.000000,0.000000,0.000000,0.000000,0.000000,0.000000,0.000000,0.000000,0.000000,0.000000,0.000000
EMO.shame,0.005307,0.000469,0.000000,0.000000,0.000000,0.273270,0.000000,0.000000,0.000000,0.000000,0.007887,0.000412,0.035456,0.000724,0.065753,0.002009,0.006637,0.002206,0.000220,0.002162,0.001502,0.002776,0.094643,0.001493,0.128988,0.000220,0.001679,0.000220,0.000483,0.000000,0.000220,0.000263,0.004526,0.000000,0.000000,0.000000,0.000000,0.000000,0.000000,0.000000,0.000000,0.000000,0.000000,0.000000,0.000000,0.000000,0.000000,0.000000
EMO.sorrow,0.001779,0.000734,0.000000,0.000000,0.000000,0.273534,0.000000,0.000000,0.000000,0.000000,0.004892,0.000353,0.008692,0.000400,0.090293,0.005062,0.003436,0.001282,0.000346,0.004681,0.000383,0.000427,0.162067,0.003438,0.066973,0.000346,0.004808,0.000352,0.000389,0.000000,0.003078,0.000346,0.004848,0.000000,0.000000,0.000000,0.000000,0.000000,0.000000,0.000000,0.000000,0.000000,0.000000,0.000000,0.000000,0.000000,0.000000,0.000000
EMO.trust,0.000230,0.007748,0.000000,0.000000,0.000000,0.213395,0.000000,0.000000,0.000000,0.000000,0.001163,0.000552,0.282496,0.008190,0.051403,0.001221,0.003987,0.001194,0.000194,0.014538,0.000449,0.001163,0.137744,0.000228,0.032542,0.007610,0.001803,0.000279,0.000194,0.000000,0.000194,0.005226,0.004696,0.000000,0.000000,0.000000,0.000000,0.000000,0.000000,0.000000,0.000000,0.000000,0.000000,0.000000,0.000000,0.000000,0.000000,0.000000
EMO.unhappiness,0.001168,0.000575,0.000000,0.000000,0.000000,0.322715,0.000000,0.000000,0.000000,0.000000,0.006430,0.000224,0.013888,0.000359,0.075782,0.009541,0.005639,0.001060,0.000212,0.001560,0.000397,0.000735,0.127438,0.004639,0.160659,0.000187,0.001522,0.000187,0.000196,0.000000,0.000190,0.000187,0.005003,0.000000,0.000000,0.000000,0.000000,0.000000,0.000000,0.000000,0.000000,0.000000,0.000000,0.000000,0.000000,0.000000,0.000000,0.000000
EMO.wish,0.002873,0.001300,0.000000,0.000000,0.000000,0.405602,0.000000,0.000000,0.000000,0.000000,0.022850,0.000807,0.029755,0.002114,0.092677,0.006540,0.032213,0.002310,0.000522,0.003043,0.002180,0.001073,0.090561,0.001804,0.038864,0.000760,0.010337,0.008151,0.000524,0.000000,0.000898,0.000558,0.016915,0.000000,0.000000,0.000000,0.000000,0.000000,0.000000,0.000000,0.000000,0.000000,0.000000,0.000000,0.000000,0.000000,0.000000,0.000000
EMO.worry,0.001313,0.000889,0.000000,0.000000,0.000000,0.378470,0.000000,0.000000,0.000000,0.000000,0.004363,0.001649,0.016060,0.002098,0.064847,0.002968,0.014431,0.004169,0.000446,0.003646,0.000996,0.002066,0.083398,0.000950,0.168394,0.000936,0.002060,0.000469,0.003252,0.000000,0.000962,0.000410,0.011748,0.000000,0.000000,0.000000,0.000000,0.000000,0.000000,0.000000,0.000000,0.000000,0.000000,0.000000,0.000000,0.000000,0.000000,0.000000
EXS.absence,0.000875,0.000645,0.000000,0.000000,0.000000,0.375669,0.000000,0.000000,0.000000,0.000000,0.053334,0.006255,0.022994,0.012518,0.062031,0.015719,0.005037,0.003654,0.000645,0.002425,0.018224,0.003417,0.127856,0.039019,0.022715,0.000645,0.004994,0.001193,0.000744,0.000000,0.000645,0.000645,0.010140,0.000000,0.000000,0.000000,0.000000,0.000000,0.000000,0.000000,0.000000,0.000000,0.000000,0.000000,0.000000,0.000000,0.000000,0.000000
EXS.being,0.019718,0.001825,0.000000,0.000000,0.000000,0.066487,0.000000,0.000000,0.000000,0.000000,0.088142,0.005613,0.023150,0.009255,0.043759,0.014043,0.010878,0.002815,0.001464,0.008377,0.008978,0.002070,0.053436,0.218886,0.038495,0.003610,0.020438,0.021559,0.002874,0.000000,0.002769,0.017705,0.007695,0.000000,0.000000,0.000000,0.000000,0.000000,0.000000,0.000000,0.000000,0.000000,0.000000,0.000000,0.000000,0.000000,0.000000,0.000000
EXS.death,0.003476,0.000535,0.000000,0.000000,0.000000,0.122838,0.000000,0.000000,0.000000,0.000000,0.100868,0.001494,0.000976,0.000195,0.036087,0.021767,0.004547,0.001211,0.000109,0.000887,0.000109,0.000214,0.086657,0.102748,0.161857,0.000109,0.009571,0.001676,0.000109,0.000000,0.002779,0.066538,0.003788,0.000000,0.000000,0.000000,0.000000,0.000000,0.000000,0.000000,0.000000,0.000000,0.000000,0.000000,0.000000,0.000000,0.000000,0.000000
EXS.life,0.000262,0.000101,0.000000,0.000000,0.000000,0.116412,0.000000,0.000000,0.000000,0.000000,0.119559,0.000101,0.006442,0.007672,0.027249,0.006285,0.002556,0.000422,0.000101,0.003069,0.000101,0.000558,0.187273,0.053283,0.017197,0.000101,0.003040,0.008607,0.000101,0.000000,0.000101,0.001072,0.026194,0.000000,0.000000,0.000000,0.000000,0.000000,0.000000,0.000000,0.000000,0.000000,0.000000,0.000000,0.000000,0.000000,0.000000,0.000000
EXS.matter,0.002069,0.003275,0.000000,0.000000,0.000000,0.019189,0.000000,0.000000,0.000000,0.000000,0.644637,0.000373,0.001672,0.007224,0.002796,0.006698,0.006368,0.000926,0.000151,0.000555,0.005450,0.002368,0.034099,0.001271,0.017543,0.001451,0.015475,0.007040,0.000268,0.000000,0.000146,0.005432,0.002097,0.000000,0.000000,0.000000,0.000000,0.000000,0.000000,0.000000,0.000000,0.000000,0.000000,0.000000,0.000000,0.000000,0.000000,0.000000
EXS.nonbeing,0.001157,0.001952,0.000000,0.000000,0.000000,0.007720,0.000000,0.000000,0.000000,0.000000,0.008842,0.006222,0.002938,0.002010,0.097959,0.070824,0.003658,0.001436,0.000791,0.001713,0.001609,0.002490,0.079070,0.367666,0.033452,0.000791,0.004174,0.001204,0.000791,0.000000,0.001026,0.042399,0.007657,0.000000,0.000000,0.000000,0.000000,0.000000,0.000000,0.000000,0.000000,0.000000,0.000000,0.000000,0.000000,0.000000,0.000000,0.000000
EXS.physical_body,0.000681,0.000174,0.000000,0.000000,0.000000,0.175171,0.000000,0.000000,0.000000,0.000000,0.409749,0.000436,0.001114,0.021586,0.000135,0.008457,0.000175,0.000049,0.000029,0.000051,0.000140,0.005949,0.112177,0.003693,0.000026,0.000073,0.005657,0.001404,0.000133,0.000000,0.000023,0.009575,0.000256,0.000000,0.000000,0.000000,0.000000,0.000000,0.000000,0.000000,0.000000,0.000000,0.000000,0.000000,0.000000,0.000000,0.000000,0.000000
EXS.presence,0.000827,0.000461,0.000000,0.000000,0.000000,0.052039,0.000000,0.000000,0.000000,0.000000,0.186273,0.004653,0.036021,0.004403,0.067456,0.020868,0.002784,0.000607,0.000890,0.013634,0.004428,0.003477,0.129850,0.023129,0.001275,0.002524,0.007874,0.001132,0.000664,0.000000,0.000406,0.012335,0.002647,0.000000,0.000000,0.000000,0.000000,0.000000,0.000000,0.000000,0.000000,0.000000,0.000000,0.000000,0.000000,0.000000,0.000000,0.000000
EXS.spirit,0.004203,0.005636,0.000000,0.000000,0.000000,0.217187,0.000000,0.000000,0.000000,0.000000,0.000294,0.000523,0.001966,0.001057,0.106544,0.012357,0.005213,0.000563,0.000467,0.014037,0.000294,0.000325,0.190265,0.021111,0.008977,0.002017,0.036318,0.001442,0.000294,0.000000,0.004040,0.001733,0.002813,0.000000,0.000000,0.000000,0.000000,0.000000,0.000000,0.000000,0.000000,0.000000,0.000000,0.000000,0.000000,0.000000,0.000000,0.000000
EXS.vitality,0.011173,0.005270,0.000000,0.000000,0.000000,0.169591,0.000000,0.000000,0.000000,0.000000,0.127359,0.002728,0.002392,0.005009,0.022080,0.004116,0.044658,0.001315,0.000494,0.008960,0.004737,0.000867,0.157631,0.007728,0.000826,0.000495,0.028986,0.025884,0.001163,0.000000,0.001972,0.002180,0.002093,0.000000,0.000000,0.000000,0.000000,0.000000,0.000000,0.000000,0.000000,0.000000,0.000000,0.000000,0.000000,0.000000,0.000000,0.000000
EXS.void,0.005715,0.002385,0.000000,0.000000,0.000000,0.025833,0.000000,0.000000,0.000000,0.000000,0.175362,0.000550,0.000805,0.003520,0.021209,0.019503,0.014839,0.002091,0.000653,0.003213,0.004647,0.014717,0.153430,0.056205,0.035159,0.003100,0.041199,0.011961,0.000556,0.000000,0.000550,0.014894,0.002530,0.000000,0.000000,0.000000,0.000000,0.000000,0.000000,0.000000,0.000000,0.000000,0.000000,0.000000,0.000000,0.000000,0.000000,0.000000
FND.ahistorical,0.000086,0.000086,0.000000,0.000000,0.000000,0.000086,0.000000,0.000000,0.000000,0.000000,0.000086,0.000086,0.000086,0.000086,0.096014,0.217505,0.000086,0.000086,0.000086,0.000086,0.000086,0.000086,0.129746,0.040397,0.000086,0.000086,0.000783,0.000086,0.000086,0.000000,0.000086,0.030468,0.000086,0.000000,0.000000,0.000000,0.000000,0.000000,0.000000,0.000000,0.000000,0.000000,0.000000,0.000000,0.000000,0.000000,0.000000,0.000000
FND.body,0.000189,0.000130,0.000000,0.000000,0.000000,0.157590,0.000000,0.000000,0.000000,0.000000,0.409723,0.000019,0.000155,0.006509,0.000349,0.004803,0.004785,0.000521,0.000028,0.012355,0.000058,0.000033,0.114660,0.031418,0.000040,0.000049,0.000047,0.001145,0.000517,0.000000,0.000019,0.011306,0.000151,0.000000,0.000000,0.000000,0.000000,0.000000,0.000000,0.000000,0.000000,0.000000,0.000000,0.000000,0.000000,0.000000,0.000000,0.000000
FND.consciousness,0.001964,0.000266,0.000000,0.000000,0.000000,0.292910,0.000000,0.000000,0.000000,0.000000,0.012171,0.002138,0.001042,0.000121,0.112726,0.010212,0.000991,0.000274,0.000094,0.029494,0.000176,0.000258,0.143779,0.022656,0.003781,0.000118,0.011582,0.000300,0.000094,0.000000,0.000474,0.001679,0.004591,0.000000,0.000000,0.000000,0.000000,0.000000,0.000000,0.000000,0.000000,0.000000,0.000000,0.000000,0.000000,0.000000,0.000000,0.000000
FND.history,0.002967,0.005464,0.000000,0.000000,0.000000,0.094577,0.000000,0.000000,0.000000,0.000000,0.001410,0.295089,0.008662,0.015466,0.098779,0.002561,0.003496,0.004565,0.000294,0.005337,0.000348,0.007765,0.061450,0.000329,0.000294,0.002140,0.006307,0.008882,0.001052,0.000000,0.000294,0.000294,0.000902,0.000000,0.000000,0.000000,0.000000,0.000000,0.000000,0.000000,0.000000,0.000000,0.000000,0.000000,0.000000,0.000000,0.000000,0.000000
FND.information,0.002599,0.000531,0.000000,0.000000,0.000000,0.024240,0.000000,0.000000,0.000000,0.000000,0.003507,0.675804,0.002580,0.004777,0.053253,0.003264,0.007309,0.002244,0.000096,0.000300,0.005762,0.002045,0.012883,0.000098,0.008194,0.000159,0.003519,0.003341,0.000110,0.000000,0.000159,0.000113,0.000711,0.000000,0.000000,0.000000,0.000000,0.000000,0.000000,0.000000,0.000000,0.000000,0.000000,0.000000,0.000000,0.000000,0.000000,0.000000
FND.intuition,0.006901,0.000125,0.000000,0.000000,0.000000,0.319380,0.000000,0.000000,0.000000,0.000000,0.000116,0.000649,0.000421,0.000474,0.140563,0.026192,0.003734,0.000124,0.000116,0.002951,0.000282,0.000138,0.112546,0.001953,0.000195,0.000549,0.009619,0.001973,0.000116,0.000000,0.039568,0.000183,0.000540,0.000000,0.000000,0.000000,0.000000,0.000000,0.000000,0.000000,0.000000,0.000000,0.000000,0.000000,0.000000,0.000000,0.000000,0.000000
FND.labor,0.001985,0.002047,0.000000,0.000000,0.000000,0.122374,0.000000,0.000000,0.000000,0.000000,0.112136,0.019876,0.027382,0.010798,0.026400,0.018538,0.011351,0.006097,0.001859,0.003487,0.011331,0.007122,0.049889,0.000532,0.039644,0.001974,0.012959,0.024582,0.004152,0.000000,0.001084,0.001047,0.006807,0.000000,0.000000,0.000000,0.000000,0.000000,0.000000,0.000000,0.000000,0.000000,0.000000,0.000000,0.000000,0.000000,0.000000,0.000000
FND.language,0.014969,0.005913,0.000000,0.000000,0.000000,0.071755,0.000000,0.000000,0.000000,0.000000,0.005391,0.089054,0.036426,0.041960,0.174018,0.008563,0.020262,0.004523,0.000661,0.006397,0.006043,0.011513,0.089130,0.000575,0.013652,0.004680,0.019348,0.013306,0.000931,0.000000,0.003215,0.002074,0.003118,0.000000,0.000000,0.000000,0.000000,0.000000,0.000000,0.000000,0.000000,0.000000,0.000000,0.000000,0.000000,0.000000,0.000000,0.000000
FND.languageless,0.011266,0.000728,0.000000,0.000000,0.000000,0.105869,0.000000,0.000000,0.000000,0.000000,0.002175,0.000926,0.001697,0.002496,0.106011,0.031586,0.000796,0.000728,0.000728,0.005234,0.000728,0.001176,0.264608,0.068947,0.000728,0.000728,0.005047,0.003145,0.000728,0.000000,0.004089,0.002175,0.003892,0.000000,0.000000,0.000000,0.000000,0.000000,0.000000,0.000000,0.000000,0.000000,0.000000,0.000000,0.000000,0.000000,0.000000,0.000000
FND.logic,0.001507,0.011617,0.000000,0.000000,0.000000,0.056004,0.000000,0.000000,0.000000,0.000000,0.000917,0.020649,0.013428,0.113770,0.041870,0.002768,0.003424,0.006560,0.000236,0.002459,0.000236,0.020585,0.066278,0.000236,0.012568,0.000236,0.019110,0.012058,0.000236,0.000000,0.000846,0.023335,0.000458,0.000000,0.000000,0.000000,0.000000,0.000000,0.000000,0.000000,0.000000,0.000000,0.000000,0.000000,0.000000,0.000000,0.000000,0.000000
FND.memory,0.000322,0.000859,0.000000,0.000000,0.000000,0.341033,0.000000,0.000000,0.000000,0.000000,0.008173,0.103737,0.031996,0.005038,0.070869,0.021273,0.002126,0.000730,0.000172,0.004213,0.003749,0.001879,0.097487,0.000464,0.000189,0.002134,0.006805,0.004121,0.004840,0.000000,0.000187,0.000455,0.002577,0.000000,0.000000,0.000000,0.000000,0.000000,0.000000,0.000000,0.000000,0.000000,0.000000,0.000000,0.000000,0.000000,0.000000,0.000000
FND.memoryless,0.005053,0.000930,0.000000,0.000000,0.000000,0.509614,0.000000,0.000000,0.000000,0.000000,0.000269,0.073661,0.000667,0.001405,0.034293,0.015646,0.000902,0.003072,0.000269,0.000346,0.000946,0.001548,0.139994,0.001849,0.061247,0.000269,0.001482,0.001040,0.000280,0.000000,0.000304,0.000269,0.006571,0.000000,0.000000,0.000000,0.000000,0.000000,0.000000,0.000000,0.000000,0.000000,0.000000,0.000000,0.000000,0.000000,0.000000,0.000000
FND.mind,0.003054,0.000633,0.000000,0.000000,0.000000,0.234319,0.000000,0.000000,0.000000,0.000000,0.005314,0.062396,0.006492,0.009059,0.120770,0.011479,0.010394,0.003726,0.000431,0.004893,0.000534,0.002833,0.108191,0.001123,0.000823,0.000595,0.024002,0.032934,0.000433,0.000000,0.004782,0.000802,0.003568,0.000000,0.000000,0.000000,0.000000,0.000000,0.000000,0.000000,0.000000,0.000000,0.000000,0.000000,0.000000,0.000000,0.000000,0.000000
FND.number,0.001619,0.005124,0.000000,0.000000,0.000000,0.045352,0.000000,0.000000,0.000000,0.000000,0.000672,0.166141,0.023589,0.022926,0.036350,0.014698,0.003703,0.008949,0.000547,0.001442,0.002304,0.012932,0.071045,0.000737,0.002905,0.000923,0.009945,0.014398,0.007050,0.000000,0.000543,0.022556,0.005254,0.000000,0.000000,0.000000,0.000000,0.000000,0.000000,0.000000,0.000000,0.000000,0.000000,0.000000,0.000000,0.000000,0.000000,0.000000
FND.numberless,0.000364,0.000368,0.000000,0.000000,0.000000,0.000814,0.000000,0.000000,0.000000,0.000000,0.005356,0.020099,0.000669,0.031841,0.084662,0.019658,0.001038,0.000364,0.000363,0.002093,0.000363,0.002583,0.172951,0.040259,0.002170,0.000782,0.007223,0.001379,0.000363,0.000000,0.000723,0.041106,0.000376,0.000000,0.000000,0.000000,0.000000,0.000000,0.000000,0.000000,0.000000,0.000000,0.000000,0.000000,0.000000,0.000000,0.000000,0.000000
FND.play,0.001307,0.000696,0.000000,0.000000,0.000000,0.146769,0.000000,0.000000,0.000000,0.000000,0.068756,0.000876,0.086352,0.002741,0.068898,0.010635,0.014798,0.001049,0.002256,0.010411,0.038362,0.001880,0.047183,0.000696,0.015156,0.005895,0.005536,0.033232,0.002266,0.000000,0.006682,0.000696,0.004934,0.000000,0.000000,0.000000,0.000000,0.000000,0.000000,0.000000,0.000000,0.000000,0.000000,0.000000,0.000000,0.000000,0.000000,0.000000
FND.spatiality,0.001189,0.001044,0.000000,0.000000,0.000000,0.035120,0.000000,0.000000,0.000000,0.000000,0.304758,0.005850,0.023398,0.090310,0.005504,0.011979,0.003094,0.002727,0.000849,0.004744,0.007467,0.038263,0.069428,0.000843,0.006148,0.003932,0.010923,0.011582,0.000787,0.000000,0.001049,0.005029,0.001807,0.000000,0.000000,0.000000,0.000000,0.000000,0.000000,0.000000,0.000000,0.000000,0.000000,0.000000,0.000000,0.000000,0.000000,0.000000
FND.temporality,0.008068,0.005698,0.000000,0.000000,0.000000,0.046141,0.000000,0.000000,0.000000,0.000000,0.009042,0.035265,0.004644,0.020575,0.065471,0.007710,0.004281,0.006349,0.001967,0.001767,0.002984,0.006247,0.063994,0.029496,0.007503,0.000488,0.006651,0.006240,0.026412,0.000000,0.000496,0.015484,0.002441,0.000000,0.000000,0.000000,0.000000,0.000000,0.000000,0.000000,0.000000,0.000000,0.000000,0.000000,0.000000,0.000000,0.000000,0.000000
FND.time,0.004292,0.004208,0.000000,0.000000,0.000000,0.042355,0.000000,0.000000,0.000000,0.000000,0.012338,0.016107,0.005218,0.030364,0.041091,0.007184,0.001897,0.010584,0.000883,0.001067,0.002643,0.013195,0.045071,0.035772,0.015829,0.000353,0.010420,0.007473,0.039217,0.000000,0.000303,0.027005,0.001701,0.000000,0.000000,0.000000,0.000000,0.000000,0.000000,0.000000,0.000000,0.000000,0.000000,0.000000,0.000000,0.000000,0.000000,0.000000
FND.timeless,0.000289,0.000289,0.000000,0.000000,0.000000,0.002941,0.000000,0.000000,0.000000,0.000000,0.000289,0.000291,0.000289,0.003674,0.074490,0.075084,0.000289,0.000289,0.000289,0.000406,0.000289,0.000446,0.145375,0.119884,0.000289,0.000289,0.000292,0.000289,0.000289,0.000000,0.000289,0.057754,0.000289,0.000000,0.000000,0.000000,0.000000,0.000000,0.000000,0.000000,0.000000,0.000000,0.000000,0.000000,0.000000,0.000000,0.000000,0.000000
FND.transformation,0.001629,0.000531,0.000000,0.000000,0.000000,0.035512,0.000000,0.000000,0.000000,0.000000,0.129091,0.004090,0.005460,0.032307,0.008068,0.005161,0.016034,0.003964,0.000482,0.000924,0.004741,0.005526,0.068359,0.001498,0.013839,0.000540,0.281451,0.004780,0.002820,0.000000,0.001740,0.001915,0.004207,0.000000,0.000000,0.000000,0.000000,0.000000,0.000000,0.000000,0.000000,0.000000,0.000000,0.000000,0.000000,0.000000,0.000000,0.000000
FND.unchanging,0.000071,0.001991,0.000000,0.000000,0.000000,0.003536,0.000000,0.000000,0.000000,0.000000,0.005663,0.045926,0.000188,0.029954,0.021651,0.051520,0.000079,0.000079,0.000071,0.000273,0.000077,0.001572,0.125865,0.007813,0.000073,0.000087,0.012103,0.000071,0.000110,0.000000,0.000079,0.043609,0.000071,0.000000,0.000000,0.000000,0.000000,0.000000,0.000000,0.000000,0.000000,0.000000,0.000000,0.000000,0.000000,0.000000,0.000000,0.000000
FND.unconscious,0.000668,0.002234,0.000000,0.000000,0.000000,0.432955,0.000000,0.000000,0.000000,0.000000,0.121050,0.004688,0.002630,0.005434,0.016849,0.032163,0.002207,0.001022,0.000249,0.000536,0.001136,0.001234,0.161177,0.005011,0.028045,0.000256,0.001929,0.000548,0.000501,0.000000,0.001096,0.003587,0.002168,0.000000,0.000000,0.000000,0.000000,0.000000,0.000000,0.000000,0.000000,0.000000,0.000000,0.000000,0.000000,0.000000,0.000000,0.000000
FND.uninformed,0.000280,0.000153,0.000000,0.000000,0.000000,0.268209,0.000000,0.000000,0.000000,0.000000,0.000153,0.578531,0.000741,0.000161,0.001213,0.018351,0.000523,0.001346,0.000153,0.000157,0.003431,0.001463,0.048417,0.000153,0.010389,0.000153,0.000243,0.000153,0.000153,0.000000,0.000169,0.000153,0.012509,0.000000,0.000000,0.000000,0.000000,0.000000,0.000000,0.000000,0.000000,0.000000,0.000000,0.000000,0.000000,0.000000,0.000000,0.000000
LOG.cause,0.005622,0.000733,0.000000,0.000000,0.000000,0.126971,0.000000,0.000000,0.000000,0.000000,0.083209,0.010956,0.051546,0.008328,0.033040,0.002950,0.095715,0.031247,0.000385,0.002246,0.003619,0.007068,0.066408,0.002411,0.048761,0.004259,0.043484,0.019781,0.002043,0.000000,0.002418,0.004411,0.010800,0.000000,0.000000,0.000000,0.000000,0.000000,0.000000,0.000000,0.000000,0.000000,0.000000,0.000000,0.000000,0.000000,0.000000,0.000000
LOG.effect,0.020919,0.002054,0.000000,0.000000,0.000000,0.045896,0.000000,0.000000,0.000000,0.000000,0.102861,0.008788,0.042333,0.016245,0.037433,0.000698,0.031201,0.130289,0.000540,0.001399,0.003101,0.013493,0.077278,0.000883,0.043648,0.000763,0.036100,0.033723,0.000496,0.000000,0.003041,0.011112,0.006395,0.000000,0.000000,0.000000,0.000000,0.000000,0.000000,0.000000,0.000000,0.000000,0.000000,0.000000,0.000000,0.000000,0.000000,0.000000
LOG.reason,0.006514,0.044346,0.000000,0.000000,0.000000,0.097094,0.000000,0.000000,0.000000,0.000000,0.001082,0.050195,0.029398,0.019781,0.177138,0.007028,0.050134,0.037263,0.001082,0.002128,0.004020,0.002492,0.126760,0.002849,0.005627,0.001519,0.012544,0.011592,0.001262,0.000000,0.001082,0.009331,0.008387,0.000000,0.000000,0.000000,0.000000,0.000000,0.000000,0.000000,0.000000,0.000000,0.000000,0.000000,0.000000,0.000000,0.000000,0.000000
LOG.unreason,0.009716,0.000593,0.000000,0.000000,0.000000,0.148160,0.000000,0.000000,0.000000,0.000000,0.000593,0.006909,0.004814,0.001505,0.090370,0.003908,0.005133,0.001675,0.000609,0.007131,0.001437,0.003193,0.127435,0.026692,0.316275,0.000593,0.007852,0.000593,0.000604,0.000000,0.027120,0.006055,0.004811,0.000000,0.000000,0.000000,0.000000,0.000000,0.000000,0.000000,0.000000,0.000000,0.000000,0.000000,0.000000,0.000000,0.000000,0.000000
MAT.bare_hand,0.000443,0.000308,0.000000,0.000000,0.000000,0.141746,0.000000,0.000000,0.000000,0.000000,0.339127,0.000308,0.003003,0.002133,0.042838,0.030786,0.005809,0.000326,0.002133,0.000308,0.003634,0.000509,0.049136,0.006610,0.005815,0.000308,0.016361,0.002883,0.000308,0.000000,0.000308,0.000308,0.002845,0.000000,0.000000,0.000000,0.000000,0.000000,0.000000,0.000000,0.000000,0.000000,0.000000,0.000000,0.000000,0.000000,0.000000,0.000000
MAT.clothing,0.001773,0.000754,0.000000,0.000000,0.000000,0.151267,0.000000,0.000000,0.000000,0.000000,0.381313,0.000134,0.002471,0.002258,0.017729,0.010300,0.001808,0.000305,0.000200,0.001433,0.006606,0.002397,0.020396,0.000133,0.003367,0.001500,0.008788,0.001383,0.001301,0.000000,0.000120,0.000706,0.001372,0.000000,0.000000,0.000000,0.000000,0.000000,0.000000,0.000000,0.000000,0.000000,0.000000,0.000000,0.000000,0.000000,0.000000,0.000000
MAT.drink,0.001996,0.001241,0.000000,0.000000,0.000000,0.051654,0.000000,0.000000,0.000000,0.000000,0.502857,0.000925,0.005809,0.002050,0.014428,0.010171,0.010452,0.003199,0.001321,0.001609,0.007936,0.002594,0.039314,0.000413,0.014624,0.003960,0.016591,0.006387,0.002094,0.000000,0.000412,0.001785,0.002370,0.000000,0.000000,0.000000,0.000000,0.000000,0.000000,0.000000,0.000000,0.000000,0.000000,0.000000,0.000000,0.000000,0.000000,0.000000
MAT.food,0.001313,0.001240,0.000000,0.000000,0.000000,0.096449,0.000000,0.000000,0.000000,0.000000,0.407991,0.002016,0.003811,0.001584,0.012060,0.011814,0.004193,0.001964,0.000799,0.001449,0.008982,0.003620,0.046505,0.000626,0.023750,0.011256,0.007906,0.006868,0.003272,0.000000,0.000495,0.005289,0.001824,0.000000,0.000000,0.000000,0.000000,0.000000,0.000000,0.000000,0.000000,0.000000,0.000000,0.000000,0.000000,0.000000,0.000000,0.000000
MAT.naked,0.000294,0.000241,0.000000,0.000000,0.000000,0.176718,0.000000,0.000000,0.000000,0.000000,0.353171,0.000241,0.000272,0.000241,0.004344,0.041761,0.005382,0.001285,0.000241,0.001281,0.003483,0.001346,0.146569,0.001249,0.025233,0.000241,0.003844,0.000241,0.000241,0.000000,0.000241,0.000241,0.001254,0.000000,0.000000,0.000000,0.000000,0.000000,0.000000,0.000000,0.000000,0.000000,0.000000,0.000000,0.000000,0.000000,0.000000,0.000000
MAT.tool,0.002219,0.000236,0.000000,0.000000,0.000000,0.086526,0.000000,0.000000,0.000000,0.000000,0.345427,0.001932,0.000596,0.001875,0.003586,0.017764,0.004455,0.001282,0.000078,0.000372,0.003660,0.002178,0.020686,0.000078,0.003960,0.000089,0.003857,0.011982,0.000265,0.000000,0.000327,0.000186,0.001370,0.000000,0.000000,0.000000,0.000000,0.000000,0.000000,0.000000,0.000000,0.000000,0.000000,0.000000,0.000000,0.000000,0.000000,0.000000
NAT.flower,0.012518,0.000893,0.000000,0.000000,0.000000,0.062478,0.000000,0.000000,0.000000,0.000000,0.454167,0.001400,0.002414,0.023680,0.007226,0.008707,0.006133,0.000996,0.000938,0.002101,0.004028,0.003796,0.029156,0.000566,0.001071,0.000876,0.003689,0.019882,0.009728,0.000000,0.000566,0.001249,0.002197,0.000000,0.000000,0.000000,0.000000,0.000000,0.000000,0.000000,0.000000,0.000000,0.000000,0.000000,0.000000,0.000000,0.000000,0.000000
NAT.river,0.010968,0.000625,0.000000,0.000000,0.000000,0.030709,0.000000,0.000000,0.000000,0.000000,0.436741,0.009551,0.008561,0.017551,0.006437,0.000829,0.007157,0.001025,0.000396,0.006313,0.004461,0.005650,0.056215,0.000396,0.020108,0.000787,0.002508,0.007045,0.027289,0.000000,0.000396,0.000501,0.001791,0.000000,0.000000,0.000000,0.000000,0.000000,0.000000,0.000000,0.000000,0.000000,0.000000,0.000000,0.000000,0.000000,0.000000,0.000000
NAT.sea,0.000427,0.000427,0.000000,0.000000,0.000000,0.015602,0.000000,0.000000,0.000000,0.000000,0.481882,0.000455,0.001765,0.009965,0.001752,0.003117,0.006572,0.003070,0.000427,0.004970,0.001693,0.017779,0.051227,0.000982,0.032056,0.000427,0.002635,0.004258,0.003144,0.000000,0.004002,0.000427,0.004239,0.000000,0.000000,0.000000,0.000000,0.000000,0.000000,0.000000,0.000000,0.000000,0.000000,0.000000,0.000000,0.000000,0.000000,0.000000
NAT.tree,0.001691,0.000761,0.000000,0.000000,0.000000,0.108684,0.000000,0.000000,0.000000,0.000000,0.555584,0.001422,0.002336,0.017092,0.006736,0.014368,0.001067,0.000324,0.001071,0.000843,0.000747,0.003121,0.023359,0.000305,0.001640,0.000426,0.001793,0.005656,0.003749,0.000000,0.000301,0.000308,0.001014,0.000000,0.000000,0.000000,0.000000,0.000000,0.000000,0.000000,0.000000,0.000000,0.000000,0.000000,0.000000,0.000000,0.000000,0.000000
PER.bitter,0.000149,0.000128,0.000000,0.000000,0.000000,0.087607,0.000000,0.000000,0.000000,0.000000,0.255099,0.000029,0.000029,0.000036,0.027478,0.018402,0.000445,0.000337,0.000029,0.000126,0.000909,0.000450,0.057525,0.000036,0.103983,0.000029,0.002273,0.000029,0.000029,0.000000,0.000029,0.000029,0.002057,0.000000,0.000000,0.000000,0.000000,0.000000,0.000000,0.000000,0.000000,0.000000,0.000000,0.000000,0.000000,0.000000,0.000000,0.000000
PER.blind,0.000414,0.000080,0.000000,0.000000,0.000000,0.312305,0.000000,0.000000,0.000000,0.000000,0.120354,0.000075,0.000134,0.000085,0.014573,0.040996,0.001100,0.000082,0.000031,0.000394,0.001052,0.000239,0.127063,0.001248,0.050962,0.000031,0.001221,0.000837,0.000031,0.000000,0.000038,0.003007,0.001479,0.000000,0.000000,0.000000,0.000000,0.000000,0.000000,0.000000,0.000000,0.000000,0.000000,0.000000,0.000000,0.000000,0.000000,0.000000
PER.deaf,0.000046,0.000082,0.000000,0.000000,0.000000,0.265859,0.000000,0.000000,0.000000,0.000000,0.069844,0.000032,0.003765,0.000052,0.008539,0.052336,0.000096,0.000038,0.000032,0.000083,0.000064,0.000052,0.152848,0.000669,0.029164,0.000538,0.000081,0.000093,0.000032,0.000000,0.000032,0.000085,0.000261,0.000000,0.000000,0.000000,0.000000,0.000000,0.000000,0.000000,0.000000,0.000000,0.000000,0.000000,0.000000,0.000000,0.000000,0.000000
PER.delicious,0.000343,0.000345,0.000000,0.000000,0.000000,0.079151,0.000000,0.000000,0.000000,0.000000,0.242915,0.000224,0.000260,0.000277,0.026590,0.017010,0.000844,0.000146,0.000146,0.000880,0.005470,0.000186,0.047811,0.000145,0.007094,0.005369,0.000328,0.002552,0.000145,0.000000,0.000148,0.000145,0.000799,0.000000,0.000000,0.000000,0.000000,0.000000,0.000000,0.000000,0.000000,0.000000,0.000000,0.000000,0.000000,0.000000,0.000000,0.000000
PER.feel,0.000441,0.000225,0.000000,0.000000,0.000000,0.200977,0.000000,0.000000,0.000000,0.000000,0.076460,0.005090,0.009998,0.000285,0.050521,0.022016,0.003768,0.000196,0.000145,0.005345,0.001673,0.000592,0.059729,0.001732,0.020572,0.008100,0.004686,0.001756,0.000295,0.000000,0.002581,0.000170,0.002963,0.000000,0.000000,0.000000,0.000000,0.000000,0.000000,0.000000,0.000000,0.000000,0.000000,0.000000,0.000000,0.000000,0.000000,0.000000
PER.fragrance,0.000636,0.000359,0.000000,0.000000,0.000000,0.043824,0.000000,0.000000,0.000000,0.000000,0.273079,0.000348,0.000469,0.000240,0.030186,0.009556,0.002217,0.000288,0.000242,0.000793,0.004979,0.000283,0.030954,0.000240,0.067574,0.007073,0.001707,0.003830,0.000252,0.000000,0.002376,0.000240,0.000744,0.000000,0.000000,0.000000,0.000000,0.000000,0.000000,0.000000,0.000000,0.000000,0.000000,0.000000,0.000000,0.000000,0.000000,0.000000
PER.hear,0.000973,0.000541,0.000000,0.000000,0.000000,0.218653,0.000000,0.000000,0.000000,0.000000,0.058548,0.029918,0.006161,0.000547,0.014443,0.027585,0.002302,0.000602,0.000540,0.001481,0.004143,0.000671,0.045339,0.000584,0.005231,0.006519,0.001669,0.001390,0.000712,0.000000,0.003777,0.000619,0.004562,0.000000,0.000000,0.000000,0.000000,0.000000,0.000000,0.000000,0.000000,0.000000,0.000000,0.000000,0.000000,0.000000,0.000000,0.000000
PER.numb,0.000375,0.000549,0.000000,0.000000,0.000000,0.571871,0.000000,0.000000,0.000000,0.000000,0.051422,0.000182,0.002143,0.000289,0.012830,0.018006,0.000300,0.000332,0.000095,0.000551,0.002398,0.000183,0.107407,0.003919,0.064885,0.000095,0.003733,0.000095,0.000095,0.000000,0.000211,0.000095,0.002388,0.000000,0.000000,0.000000,0.000000,0.000000,0.000000,0.000000,0.000000,0.000000,0.000000,0.000000,0.000000,0.000000,0.000000,0.000000
PER.odorless,0.000042,0.000038,0.000000,0.000000,0.000000,0.113614,0.000000,0.000000,0.000000,0.000000,0.257401,0.000276,0.000038,0.000038,0.019184,0.044340,0.000058,0.000038,0.000038,0.000038,0.000539,0.000038,0.051043,0.000038,0.000058,0.000038,0.000038,0.000351,0.000038,0.000000,0.000038,0.000038,0.000301,0.000000,0.000000,0.000000,0.000000,0.000000,0.000000,0.000000,0.000000,0.000000,0.000000,0.000000,0.000000,0.000000,0.000000,0.000000
PER.salty,0.003264,0.000403,0.000000,0.000000,0.000000,0.039144,0.000000,0.000000,0.000000,0.000000,0.383353,0.000397,0.000417,0.000397,0.010819,0.009563,0.004957,0.000808,0.000397,0.000436,0.005942,0.002450,0.067144,0.000397,0.001890,0.000397,0.003850,0.008474,0.000397,0.000000,0.000397,0.000397,0.000513,0.000000,0.000000,0.000000,0.000000,0.000000,0.000000,0.000000,0.000000,0.000000,0.000000,0.000000,0.000000,0.000000,0.000000,0.000000
PER.see,0.000164,0.000108,0.000000,0.000000,0.000000,0.195151,0.000000,0.000000,0.000000,0.000000,0.118754,0.005170,0.012306,0.000260,0.012654,0.045735,0.003476,0.000182,0.000094,0.000293,0.016747,0.000258,0.042300,0.000303,0.019010,0.000103,0.002113,0.004020,0.000103,0.000000,0.000464,0.000112,0.000492,0.000000,0.000000,0.000000,0.000000,0.000000,0.000000,0.000000,0.000000,0.000000,0.000000,0.000000,0.000000,0.000000,0.000000,0.000000
PER.smell,0.000727,0.000562,0.000000,0.000000,0.000000,0.155802,0.000000,0.000000,0.000000,0.000000,0.227106,0.000197,0.001306,0.000235,0.002670,0.041072,0.003097,0.000763,0.000182,0.000384,0.006765,0.000182,0.033021,0.000248,0.001297,0.000229,0.001661,0.001795,0.000185,0.000000,0.000182,0.000182,0.007895,0.000000,0.000000,0.000000,0.000000,0.000000,0.000000,0.000000,0.000000,0.000000,0.000000,0.000000,0.000000,0.000000,0.000000,0.000000
PER.sound,0.002212,0.000563,0.000000,0.000000,0.000000,0.041046,0.000000,0.000000,0.000000,0.000000,0.213938,0.008586,0.009268,0.011980,0.014687,0.005280,0.002548,0.000990,0.006599,0.029116,0.014791,0.006486,0.061742,0.000347,0.025917,0.000540,0.003940,0.005399,0.001934,0.000000,0.042175,0.000801,0.003564,0.000000,0.000000,0.000000,0.000000,0.000000,0.000000,0.000000,0.000000,0.000000,0.000000,0.000000,0.000000,0.000000,0.000000,0.000000
PER.soundless,0.000467,0.001643,0.000000,0.000000,0.000000,0.190971,0.000000,0.000000,0.000000,0.000000,0.154740,0.000348,0.018032,0.001800,0.054096,0.023663,0.004121,0.000348,0.000348,0.004659,0.000825,0.001442,0.104577,0.000464,0.001620,0.001411,0.009262,0.000847,0.000358,0.000000,0.000357,0.000348,0.005601,0.000000,0.000000,0.000000,0.000000,0.000000,0.000000,0.000000,0.000000,0.000000,0.000000,0.000000,0.000000,0.000000,0.000000,0.000000
PER.stench,0.000745,0.000469,0.000000,0.000000,0.000000,0.042136,0.000000,0.000000,0.000000,0.000000,0.376634,0.000636,0.001103,0.000340,0.006885,0.006531,0.010717,0.001110,0.000247,0.000662,0.012869,0.001016,0.024172,0.000247,0.150239,0.000268,0.002993,0.001360,0.000249,0.000000,0.000268,0.000247,0.002818,0.000000,0.000000,0.000000,0.000000,0.000000,0.000000,0.000000,0.000000,0.000000,0.000000,0.000000,0.000000,0.000000,0.000000,0.000000
PER.sweet,0.000304,0.000366,0.000000,0.000000,0.000000,0.087508,0.000000,0.000000,0.000000,0.000000,0.205303,0.000292,0.002632,0.000886,0.045826,0.004850,0.002619,0.000689,0.000256,0.003128,0.007235,0.000696,0.082243,0.000256,0.015742,0.004095,0.003485,0.001644,0.000260,0.000000,0.000256,0.000256,0.000579,0.000000,0.000000,0.000000,0.000000,0.000000,0.000000,0.000000,0.000000,0.000000,0.000000,0.000000,0.000000,0.000000,0.000000,0.000000
PER.taste,0.000323,0.000320,0.000000,0.000000,0.000000,0.143285,0.000000,0.000000,0.000000,0.000000,0.174246,0.000617,0.000323,0.000315,0.018254,0.030934,0.002823,0.000330,0.000299,0.002621,0.001711,0.000309,0.091105,0.000299,0.001690,0.000488,0.002806,0.002995,0.000299,0.000000,0.001697,0.000299,0.004550,0.000000,0.000000,0.000000,0.000000,0.000000,0.000000,0.000000,0.000000,0.000000,0.000000,0.000000,0.000000,0.000000,0.000000,0.000000
PER.tasteless,0.000526,0.000803,0.000000,0.000000,0.000000,0.204425,0.000000,0.000000,0.000000,0.000000,0.103356,0.000534,0.003831,0.000704,0.075353,0.019012,0.001968,0.000534,0.000476,0.001278,0.028931,0.001806,0.098739,0.000476,0.074461,0.000476,0.002559,0.000476,0.000505,0.000000,0.000476,0.000476,0.002049,0.000000,0.000000,0.000000,0.000000,0.000000,0.000000,0.000000,0.000000,0.000000,0.000000,0.000000,0.000000,0.000000,0.000000,0.000000
PER.touch,0.000836,0.000125,0.000000,0.000000,0.000000,0.129829,0.000000,0.000000,0.000000,0.000000,0.350685,0.000195,0.005733,0.002653,0.001714,0.014729,0.004694,0.000460,0.000100,0.001571,0.012502,0.000835,0.052025,0.000110,0.013292,0.001910,0.002241,0.003311,0.000238,0.000000,0.000433,0.000109,0.002284,0.000000,0.000000,0.000000,0.000000,0.000000,0.000000,0.000000,0.000000,0.000000,0.000000,0.000000,0.000000,0.000000,0.000000,0.000000
PER.untouched,0.000286,0.000286,0.000000,0.000000,0.000000,0.217952,0.000000,0.000000,0.000000,0.000000,0.199939,0.000286,0.001521,0.002245,0.018751,0.122248,0.000286,0.000286,0.000286,0.000286,0.000286,0.000426,0.233659,0.005528,0.000286,0.001233,0.000286,0.000286,0.000286,0.000000,0.000286,0.017557,0.001615,0.000000,0.000000,0.000000,0.000000,0.000000,0.000000,0.000000,0.000000,0.000000,0.000000,0.000000,0.000000,0.000000,0.000000,0.000000
PRP.aged,0.001117,0.001833,0.000000,0.000000,0.000000,0.207714,0.000000,0.000000,0.000000,0.000000,0.142317,0.000740,0.005346,0.001639,0.031909,0.031174,0.000719,0.001237,0.000371,0.002366,0.007955,0.002336,0.123045,0.004101,0.009569,0.000583,0.013136,0.001598,0.004949,0.000000,0.000351,0.009245,0.001477,0.000000,0.000000,0.000000,0.000000,0.000000,0.000000,0.000000,0.000000,0.000000,0.000000,0.000000,0.000000,0.000000,0.000000,0.000000
PRP.blunt,0.000080,0.000068,0.000000,0.000000,0.000000,0.060616,0.000000,0.000000,0.000000,0.000000,0.557218,0.000346,0.000116,0.002700,0.010158,0.038549,0.000163,0.000709,0.000068,0.000068,0.024348,0.000973,0.034551,0.000068,0.017670,0.000068,0.000352,0.000068,0.000068,0.000000,0.000068,0.000068,0.000987,0.000000,0.000000,0.000000,0.000000,0.000000,0.000000,0.000000,0.000000,0.000000,0.000000,0.000000,0.000000,0.000000,0.000000,0.000000
PRP.bright,0.000429,0.000298,0.000000,0.000000,0.000000,0.034804,0.000000,0.000000,0.000000,0.000000,0.290015,0.000779,0.000575,0.002473,0.010638,0.012040,0.001773,0.000465,0.000553,0.002419,0.019185,0.002791,0.045611,0.000594,0.004083,0.000395,0.001758,0.005015,0.000561,0.000000,0.000290,0.000290,0.002010,0.000000,0.000000,0.000000,0.000000,0.000000,0.000000,0.000000,0.000000,0.000000,0.000000,0.000000,0.000000,0.000000,0.000000,0.000000
PRP.clean,0.000848,0.000542,0.000000,0.000000,0.000000,0.073893,0.000000,0.000000,0.000000,0.000000,0.428981,0.000490,0.000776,0.000900,0.053712,0.010780,0.001010,0.000471,0.000439,0.001439,0.007205,0.000968,0.100428,0.000708,0.008903,0.000957,0.004235,0.000615,0.000492,0.000000,0.000439,0.000439,0.001493,0.000000,0.000000,0.000000,0.000000,0.000000,0.000000,0.000000,0.000000,0.000000,0.000000,0.000000,0.000000,0.000000,0.000000,0.000000
PRP.clear,0.000416,0.000807,0.000000,0.000000,0.000000,0.012732,0.000000,0.000000,0.000000,0.000000,0.098909,0.050631,0.001261,0.003480,0.135292,0.005125,0.002572,0.000296,0.000296,0.002513,0.008321,0.003379,0.073203,0.000608,0.002667,0.000483,0.003895,0.000648,0.000296,0.000000,0.000889,0.001812,0.001060,0.000000,0.000000,0.000000,0.000000,0.000000,0.000000,0.000000,0.000000,0.000000,0.000000,0.000000,0.000000,0.000000,0.000000,0.000000
PRP.cold,0.000991,0.001037,0.000000,0.000000,0.000000,0.051657,0.000000,0.000000,0.000000,0.000000,0.448486,0.000635,0.000723,0.002582,0.009285,0.006478,0.005037,0.003555,0.000632,0.009644,0.005999,0.003177,0.057453,0.000731,0.004730,0.000789,0.012915,0.001991,0.002729,0.000000,0.000632,0.000632,0.005522,0.000000,0.000000,0.000000,0.000000,0.000000,0.000000,0.000000,0.000000,0.000000,0.000000,0.000000,0.000000,0.000000,0.000000,0.000000
PRP.dark,0.002533,0.002573,0.000000,0.000000,0.000000,0.068149,0.000000,0.000000,0.000000,0.000000,0.257110,0.000335,0.002199,0.002492,0.036799,0.009738,0.003591,0.001091,0.000818,0.002238,0.004120,0.001746,0.076441,0.005616,0.179826,0.000452,0.001137,0.000406,0.008855,0.000000,0.000348,0.001483,0.002907,0.000000,0.000000,0.000000,0.000000,0.000000,0.000000,0.000000,0.000000,0.000000,0.000000,0.000000,0.000000,0.000000,0.000000,0.000000
PRP.deep,0.000893,0.002228,0.000000,0.000000,0.000000,0.051150,0.000000,0.000000,0.000000,0.000000,0.102631,0.002172,0.002818,0.004376,0.084517,0.007041,0.009213,0.002729,0.000896,0.029602,0.000893,0.002517,0.213514,0.010569,0.077492,0.000997,0.016967,0.002896,0.000896,0.000000,0.001857,0.000893,0.007281,0.000000,0.000000,0.000000,0.000000,0.000000,0.000000,0.000000,0.000000,0.000000,0.000000,0.000000,0.000000,0.000000,0.000000,0.000000
PRP.difficult,0.001832,0.001315,0.000000,0.000000,0.000000,0.146596,0.000000,0.000000,0.000000,0.000000,0.040190,0.012279,0.037553,0.016983,0.068004,0.009028,0.038802,0.006386,0.000999,0.005837,0.004801,0.008580,0.127119,0.001846,0.068606,0.000971,0.028570,0.003886,0.001146,0.000000,0.001767,0.000971,0.031299,0.000000,0.000000,0.000000,0.000000,0.000000,0.000000,0.000000,0.000000,0.000000,0.000000,0.000000,0.000000,0.000000,0.000000,0.000000
PRP.dirty,0.000547,0.000739,0.000000,0.000000,0.000000,0.064416,0.000000,0.000000,0.000000,0.000000,0.499515,0.000230,0.000396,0.000260,0.015066,0.008001,0.003594,0.000761,0.000238,0.000989,0.035862,0.000399,0.023162,0.000230,0.130440,0.000230,0.000453,0.000230,0.000236,0.000000,0.000230,0.000230,0.002682,0.000000,0.000000,0.000000,0.000000,0.000000,0.000000,0.000000,0.000000,0.000000,0.000000,0.000000,0.000000,0.000000,0.000000,0.000000
PRP.dry,0.000673,0.001161,0.000000,0.000000,0.000000,0.047002,0.000000,0.000000,0.000000,0.000000,0.545456,0.000338,0.000932,0.002247,0.003165,0.008590,0.003905,0.001630,0.000387,0.000989,0.003691,0.000930,0.064610,0.000330,0.006317,0.000330,0.006904,0.002069,0.000645,0.000000,0.000330,0.000378,0.003731,0.000000,0.000000,0.000000,0.000000,0.000000,0.000000,0.000000,0.000000,0.000000,0.000000,0.000000,0.000000,0.000000,0.000000,0.000000
PRP.easy,0.001430,0.001487,0.000000,0.000000,0.000000,0.091063,0.000000,0.000000,0.000000,0.000000,0.011710,0.001958,0.005533,0.015203,0.122036,0.034050,0.001317,0.001317,0.001317,0.001556,0.071414,0.002569,0.088978,0.001952,0.005690,0.002983,0.001336,0.004462,0.001317,0.000000,0.001317,0.001317,0.002533,0.000000,0.000000,0.000000,0.000000,0.000000,0.000000,0.000000,0.000000,0.000000,0.000000,0.000000,0.000000,0.000000,0.000000,0.000000
PRP.far,0.000547,0.000689,0.000000,0.000000,0.000000,0.024665,0.000000,0.000000,0.000000,0.000000,0.287508,0.000544,0.081091,0.004693,0.073725,0.055556,0.001600,0.000641,0.000544,0.001243,0.004200,0.014095,0.100284,0.000884,0.001843,0.000590,0.002684,0.000544,0.000666,0.000000,0.000633,0.000860,0.004707,0.000000,0.000000,0.000000,0.000000,0.000000,0.000000,0.000000,0.000000,0.000000,0.000000,0.000000,0.000000,0.000000,0.000000,0.000000
PRP.fast,0.004516,0.000504,0.000000,0.000000,0.000000,0.118347,0.000000,0.000000,0.000000,0.000000,0.283775,0.011039,0.001459,0.001870,0.031166,0.014286,0.009490,0.004119,0.000782,0.001342,0.018351,0.003754,0.051279,0.000494,0.004577,0.000494,0.012057,0.003045,0.002875,0.000000,0.000499,0.000494,0.005468,0.000000,0.000000,0.000000,0.000000,0.000000,0.000000,0.000000,0.000000,0.000000,0.000000,0.000000,0.000000,0.000000,0.000000,0.000000
PRP.hard,0.001647,0.005899,0.000000,0.000000,0.000000,0.055220,0.000000,0.000000,0.000000,0.000000,0.424877,0.000439,0.001355,0.008931,0.024288,0.015598,0.005111,0.001874,0.000437,0.001004,0.002381,0.004586,0.097281,0.000851,0.018850,0.000683,0.013989,0.005107,0.000484,0.000000,0.002696,0.000487,0.002833,0.000000,0.000000,0.000000,0.000000,0.000000,0.000000,0.000000,0.000000,0.000000,0.000000,0.000000,0.000000,0.000000,0.000000,0.000000
PRP.heavy,0.000444,0.000676,0.000000,0.000000,0.000000,0.082531,0.000000,0.000000,0.000000,0.000000,0.371236,0.000706,0.001678,0.000977,0.070537,0.020061,0.002091,0.001150,0.000442,0.002536,0.002293,0.000566,0.105382,0.001195,0.054997,0.000442,0.000747,0.000801,0.000442,0.000000,0.000485,0.007701,0.005645,0.000000,0.000000,0.000000,0.000000,0.000000,0.000000,0.000000,0.000000,0.000000,0.000000,0.000000,0.000000,0.000000,0.000000,0.000000
PRP.high,0.001104,0.001955,0.000000,0.000000,0.000000,0.093535,0.000000,0.000000,0.000000,0.000000,0.424579,0.000425,0.001123,0.018715,0.014442,0.044820,0.000822,0.000286,0.000286,0.000341,0.003623,0.008159,0.074331,0.000286,0.002538,0.000286,0.000916,0.000314,0.000286,0.000000,0.000286,0.000286,0.000864,0.000000,0.000000,0.000000,0.000000,0.000000,0.000000,0.000000,0.000000,0.000000,0.000000,0.000000,0.000000,0.000000,0.000000,0.000000
PRP.hot,0.001723,0.000424,0.000000,0.000000,0.000000,0.061283,0.000000,0.000000,0.000000,0.000000,0.374843,0.000514,0.012397,0.000616,0.020907,0.004212,0.009582,0.003510,0.000523,0.003275,0.008099,0.001308,0.064313,0.000542,0.020412,0.005302,0.015127,0.006430,0.000357,0.000000,0.000357,0.002561,0.006340,0.000000,0.000000,0.000000,0.000000,0.000000,0.000000,0.000000,0.000000,0.000000,0.000000,0.000000,0.000000,0.000000,0.000000,0.000000
PRP.impossible,0.000813,0.001141,0.000000,0.000000,0.000000,0.090629,0.000000,0.000000,0.000000,0.000000,0.024147,0.002764,0.008461,0.010110,0.128450,0.018531,0.003283,0.001826,0.000729,0.000950,0.000729,0.003573,0.122858,0.046527,0.059519,0.000729,0.001342,0.000729,0.000729,0.000000,0.000729,0.234802,0.005322,0.000000,0.000000,0.000000,0.000000,0.000000,0.000000,0.000000,0.000000,0.000000,0.000000,0.000000,0.000000,0.000000,0.000000,0.000000
PRP.large,0.000853,0.000685,0.000000,0.000000,0.000000,0.101806,0.000000,0.000000,0.000000,0.000000,0.330502,0.001332,0.001180,0.010132,0.029948,0.024167,0.003889,0.000594,0.000798,0.004294,0.006365,0.005308,0.059023,0.002594,0.006759,0.001255,0.005940,0.006093,0.000488,0.000000,0.000524,0.000575,0.001200,0.000000,0.000000,0.000000,0.000000,0.000000,0.000000,0.000000,0.000000,0.000000,0.000000,0.000000,0.000000,0.000000,0.000000,0.000000
PRP.light,0.000444,0.000235,0.000000,0.000000,0.000000,0.085083,0.000000,0.000000,0.000000,0.000000,0.381141,0.000229,0.000234,0.001035,0.027963,0.021318,0.000466,0.000234,0.000229,0.000998,0.005460,0.000244,0.081058,0.000229,0.000229,0.000229,0.001616,0.001047,0.000229,0.000000,0.000229,0.000229,0.000677,0.000000,0.000000,0.000000,0.000000,0.000000,0.000000,0.000000,0.000000,0.000000,0.000000,0.000000,0.000000,0.000000,0.000000,0.000000
PRP.long,0.001256,0.000949,0.000000,0.000000,0.000000,0.033820,0.000000,0.000000,0.000000,0.000000,0.168155,0.007204,0.007685,0.019475,0.015593,0.019673,0.002374,0.001472,0.000602,0.001486,0.004001,0.020820,0.056787,0.001409,0.001709,0.001685,0.005537,0.007770,0.003322,0.000000,0.000676,0.005594,0.004694,0.000000,0.000000,0.000000,0.000000,0.000000,0.000000,0.000000,0.000000,0.000000,0.000000,0.000000,0.000000,0.000000,0.000000,0.000000
PRP.low,0.000808,0.001429,0.000000,0.000000,0.000000,0.066338,0.000000,0.000000,0.000000,0.000000,0.492954,0.003054,0.003176,0.015352,0.017845,0.034527,0.001443,0.000879,0.000674,0.003305,0.012726,0.009504,0.049102,0.000674,0.019490,0.000674,0.001904,0.000817,0.000908,0.000000,0.000674,0.000830,0.003826,0.000000,0.000000,0.000000,0.000000,0.000000,0.000000,0.000000,0.000000,0.000000,0.000000,0.000000,0.000000,0.000000,0.000000,0.000000
PRP.multiple,0.002106,0.002326,0.000000,0.000000,0.000000,0.090334,0.000000,0.000000,0.000000,0.000000,0.065584,0.007550,0.046567,0.140350,0.026564,0.020495,0.001823,0.005336,0.004909,0.007786,0.008983,0.049424,0.073956,0.001220,0.001492,0.006231,0.010927,0.037809,0.010976,0.000000,0.001170,0.001611,0.004299,0.000000,0.000000,0.000000,0.000000,0.000000,0.000000,0.000000,0.000000,0.000000,0.000000,0.000000,0.000000,0.000000,0.000000,0.000000
PRP.murky,0.000749,0.000791,0.000000,0.000000,0.000000,0.021661,0.000000,0.000000,0.000000,0.000000,0.404453,0.004259,0.001117,0.002471,0.056008,0.008260,0.002671,0.001508,0.000545,0.002228,0.009673,0.002711,0.058908,0.000755,0.120595,0.000493,0.001159,0.000493,0.001529,0.000000,0.001338,0.000493,0.018641,0.000000,0.000000,0.000000,0.000000,0.000000,0.000000,0.000000,0.000000,0.000000,0.000000,0.000000,0.000000,0.000000,0.000000,0.000000
PRP.narrow,0.001049,0.001044,0.000000,0.000000,0.000000,0.038857,0.000000,0.000000,0.000000,0.000000,0.471212,0.001452,0.002772,0.017274,0.021646,0.017868,0.003091,0.002678,0.000823,0.003729,0.016738,0.017255,0.067945,0.000852,0.016639,0.001913,0.010634,0.002638,0.000814,0.000000,0.000814,0.000814,0.004224,0.000000,0.000000,0.000000,0.000000,0.000000,0.000000,0.000000,0.000000,0.000000,0.000000,0.000000,0.000000,0.000000,0.000000,0.000000
PRP.near,0.006329,0.001045,0.000000,0.000000,0.000000,0.052974,0.000000,0.000000,0.000000,0.000000,0.338600,0.001398,0.113562,0.008170,0.040363,0.002762,0.004190,0.006035,0.001112,0.011095,0.025300,0.005683,0.036473,0.001003,0.001003,0.029595,0.004859,0.001803,0.001230,0.000000,0.001003,0.004799,0.004330,0.000000,0.000000,0.000000,0.000000,0.000000,0.000000,0.000000,0.000000,0.000000,0.000000,0.000000,0.000000,0.000000,0.000000,0.000000
PRP.new,0.158975,0.000216,0.000000,0.000000,0.000000,0.070326,0.000000,0.000000,0.000000,0.000000,0.097708,0.020922,0.002164,0.000794,0.029050,0.008590,0.011649,0.000310,0.000216,0.000218,0.022929,0.000964,0.025168,0.004011,0.000294,0.000217,0.018154,0.112160,0.000216,0.000000,0.026988,0.000216,0.003601,0.000000,0.000000,0.000000,0.000000,0.000000,0.000000,0.000000,0.000000,0.000000,0.000000,0.000000,0.000000,0.000000,0.000000,0.000000
PRP.old,0.017378,0.003812,0.000000,0.000000,0.000000,0.139229,0.000000,0.000000,0.000000,0.000000,0.163201,0.001064,0.008709,0.001328,0.045773,0.010113,0.000461,0.000806,0.000248,0.001117,0.003725,0.001238,0.062449,0.003919,0.013602,0.000507,0.003955,0.000323,0.003125,0.000000,0.000269,0.006768,0.000784,0.000000,0.000000,0.000000,0.000000,0.000000,0.000000,0.000000,0.000000,0.000000,0.000000,0.000000,0.000000,0.000000,0.000000,0.000000
PRP.part,0.004377,0.001554,0.000000,0.000000,0.000000,0.080779,0.000000,0.000000,0.000000,0.000000,0.269223,0.008335,0.037251,0.079565,0.010074,0.005781,0.005198,0.005970,0.001096,0.005167,0.004259,0.028770,0.047016,0.000625,0.008245,0.007035,0.014763,0.008134,0.001309,0.000000,0.000681,0.005767,0.001638,0.000000,0.000000,0.000000,0.000000,0.000000,0.000000,0.000000,0.000000,0.000000,0.000000,0.000000,0.000000,0.000000,0.000000,0.000000
PRP.possible,0.007982,0.001318,0.000000,0.000000,0.000000,0.055618,0.000000,0.000000,0.000000,0.000000,0.263257,0.006071,0.004334,0.004627,0.058325,0.019360,0.007989,0.007973,0.000602,0.000607,0.013828,0.008024,0.031116,0.001710,0.000606,0.000918,0.005866,0.014912,0.000673,0.000000,0.001184,0.000752,0.079245,0.000000,0.000000,0.000000,0.000000,0.000000,0.000000,0.000000,0.000000,0.000000,0.000000,0.000000,0.000000,0.000000,0.000000,0.000000
PRP.rough,0.000377,0.000360,0.000000,0.000000,0.000000,0.036379,0.000000,0.000000,0.000000,0.000000,0.547426,0.000273,0.000429,0.020444,0.007046,0.012606,0.000805,0.000438,0.001451,0.000620,0.031604,0.011072,0.029892,0.000183,0.005584,0.000244,0.000735,0.000493,0.002021,0.000000,0.000186,0.000284,0.000979,0.000000,0.000000,0.000000,0.000000,0.000000,0.000000,0.000000,0.000000,0.000000,0.000000,0.000000,0.000000,0.000000,0.000000,0.000000
PRP.shallow,0.001275,0.000838,0.000000,0.000000,0.000000,0.034962,0.000000,0.000000,0.000000,0.000000,0.256231,0.005653,0.004604,0.026905,0.028705,0.006742,0.003080,0.001734,0.000631,0.002872,0.422182,0.006582,0.011429,0.000627,0.004604,0.000745,0.001814,0.001115,0.000729,0.000000,0.000627,0.000669,0.002993,0.000000,0.000000,0.000000,0.000000,0.000000,0.000000,0.000000,0.000000,0.000000,0.000000,0.000000,0.000000,0.000000,0.000000,0.000000
PRP.sharp,0.001558,0.000874,0.000000,0.000000,0.000000,0.056273,0.000000,0.000000,0.000000,0.000000,0.239629,0.029305,0.002703,0.007840,0.038828,0.010321,0.019321,0.001230,0.000449,0.001151,0.003469,0.007501,0.067012,0.000452,0.006288,0.000427,0.009328,0.005066,0.000493,0.000000,0.001122,0.000441,0.001452,0.000000,0.000000,0.000000,0.000000,0.000000,0.000000,0.000000,0.000000,0.000000,0.000000,0.000000,0.000000,0.000000,0.000000,0.000000
PRP.short,0.001500,0.011705,0.000000,0.000000,0.000000,0.051727,0.000000,0.000000,0.000000,0.000000,0.175684,0.037880,0.004484,0.012381,0.105635,0.018154,0.003838,0.004409,0.001106,0.001106,0.003237,0.008432,0.039360,0.001106,0.010191,0.001330,0.001106,0.003237,0.001106,0.000000,0.001106,0.001106,0.002570,0.000000,0.000000,0.000000,0.000000,0.000000,0.000000,0.000000,0.000000,0.000000,0.000000,0.000000,0.000000,0.000000,0.000000,0.000000
PRP.single,0.000102,0.000434,0.000000,0.000000,0.000000,0.439241,0.000000,0.000000,0.000000,0.000000,0.005973,0.003958,0.036931,0.010386,0.086682,0.173584,0.000073,0.000052,0.000052,0.000994,0.000070,0.000451,0.113086,0.000422,0.001310,0.010280,0.000828,0.002707,0.000054,0.000000,0.000061,0.000376,0.000716,0.000000,0.000000,0.000000,0.000000,0.000000,0.000000,0.000000,0.000000,0.000000,0.000000,0.000000,0.000000,0.000000,0.000000,0.000000
PRP.slow,0.000798,0.000769,0.000000,0.000000,0.000000,0.126942,0.000000,0.000000,0.000000,0.000000,0.230802,0.002347,0.011650,0.003789,0.023202,0.017984,0.009903,0.027332,0.002754,0.000998,0.012747,0.013005,0.026169,0.000758,0.023804,0.000758,0.008773,0.000863,0.001204,0.000000,0.000758,0.000758,0.008748,0.000000,0.000000,0.000000,0.000000,0.000000,0.000000,0.000000,0.000000,0.000000,0.000000,0.000000,0.000000,0.000000,0.000000,0.000000
PRP.small,0.000668,0.000876,0.000000,0.000000,0.000000,0.185337,0.000000,0.000000,0.000000,0.000000,0.232384,0.010174,0.001166,0.002881,0.041452,0.049058,0.005490,0.000592,0.000568,0.000655,0.033493,0.001415,0.073130,0.000651,0.017340,0.000817,0.001395,0.001252,0.000809,0.000000,0.000817,0.001428,0.001429,0.000000,0.000000,0.000000,0.000000,0.000000,0.000000,0.000000,0.000000,0.000000,0.000000,0.000000,0.000000,0.000000,0.000000,0.000000
PRP.smooth,0.000948,0.000615,0.000000,0.000000,0.000000,0.047787,0.000000,0.000000,0.000000,0.000000,0.399714,0.000294,0.001230,0.005663,0.008155,0.016716,0.006565,0.000857,0.000455,0.001897,0.010465,0.006231,0.061355,0.000240,0.003281,0.000327,0.020967,0.003308,0.000891,0.000000,0.000240,0.000240,0.001172,0.000000,0.000000,0.000000,0.000000,0.000000,0.000000,0.000000,0.000000,0.000000,0.000000,0.000000,0.000000,0.000000,0.000000,0.000000
PRP.soft,0.000560,0.001264,0.000000,0.000000,0.000000,0.064459,0.000000,0.000000,0.000000,0.000000,0.422257,0.000666,0.020905,0.004349,0.039590,0.008025,0.019047,0.000505,0.000405,0.004121,0.010350,0.003350,0.076010,0.000720,0.000566,0.012427,0.032906,0.001455,0.000405,0.000000,0.000405,0.000405,0.008914,0.000000,0.000000,0.000000,0.000000,0.000000,0.000000,0.000000,0.000000,0.000000,0.000000,0.000000,0.000000,0.000000,0.000000,0.000000
PRP.strong,0.000141,0.000264,0.000000,0.000000,0.000000,0.211928,0.000000,0.000000,0.000000,0.000000,0.446912,0.000139,0.003849,0.002155,0.011268,0.022492,0.003606,0.000404,0.000134,0.000598,0.000262,0.001171,0.086561,0.000487,0.020537,0.000134,0.001494,0.000326,0.000134,0.000000,0.000134,0.000134,0.000462,0.000000,0.000000,0.000000,0.000000,0.000000,0.000000,0.000000,0.000000,0.000000,0.000000,0.000000,0.000000,0.000000,0.000000,0.000000
PRP.weak,0.000161,0.000140,0.000000,0.000000,0.000000,0.359228,0.000000,0.000000,0.000000,0.000000,0.364896,0.000139,0.000128,0.003602,0.008858,0.010139,0.000739,0.000281,0.000122,0.000123,0.004813,0.002174,0.047428,0.000189,0.038555,0.000122,0.000223,0.000124,0.000136,0.000000,0.000122,0.000122,0.000964,0.000000,0.000000,0.000000,0.000000,0.000000,0.000000,0.000000,0.000000,0.000000,0.000000,0.000000,0.000000,0.000000,0.000000,0.000000
PRP.wet,0.002281,0.000390,0.000000,0.000000,0.000000,0.027551,0.000000,0.000000,0.000000,0.000000,0.602558,0.000342,0.000813,0.000775,0.015624,0.004109,0.004648,0.001532,0.000551,0.000723,0.017625,0.000474,0.049902,0.000341,0.008006,0.000547,0.005615,0.002728,0.001787,0.000000,0.000341,0.000848,0.009908,0.000000,0.000000,0.000000,0.000000,0.000000,0.000000,0.000000,0.000000,0.000000,0.000000,0.000000,0.000000,0.000000,0.000000,0.000000
PRP.whole,0.004794,0.006157,0.000000,0.000000,0.000000,0.078966,0.000000,0.000000,0.000000,0.000000,0.138196,0.007691,0.018612,0.065333,0.035400,0.014364,0.004571,0.007486,0.000928,0.005713,0.004345,0.016230,0.132155,0.003799,0.003064,0.034387,0.019670,0.015449,0.000880,0.000000,0.001186,0.003603,0.002616,0.000000,0.000000,0.000000,0.000000,0.000000,0.000000,0.000000,0.000000,0.000000,0.000000,0.000000,0.000000,0.000000,0.000000,0.000000
PRP.wide,0.000525,0.000525,0.000000,0.000000,0.000000,0.050072,0.000000,0.000000,0.000000,0.000000,0.460110,0.000533,0.002233,0.030947,0.014901,0.029334,0.000595,0.000583,0.000525,0.002538,0.005028,0.033416,0.038713,0.000599,0.000619,0.000843,0.000549,0.002364,0.000525,0.000000,0.000525,0.000525,0.000777,0.000000,0.000000,0.000000,0.000000,0.000000,0.000000,0.000000,0.000000,0.000000,0.000000,0.000000,0.000000,0.000000,0.000000,0.000000
PRP.young,0.063957,0.000437,0.000000,0.000000,0.000000,0.316781,0.000000,0.000000,0.000000,0.000000,0.059421,0.006488,0.006285,0.001051,0.057035,0.009516,0.004494,0.000387,0.000182,0.001329,0.005861,0.001011,0.078754,0.000307,0.005497,0.000458,0.032530,0.010121,0.000503,0.000000,0.000138,0.011233,0.000817,0.000000,0.000000,0.000000,0.000000,0.000000,0.000000,0.000000,0.000000,0.000000,0.000000,0.000000,0.000000,0.000000,0.000000,0.000000
REL.alone,0.000046,0.000087,0.000000,0.000000,0.000000,0.319324,0.000000,0.000000,0.000000,0.000000,0.020114,0.000034,0.158616,0.000045,0.042744,0.255636,0.000031,0.000031,0.000031,0.000031,0.000031,0.000068,0.137191,0.008853,0.009591,0.000031,0.000132,0.000031,0.000031,0.000000,0.000451,0.006696,0.000296,0.000000,0.000000,0.000000,0.000000,0.000000,0.000000,0.000000,0.000000,0.000000,0.000000,0.000000,0.000000,0.000000,0.000000,0.000000
REL.different,0.000893,0.000900,0.000000,0.000000,0.000000,0.027185,0.000000,0.000000,0.000000,0.000000,0.011318,0.008740,0.457373,0.010253,0.039253,0.007326,0.003900,0.000870,0.001226,0.003405,0.020651,0.012206,0.106560,0.001900,0.003455,0.006173,0.022711,0.007296,0.000870,0.000000,0.009404,0.000870,0.001258,0.000000,0.000000,0.000000,0.000000,0.000000,0.000000,0.000000,0.000000,0.000000,0.000000,0.000000,0.000000,0.000000,0.000000,0.000000
REL.same,0.000857,0.001671,0.000000,0.000000,0.000000,0.027491,0.000000,0.000000,0.000000,0.000000,0.032170,0.011565,0.322405,0.006574,0.028110,0.004047,0.002688,0.002419,0.009337,0.020144,0.001148,0.012846,0.173933,0.005771,0.001238,0.025006,0.003622,0.003555,0.003988,0.000000,0.000572,0.002108,0.002599,0.000000,0.000000,0.000000,0.000000,0.000000,0.000000,0.000000,0.000000,0.000000,0.000000,0.000000,0.000000,0.000000,0.000000,0.000000
REL.together,0.003652,0.002949,0.000000,0.000000,0.000000,0.003077,0.000000,0.000000,0.000000,0.000000,0.003100,0.000296,0.561342,0.022897,0.007419,0.000259,0.002371,0.000335,0.031522,0.024377,0.001009,0.003252,0.067789,0.000275,0.002231,0.055479,0.005371,0.015011,0.000259,0.000000,0.000259,0.000259,0.002271,0.000000,0.000000,0.000000,0.000000,0.000000,0.000000,0.000000,0.000000,0.000000,0.000000,0.000000,0.000000,0.000000,0.000000,0.000000
SOC.attack,0.000856,0.000392,0.000000,0.000000,0.000000,0.095302,0.000000,0.000000,0.000000,0.000000,0.127522,0.013182,0.069882,0.004540,0.014941,0.000567,0.022180,0.012123,0.002858,0.001559,0.002817,0.005667,0.076182,0.000696,0.277371,0.000854,0.007705,0.003220,0.000408,0.000000,0.001205,0.000392,0.006533,0.000000,0.000000,0.000000,0.000000,0.000000,0.000000,0.000000,0.000000,0.000000,0.000000,0.000000,0.000000,0.000000,0.000000,0.000000
SOC.awake,0.009595,0.000413,0.000000,0.000000,0.000000,0.446368,0.000000,0.000000,0.000000,0.000000,0.045984,0.000513,0.003691,0.000388,0.023265,0.010988,0.026982,0.000817,0.000271,0.000571,0.001860,0.000924,0.066107,0.002660,0.003963,0.000630,0.042316,0.004343,0.005765,0.000000,0.000242,0.000242,0.003308,0.000000,0.000000,0.000000,0.000000,0.000000,0.000000,0.000000,0.000000,0.000000,0.000000,0.000000,0.000000,0.000000,0.000000,0.000000
SOC.citizen,0.003004,0.006825,0.000000,0.000000,0.000000,0.201517,0.000000,0.000000,0.000000,0.000000,0.009072,0.002885,0.085718,0.034149,0.061934,0.000662,0.001799,0.004303,0.000883,0.005250,0.001134,0.006796,0.079369,0.000357,0.008448,0.013077,0.004742,0.002938,0.000328,0.000000,0.000534,0.000287,0.005731,0.000000,0.000000,0.000000,0.000000,0.000000,0.000000,0.000000,0.000000,0.000000,0.000000,0.000000,0.000000,0.000000,0.000000,0.000000
SOC.city,0.002980,0.016884,0.000000,0.000000,0.000000,0.033206,0.000000,0.000000,0.000000,0.000000,0.179835,0.000591,0.001000,0.070724,0.006400,0.000226,0.011156,0.000291,0.000226,0.004417,0.000273,0.005518,0.064883,0.000226,0.000460,0.007648,0.070829,0.010824,0.000226,0.000000,0.000226,0.000226,0.003311,0.000000,0.000000,0.000000,0.000000,0.000000,0.000000,0.000000,0.000000,0.000000,0.000000,0.000000,0.000000,0.000000,0.000000,0.000000
SOC.criticize,0.001148,0.000457,0.000000,0.000000,0.000000,0.170650,0.000000,0.000000,0.000000,0.000000,0.011552,0.006015,0.125344,0.001452,0.107712,0.001451,0.020164,0.001198,0.001252,0.001919,0.006247,0.004812,0.045819,0.000494,0.229758,0.000412,0.008005,0.000437,0.000446,0.000000,0.000440,0.000412,0.005856,0.000000,0.000000,0.000000,0.000000,0.000000,0.000000,0.000000,0.000000,0.000000,0.000000,0.000000,0.000000,0.000000,0.000000,0.000000
SOC.defend,0.001145,0.012546,0.000000,0.000000,0.000000,0.112646,0.000000,0.000000,0.000000,0.000000,0.137093,0.005607,0.055984,0.011355,0.051224,0.002907,0.007178,0.003478,0.000934,0.002584,0.003572,0.005163,0.089342,0.001514,0.003167,0.017733,0.005198,0.003077,0.001129,0.000000,0.000825,0.000825,0.005211,0.000000,0.000000,0.000000,0.000000,0.000000,0.000000,0.000000,0.000000,0.000000,0.000000,0.000000,0.000000,0.000000,0.000000,0.000000
SOC.family,0.004746,0.004605,0.000000,0.000000,0.000000,0.033729,0.000000,0.000000,0.000000,0.000000,0.023366,0.007991,0.348678,0.036199,0.021178,0.003045,0.002233,0.001546,0.001057,0.016255,0.000859,0.012326,0.100175,0.000739,0.027299,0.018544,0.002600,0.012340,0.002416,0.000000,0.000715,0.000718,0.003680,0.000000,0.000000,0.000000,0.000000,0.000000,0.000000,0.000000,0.000000,0.000000,0.000000,0.000000,0.000000,0.000000,0.000000,0.000000
SOC.homeless,0.006241,0.001044,0.000000,0.000000,0.000000,0.149325,0.000000,0.000000,0.000000,0.000000,0.234389,0.002978,0.031251,0.008662,0.009528,0.008604,0.026156,0.005134,0.001197,0.002522,0.005563,0.009871,0.083426,0.002863,0.070807,0.005332,0.013685,0.002665,0.005227,0.000000,0.001348,0.000979,0.028244,0.000000,0.000000,0.000000,0.000000,0.000000,0.000000,0.000000,0.000000,0.000000,0.000000,0.000000,0.000000,0.000000,0.000000,0.000000
SOC.individual,0.001266,0.000763,0.000000,0.000000,0.000000,0.545884,0.000000,0.000000,0.000000,0.000000,0.049297,0.008431,0.027700,0.002658,0.034597,0.051456,0.005563,0.000406,0.000106,0.002515,0.003569,0.000963,0.035526,0.002255,0.024716,0.002124,0.010920,0.005168,0.000416,0.000000,0.000976,0.001714,0.001476,0.000000,0.000000,0.000000,0.000000,0.000000,0.000000,0.000000,0.000000,0.000000,0.000000,0.000000,0.000000,0.000000,0.000000,0.000000
SOC.nation,0.001895,0.020084,0.000000,0.000000,0.000000,0.000261,0.000000,0.000000,0.000000,0.000000,0.038593,0.000678,0.037538,0.076803,0.026484,0.007044,0.004745,0.001086,0.000415,0.004922,0.001498,0.013929,0.054504,0.001081,0.019393,0.012494,0.004549,0.002855,0.000336,0.000000,0.000283,0.000479,0.006709,0.000000,0.000000,0.000000,0.000000,0.000000,0.000000,0.000000,0.000000,0.000000,0.000000,0.000000,0.000000,0.000000,0.000000,0.000000
SOC.obstruct,0.001546,0.000885,0.000000,0.000000,0.000000,0.098660,0.000000,0.000000,0.000000,0.000000,0.346381,0.001970,0.022800,0.010931,0.020237,0.002886,0.006113,0.010783,0.000605,0.000447,0.004877,0.009879,0.095508,0.000741,0.074926,0.000413,0.006874,0.000416,0.000799,0.000000,0.001078,0.000434,0.009644,0.000000,0.000000,0.000000,0.000000,0.000000,0.000000,0.000000,0.000000,0.000000,0.000000,0.000000,0.000000,0.000000,0.000000,0.000000
SOC.official,0.003860,0.010197,0.000000,0.000000,0.000000,0.167352,0.000000,0.000000,0.000000,0.000000,0.016343,0.014485,0.056046,0.070456,0.020400,0.001533,0.018104,0.005493,0.000696,0.002167,0.002074,0.012926,0.070775,0.000468,0.007269,0.002642,0.013304,0.005828,0.001668,0.000000,0.000409,0.001817,0.002090,0.000000,0.000000,0.000000,0.000000,0.000000,0.000000,0.000000,0.000000,0.000000,0.000000,0.000000,0.000000,0.000000,0.000000,0.000000
SOC.pass,0.001485,0.000594,0.000000,0.000000,0.000000,0.086539,0.000000,0.000000,0.000000,0.000000,0.233499,0.004399,0.004477,0.019518,0.005085,0.015823,0.009532,0.026445,0.000589,0.000815,0.015280,0.012739,0.023889,0.000556,0.004187,0.000605,0.031159,0.019263,0.001022,0.000000,0.000556,0.000587,0.003803,0.000000,0.000000,0.000000,0.000000,0.000000,0.000000,0.000000,0.000000,0.000000,0.000000,0.000000,0.000000,0.000000,0.000000,0.000000
SOC.praise,0.001107,0.003353,0.000000,0.000000,0.000000,0.205477,0.000000,0.000000,0.000000,0.000000,0.029877,0.020258,0.137823,0.003213,0.205482,0.001292,0.023261,0.000482,0.002990,0.005050,0.015099,0.006249,0.053363,0.000448,0.007731,0.004893,0.009520,0.009239,0.000471,0.000000,0.001324,0.000420,0.005336,0.000000,0.000000,0.000000,0.000000,0.000000,0.000000,0.000000,0.000000,0.000000,0.000000,0.000000,0.000000,0.000000,0.000000,0.000000
SOC.public,0.000581,0.002446,0.000000,0.000000,0.000000,0.000368,0.000000,0.000000,0.000000,0.000000,0.005275,0.006475,0.099244,0.029151,0.053280,0.000954,0.011889,0.001129,0.007636,0.014231,0.004858,0.009118,0.062717,0.000368,0.010167,0.053541,0.012378,0.006897,0.000368,0.000000,0.000439,0.001068,0.002315,0.000000,0.000000,0.000000,0.000000,0.000000,0.000000,0.000000,0.000000,0.000000,0.000000,0.000000,0.000000,0.000000,0.000000,0.000000
SOC.refuse,0.002027,0.000487,0.000000,0.000000,0.000000,0.291576,0.000000,0.000000,0.000000,0.000000,0.002452,0.002518,0.126223,0.005357,0.088998,0.003934,0.020019,0.008692,0.000488,0.001291,0.005773,0.007015,0.095267,0.001187,0.048187,0.000486,0.014898,0.000737,0.001475,0.000000,0.000820,0.000486,0.008313,0.000000,0.000000,0.000000,0.000000,0.000000,0.000000,0.000000,0.000000,0.000000,0.000000,0.000000,0.000000,0.000000,0.000000,0.000000
SOC.request,0.005116,0.002975,0.000000,0.000000,0.000000,0.230238,0.000000,0.000000,0.000000,0.000000,0.017007,0.007118,0.183963,0.007087,0.040582,0.001186,0.034013,0.002062,0.000589,0.003702,0.010277,0.010197,0.051569,0.000590,0.015589,0.020896,0.009483,0.009191,0.000626,0.000000,0.000590,0.000589,0.004361,0.000000,0.000000,0.000000,0.000000,0.000000,0.000000,0.000000,0.000000,0.000000,0.000000,0.000000,0.000000,0.000000,0.000000,0.000000
SOC.rest,0.005021,0.000707,0.000000,0.000000,0.000000,0.329318,0.000000,0.000000,0.000000,0.000000,0.107588,0.000304,0.002166,0.001351,0.032604,0.040049,0.001885,0.000801,0.000393,0.000890,0.009029,0.000468,0.057095,0.000310,0.007035,0.003991,0.006672,0.001070,0.036473,0.000000,0.000239,0.000563,0.001504,0.000000,0.000000,0.000000,0.000000,0.000000,0.000000,0.000000,0.000000,0.000000,0.000000,0.000000,0.000000,0.000000,0.000000,0.000000
SOC.sleep,0.002190,0.000764,0.000000,0.000000,0.000000,0.442040,0.000000,0.000000,0.000000,0.000000,0.093699,0.000722,0.000285,0.007726,0.009189,0.022223,0.000413,0.000960,0.000368,0.000280,0.003506,0.001130,0.074104,0.000968,0.000696,0.000432,0.001694,0.000831,0.050794,0.000000,0.000235,0.006168,0.001676,0.000000,0.000000,0.000000,0.000000,0.000000,0.000000,0.000000,0.000000,0.000000,0.000000,0.000000,0.000000,0.000000,0.000000,0.000000
SOC.stateless,0.000879,0.001080,0.000000,0.000000,0.000000,0.359639,0.000000,0.000000,0.000000,0.000000,0.001052,0.004624,0.081382,0.008641,0.020509,0.012118,0.003071,0.001696,0.000337,0.000725,0.000330,0.000913,0.088624,0.008973,0.061551,0.000330,0.005248,0.005894,0.000330,0.000000,0.000352,0.000330,0.037414,0.000000,0.000000,0.000000,0.000000,0.000000,0.000000,0.000000,0.000000,0.000000,0.000000,0.000000,0.000000,0.000000,0.000000,0.000000
SOC.village,0.000194,0.002457,0.000000,0.000000,0.000000,0.018501,0.000000,0.000000,0.000000,0.000000,0.177174,0.000091,0.015564,0.018471,0.027233,0.001164,0.000945,0.000130,0.000633,0.004875,0.000643,0.002870,0.049179,0.000130,0.000091,0.006589,0.000228,0.002238,0.005204,0.000000,0.000091,0.000091,0.000197,0.000000,0.000000,0.000000,0.000000,0.000000,0.000000,0.000000,0.000000,0.000000,0.000000,0.000000,0.000000,0.000000,0.000000,0.000000
SOC.work,0.002947,0.003548,0.000000,0.000000,0.000000,0.141809,0.000000,0.000000,0.000000,0.000000,0.088193,0.036302,0.036567,0.029999,0.014919,0.012858,0.010185,0.006489,0.000836,0.001941,0.004136,0.007306,0.035189,0.000450,0.012201,0.001720,0.011016,0.016529,0.009224,0.000000,0.000914,0.002356,0.003712,0.000000,0.000000,0.000000,0.000000,0.000000,0.000000,0.000000,0.000000,0.000000,0.000000,0.000000,0.000000,0.000000,0.000000,0.000000
SPC.direction,0.001160,0.002464,0.000000,0.000000,0.000000,0.084070,0.000000,0.000000,0.000000,0.000000,0.108232,0.028689,0.037786,0.036790,0.053524,0.005566,0.014524,0.009481,0.001024,0.004710,0.003911,0.017276,0.061868,0.000801,0.001177,0.003571,0.022106,0.008301,0.006345,0.000000,0.002528,0.002686,0.005755,0.000000,0.000000,0.000000,0.000000,0.000000,0.000000,0.000000,0.000000,0.000000,0.000000,0.000000,0.000000,0.000000,0.000000,0.000000
SPC.inside,0.001265,0.001522,0.000000,0.000000,0.000000,0.035991,0.000000,0.000000,0.000000,0.000000,0.193769,0.001263,0.015084,0.025590,0.034189,0.008838,0.002047,0.001812,0.001261,0.011737,0.001261,0.009216,0.173713,0.001903,0.038063,0.105766,0.010115,0.001319,0.001273,0.000000,0.001261,0.009673,0.002908,0.000000,0.000000,0.000000,0.000000,0.000000,0.000000,0.000000,0.000000,0.000000,0.000000,0.000000,0.000000,0.000000,0.000000,0.000000
SPC.nowhere,0.000682,0.000682,0.000000,0.000000,0.000000,0.221702,0.000000,0.000000,0.000000,0.000000,0.043592,0.000761,0.027738,0.000682,0.072288,0.040663,0.001919,0.001047,0.000682,0.011358,0.004473,0.001284,0.158128,0.013998,0.064301,0.000682,0.003186,0.000682,0.000682,0.000000,0.000721,0.003598,0.009921,0.000000,0.000000,0.000000,0.000000,0.000000,0.000000,0.000000,0.000000,0.000000,0.000000,0.000000,0.000000,0.000000,0.000000,0.000000
SPC.outside,0.000400,0.000400,0.000000,0.000000,0.000000,0.033693,0.000000,0.000000,0.000000,0.000000,0.288850,0.059780,0.015857,0.006968,0.005872,0.015068,0.005883,0.001749,0.000400,0.004755,0.005172,0.013212,0.190234,0.001260,0.002550,0.002805,0.004117,0.000851,0.000674,0.000000,0.000400,0.003203,0.003684,0.000000,0.000000,0.000000,0.000000,0.000000,0.000000,0.000000,0.000000,0.000000,0.000000,0.000000,0.000000,0.000000,0.000000,0.000000
SPC.place,0.003739,0.006905,0.000000,0.000000,0.000000,0.036756,0.000000,0.000000,0.000000,0.000000,0.293789,0.005157,0.016944,0.041891,0.029704,0.015116,0.007385,0.004890,0.001389,0.002900,0.001778,0.024841,0.047234,0.002363,0.016015,0.010668,0.005604,0.003267,0.001090,0.000000,0.000617,0.002574,0.004711,0.000000,0.000000,0.000000,0.000000,0.000000,0.000000,0.000000,0.000000,0.000000,0.000000,0.000000,0.000000,0.000000,0.000000,0.000000
SPC.reverse,0.000676,0.000676,0.000000,0.000000,0.000000,0.081543,0.000000,0.000000,0.000000,0.000000,0.179184,0.001420,0.014671,0.023315,0.133409,0.017682,0.008332,0.004540,0.000676,0.006547,0.000676,0.012532,0.117994,0.001746,0.000676,0.000927,0.040256,0.002040,0.018607,0.000000,0.000676,0.000676,0.004330,0.000000,0.000000,0.000000,0.000000,0.000000,0.000000,0.000000,0.000000,0.000000,0.000000,0.000000,0.000000,0.000000,0.000000,0.000000
STA.comfort,0.000574,0.000640,0.000000,0.000000,0.000000,0.276146,0.000000,0.000000,0.000000,0.000000,0.200521,0.000277,0.010571,0.001233,0.010248,0.006421,0.001970,0.002454,0.000277,0.001464,0.004341,0.000593,0.087239,0.000445,0.020404,0.023268,0.006301,0.004509,0.000320,0.000000,0.000410,0.000354,0.002467,0.000000,0.000000,0.000000,0.000000,0.000000,0.000000,0.000000,0.000000,0.000000,0.000000,0.000000,0.000000,0.000000,0.000000,0.000000
STA.danger,0.001894,0.001007,0.000000,0.000000,0.000000,0.124146,0.000000,0.000000,0.000000,0.000000,0.051509,0.008446,0.011774,0.004246,0.040432,0.011436,0.023013,0.009409,0.000615,0.000787,0.004950,0.002381,0.117569,0.009278,0.318353,0.000446,0.003051,0.000446,0.000517,0.000000,0.014475,0.002065,0.031036,0.000000,0.000000,0.000000,0.000000,0.000000,0.000000,0.000000,0.000000,0.000000,0.000000,0.000000,0.000000,0.000000,0.000000,0.000000
STA.healing,0.002928,0.001308,0.000000,0.000000,0.000000,0.193117,0.000000,0.000000,0.000000,0.000000,0.214635,0.002594,0.004495,0.000723,0.011825,0.003317,0.017536,0.003146,0.000394,0.001311,0.008912,0.002397,0.053492,0.000416,0.013435,0.001075,0.072246,0.014484,0.000620,0.000000,0.000416,0.000484,0.005090,0.000000,0.000000,0.000000,0.000000,0.000000,0.000000,0.000000,0.000000,0.000000,0.000000,0.000000,0.000000,0.000000,0.000000,0.000000
STA.health,0.001162,0.001591,0.000000,0.000000,0.000000,0.389092,0.000000,0.000000,0.000000,0.000000,0.168462,0.000474,0.000674,0.001936,0.023315,0.009991,0.000735,0.000434,0.000301,0.000337,0.015875,0.002113,0.085423,0.000482,0.036316,0.002638,0.005118,0.004828,0.000301,0.000000,0.000301,0.000301,0.002541,0.000000,0.000000,0.000000,0.000000,0.000000,0.000000,0.000000,0.000000,0.000000,0.000000,0.000000,0.000000,0.000000,0.000000,0.000000
STA.illness,0.005759,0.002377,0.000000,0.000000,0.000000,0.241937,0.000000,0.000000,0.000000,0.000000,0.224178,0.002403,0.003216,0.002794,0.006485,0.010138,0.005364,0.004336,0.000324,0.000293,0.007694,0.001450,0.032942,0.000890,0.212027,0.000623,0.003574,0.000590,0.000933,0.000000,0.000714,0.000370,0.006570,0.000000,0.000000,0.000000,0.000000,0.000000,0.000000,0.000000,0.000000,0.000000,0.000000,0.000000,0.000000,0.000000,0.000000,0.000000
STA.pain,0.016626,0.000749,0.000000,0.000000,0.000000,0.190951,0.000000,0.000000,0.000000,0.000000,0.305243,0.000213,0.000351,0.000442,0.003389,0.005761,0.007084,0.001914,0.000131,0.000425,0.005740,0.000252,0.047447,0.000717,0.161817,0.000131,0.000889,0.000241,0.001090,0.000000,0.001540,0.000276,0.004390,0.000000,0.000000,0.000000,0.000000,0.000000,0.000000,0.000000,0.000000,0.000000,0.000000,0.000000,0.000000,0.000000,0.000000,0.000000
STA.peace,0.000541,0.010001,0.000000,0.000000,0.000000,0.061033,0.000000,0.000000,0.000000,0.000000,0.012485,0.001437,0.102639,0.004744,0.085645,0.001670,0.012566,0.001869,0.000413,0.048981,0.000348,0.001981,0.197053,0.000445,0.011796,0.035555,0.019764,0.008331,0.000405,0.000000,0.000348,0.000348,0.007466,0.000000,0.000000,0.000000,0.000000,0.000000,0.000000,0.000000,0.000000,0.000000,0.000000,0.000000,0.000000,0.000000,0.000000,0.000000
STA.poverty,0.003980,0.000847,0.000000,0.000000,0.000000,0.228592,0.000000,0.000000,0.000000,0.000000,0.147744,0.000248,0.006056,0.006617,0.018867,0.007050,0.009970,0.003405,0.000267,0.003447,0.000402,0.001003,0.116530,0.003817,0.159577,0.001503,0.005375,0.006716,0.000376,0.000000,0.000210,0.000208,0.029038,0.000000,0.000000,0.000000,0.000000,0.000000,0.000000,0.000000,0.000000,0.000000,0.000000,0.000000,0.000000,0.000000,0.000000,0.000000
STA.war,0.008408,0.000933,0.000000,0.000000,0.000000,0.026151,0.000000,0.000000,0.000000,0.000000,0.152901,0.013441,0.085766,0.008760,0.011250,0.000599,0.016932,0.004306,0.000612,0.004625,0.002326,0.006327,0.069027,0.001480,0.279683,0.000347,0.013435,0.000755,0.000319,0.000000,0.002034,0.000319,0.010766,0.000000,0.000000,0.000000,0.000000,0.000000,0.000000,0.000000,0.000000,0.000000,0.000000,0.000000,0.000000,0.000000,0.000000,0.000000
STA.wealth,0.002145,0.006476,0.000000,0.000000,0.000000,0.151116,0.000000,0.000000,0.000000,0.000000,0.358570,0.000213,0.003009,0.002090,0.052329,0.008082,0.005588,0.000778,0.000280,0.002486,0.002557,0.003469,0.049361,0.000836,0.008652,0.000690,0.003144,0.006127,0.003552,0.000000,0.000213,0.000213,0.002550,0.000000,0.000000,0.000000,0.000000,0.000000,0.000000,0.000000,0.000000,0.000000,0.000000,0.000000,0.000000,0.000000,0.000000,0.000000
STA.wound,0.033312,0.000406,0.000000,0.000000,0.000000,0.207780,0.000000,0.000000,0.000000,0.000000,0.278948,0.000153,0.000269,0.001941,0.002141,0.005451,0.006520,0.003406,0.000086,0.000232,0.023691,0.001884,0.028430,0.000302,0.205447,0.000084,0.000742,0.000151,0.000091,0.000000,0.000334,0.000228,0.004056,0.000000,0.000000,0.000000,0.000000,0.000000,0.000000,0.000000,0.000000,0.000000,0.000000,0.000000,0.000000,0.000000,0.000000,0.000000
TIM.appear,0.167096,0.000344,0.000000,0.000000,0.000000,0.044006,0.000000,0.000000,0.000000,0.000000,0.298233,0.009285,0.008517,0.002624,0.005906,0.005744,0.005656,0.000630,0.001390,0.000266,0.027014,0.000984,0.013196,0.000197,0.001657,0.000778,0.013796,0.013135,0.006612,0.000000,0.028217,0.000197,0.003209,0.000000,0.000000,0.000000,0.000000,0.000000,0.000000,0.000000,0.000000,0.000000,0.000000,0.000000,0.000000,0.000000,0.000000,0.000000
TIM.come,0.010404,0.007977,0.000000,0.000000,0.000000,0.086440,0.000000,0.000000,0.000000,0.000000,0.300179,0.004949,0.031424,0.004660,0.012189,0.008589,0.015327,0.007628,0.000839,0.004042,0.010067,0.007502,0.052229,0.001468,0.018483,0.052649,0.011685,0.007282,0.002561,0.000000,0.000870,0.002456,0.004562,0.000000,0.000000,0.000000,0.000000,0.000000,0.000000,0.000000,0.000000,0.000000,0.000000,0.000000,0.000000,0.000000,0.000000,0.000000
TIM.indefinite,0.001245,0.001058,0.000000,0.000000,0.000000,0.086977,0.000000,0.000000,0.000000,0.000000,0.014015,0.006516,0.012709,0.042014,0.174156,0.031808,0.005541,0.001047,0.001047,0.001480,0.018981,0.003554,0.074193,0.009595,0.006993,0.001047,0.005176,0.001047,0.001047,0.000000,0.007962,0.001047,0.067554,0.000000,0.000000,0.000000,0.000000,0.000000,0.000000,0.000000,0.000000,0.000000,0.000000,0.000000,0.000000,0.000000,0.000000,0.000000
TIM.moment,0.003852,0.001182,0.000000,0.000000,0.000000,0.113259,0.000000,0.000000,0.000000,0.000000,0.044301,0.017144,0.054668,0.012000,0.091050,0.025125,0.032691,0.012905,0.022085,0.003540,0.013768,0.008132,0.061651,0.001064,0.000755,0.000650,0.046613,0.004715,0.005231,0.000000,0.003919,0.009064,0.005952,0.000000,0.000000,0.000000,0.000000,0.000000,0.000000,0.000000,0.000000,0.000000,0.000000,0.000000,0.000000,0.000000,0.000000,0.000000
TIM.now,0.000445,0.000440,0.000000,0.000000,0.000000,0.110422,0.000000,0.000000,0.000000,0.000000,0.026298,0.045393,0.068608,0.006433,0.116567,0.014567,0.011863,0.001576,0.000440,0.002937,0.004771,0.002149,0.034375,0.004366,0.001248,0.001603,0.003024,0.002365,0.010486,0.000000,0.000440,0.009766,0.001772,0.000000,0.000000,0.000000,0.000000,0.000000,0.000000,0.000000,0.000000,0.000000,0.000000,0.000000,0.000000,0.000000,0.000000,0.000000
TIM.past,0.001526,0.002075,0.000000,0.000000,0.000000,0.043385,0.000000,0.000000,0.000000,0.000000,0.023025,0.023530,0.009668,0.015260,0.108290,0.009057,0.012763,0.014192,0.000840,0.002350,0.002628,0.023226,0.101202,0.007278,0.001021,0.000854,0.040081,0.001171,0.015453,0.000000,0.000840,0.006182,0.008864,0.000000,0.000000,0.000000,0.000000,0.000000,0.000000,0.000000,0.000000,0.000000,0.000000,0.000000,0.000000,0.000000,0.000000,0.000000
TIM.period,0.005268,0.019601,0.000000,0.000000,0.000000,0.085375,0.000000,0.000000,0.000000,0.000000,0.041979,0.019169,0.007473,0.047882,0.034548,0.013586,0.006969,0.005487,0.001222,0.001579,0.003248,0.014878,0.028161,0.002088,0.004666,0.000508,0.016541,0.008858,0.078674,0.000000,0.000556,0.007444,0.004522,0.000000,0.000000,0.000000,0.000000,0.000000,0.000000,0.000000,0.000000,0.000000,0.000000,0.000000,0.000000,0.000000,0.000000,0.000000
VAL.beauty,0.000052,0.000128,0.000000,0.000000,0.000000,0.096438,0.000000,0.000000,0.000000,0.000000,0.086082,0.000025,0.002140,0.002038,0.106592,0.006096,0.005871,0.000021,0.000022,0.004719,0.007754,0.000264,0.073711,0.000060,0.000069,0.004358,0.001923,0.000899,0.000022,0.000000,0.001061,0.000021,0.000628,0.000000,0.000000,0.000000,0.000000,0.000000,0.000000,0.000000,0.000000,0.000000,0.000000,0.000000,0.000000,0.000000,0.000000,0.000000
VAL.correct,0.001254,0.007923,0.000000,0.000000,0.000000,0.060855,0.000000,0.000000,0.000000,0.000000,0.017480,0.078038,0.007500,0.027428,0.167894,0.006580,0.010037,0.007361,0.000965,0.001054,0.001049,0.008524,0.092016,0.000910,0.009389,0.003130,0.033780,0.003247,0.000927,0.000000,0.000911,0.001238,0.003818,0.000000,0.000000,0.000000,0.000000,0.000000,0.000000,0.000000,0.000000,0.000000,0.000000,0.000000,0.000000,0.000000,0.000000,0.000000
VAL.evil,0.001545,0.000186,0.000000,0.000000,0.000000,0.086486,0.000000,0.000000,0.000000,0.000000,0.007962,0.000073,0.008927,0.001999,0.118932,0.001509,0.006089,0.001179,0.000065,0.001820,0.000300,0.000154,0.096678,0.003013,0.322069,0.000085,0.000131,0.000062,0.000064,0.000000,0.000070,0.002631,0.000637,0.000000,0.000000,0.000000,0.000000,0.000000,0.000000,0.000000,0.000000,0.000000,0.000000,0.000000,0.000000,0.000000,0.000000,0.000000
VAL.falsehood,0.011012,0.001002,0.000000,0.000000,0.000000,0.121013,0.000000,0.000000,0.000000,0.000000,0.002497,0.086181,0.020667,0.001724,0.155782,0.007204,0.015636,0.006708,0.000630,0.002600,0.018061,0.002056,0.064249,0.000775,0.142033,0.000630,0.004137,0.005266,0.000630,0.000000,0.001155,0.000697,0.011112,0.000000,0.000000,0.000000,0.000000,0.000000,0.000000,0.000000,0.000000,0.000000,0.000000,0.000000,0.000000,0.000000,0.000000,0.000000
VAL.good,0.000131,0.001094,0.000000,0.000000,0.000000,0.121488,0.000000,0.000000,0.000000,0.000000,0.000129,0.000124,0.031558,0.000557,0.202050,0.003992,0.005307,0.000181,0.000124,0.005173,0.000124,0.000209,0.132311,0.001387,0.011747,0.003040,0.003270,0.002935,0.000124,0.000000,0.000124,0.000183,0.000662,0.000000,0.000000,0.000000,0.000000,0.000000,0.000000,0.000000,0.000000,0.000000,0.000000,0.000000,0.000000,0.000000,0.000000,0.000000
VAL.incorrect,0.001189,0.000779,0.000000,0.000000,0.000000,0.073791,0.000000,0.000000,0.000000,0.000000,0.000779,0.183478,0.001039,0.005330,0.229185,0.003414,0.003077,0.006468,0.000779,0.000779,0.002909,0.012220,0.046902,0.000779,0.102593,0.000779,0.001310,0.000790,0.001310,0.000000,0.001965,0.000779,0.064254,0.000000,0.000000,0.000000,0.000000,0.000000,0.000000,0.000000,0.000000,0.000000,0.000000,0.000000,0.000000,0.000000,0.000000,0.000000
VAL.profane,0.003979,0.000833,0.000000,0.000000,0.000000,0.104517,0.000000,0.000000,0.000000,0.000000,0.067310,0.001323,0.020798,0.006058,0.189620,0.001835,0.028759,0.001705,0.000710,0.002294,0.001113,0.004726,0.094447,0.001518,0.134562,0.000673,0.021729,0.001361,0.001282,0.000000,0.001709,0.000544,0.005551,0.000000,0.000000,0.000000,0.000000,0.000000,0.000000,0.000000,0.000000,0.000000,0.000000,0.000000,0.000000,0.000000,0.000000,0.000000
VAL.sacred,0.000766,0.001959,0.000000,0.000000,0.000000,0.016939,0.000000,0.000000,0.000000,0.000000,0.009233,0.000101,0.002225,0.000456,0.193465,0.004294,0.001115,0.000077,0.000038,0.010622,0.000038,0.000117,0.143289,0.007478,0.007067,0.000823,0.010278,0.003518,0.000038,0.000000,0.000046,0.007396,0.000416,0.000000,0.000000,0.000000,0.000000,0.000000,0.000000,0.000000,0.000000,0.000000,0.000000,0.000000,0.000000,0.000000,0.000000,0.000000
VAL.truth,0.000684,0.005638,0.000000,0.000000,0.000000,0.081656,0.000000,0.000000,0.000000,0.000000,0.043960,0.074736,0.022379,0.004984,0.182364,0.004932,0.005780,0.001482,0.000517,0.004815,0.000517,0.001592,0.128304,0.002626,0.019958,0.004062,0.006015,0.001650,0.000517,0.000000,0.000517,0.003452,0.001856,0.000000,0.000000,0.000000,0.000000,0.000000,0.000000,0.000000,0.000000,0.000000,0.000000,0.000000,0.000000,0.000000,0.000000,0.000000
VAL.ugliness,0.001219,0.000113,0.000000,0.000000,0.000000,0.063899,0.000000,0.000000,0.000000,0.000000,0.096600,0.000110,0.000753,0.000716,0.060155,0.011435,0.003309,0.000245,0.000110,0.000631,0.005145,0.000243,0.044640,0.000118,0.282168,0.000110,0.000117,0.000110,0.000110,0.000000,0.000132,0.000110,0.000768,0.000000,0.000000,0.000000,0.000000,0.000000,0.000000,0.000000,0.000000,0.000000,0.000000,0.000000,0.000000,0.000000,0.000000,0.000000
WLD.art,0.007516,0.001461,0.000000,0.000000,0.000000,0.078405,0.000000,0.000000,0.000000,0.000000,0.166673,0.002204,0.004593,0.014823,0.043523,0.023048,0.007569,0.000396,0.000619,0.009655,0.001299,0.004349,0.042398,0.000334,0.003367,0.000859,0.016839,0.039622,0.004192,0.000000,0.003223,0.000334,0.001778,0.000000,0.000000,0.000000,0.000000,0.000000,0.000000,0.000000,0.000000,0.000000,0.000000,0.000000,0.000000,0.000000,0.000000,0.000000
WLD.artless,0.002028,0.003581,0.000000,0.000000,0.000000,0.133086,0.000000,0.000000,0.000000,0.000000,0.124614,0.010938,0.012377,0.003570,0.044911,0.046630,0.010323,0.001374,0.003751,0.001177,0.057825,0.003240,0.054369,0.000846,0.064061,0.001219,0.002145,0.001068,0.001151,0.000000,0.001654,0.000846,0.002304,0.000000,0.000000,0.000000,0.000000,0.000000,0.000000,0.000000,0.000000,0.000000,0.000000,0.000000,0.000000,0.000000,0.000000,0.000000
WLD.culture,0.009907,0.014178,0.000000,0.000000,0.000000,0.020313,0.000000,0.000000,0.000000,0.000000,0.012818,0.023401,0.041689,0.031060,0.056900,0.000151,0.010579,0.002110,0.000151,0.008972,0.000151,0.029442,0.084561,0.000151,0.025318,0.010771,0.039856,0.023117,0.000151,0.000000,0.005273,0.000151,0.039013,0.000000,0.000000,0.000000,0.000000,0.000000,0.000000,0.000000,0.000000,0.000000,0.000000,0.000000,0.000000,0.000000,0.000000,0.000000
WLD.nonscience,0.008072,0.003847,0.000000,0.000000,0.000000,0.091115,0.000000,0.000000,0.000000,0.000000,0.009534,0.002930,0.030670,0.006590,0.169131,0.012066,0.013889,0.000921,0.000642,0.011274,0.008351,0.002746,0.080025,0.005115,0.012477,0.006215,0.024959,0.003839,0.001538,0.000000,0.002059,0.001132,0.007316,0.000000,0.000000,0.000000,0.000000,0.000000,0.000000,0.000000,0.000000,0.000000,0.000000,0.000000,0.000000,0.000000,0.000000,0.000000
WLD.outer_realm,0.000811,0.000811,0.000000,0.000000,0.000000,0.044280,0.000000,0.000000,0.000000,0.000000,0.245458,0.002596,0.009482,0.011036,0.051211,0.032414,0.018279,0.000811,0.000821,0.009203,0.004370,0.011424,0.079417,0.008861,0.000811,0.001723,0.004210,0.002845,0.001259,0.000000,0.000811,0.004352,0.011235,0.000000,0.000000,0.000000,0.000000,0.000000,0.000000,0.000000,0.000000,0.000000,0.000000,0.000000,0.000000,0.000000,0.000000,0.000000
WLD.realm,0.002827,0.013261,0.000000,0.000000,0.000000,0.025524,0.000000,0.000000,0.000000,0.000000,0.070452,0.006262,0.028899,0.126903,0.037017,0.009753,0.003696,0.001533,0.001596,0.003940,0.001315,0.016460,0.068799,0.001486,0.001701,0.017158,0.007938,0.005152,0.004537,0.000000,0.001196,0.002151,0.005161,0.000000,0.000000,0.000000,0.000000,0.000000,0.000000,0.000000,0.000000,0.000000,0.000000,0.000000,0.000000,0.000000,0.000000,0.000000
WLD.religion,0.021042,0.010427,0.000000,0.000000,0.000000,0.022177,0.000000,0.000000,0.000000,0.000000,0.002301,0.006854,0.019237,0.016991,0.149892,0.002891,0.004168,0.000594,0.000657,0.010997,0.000515,0.001881,0.099762,0.004535,0.004964,0.006252,0.021970,0.001502,0.001589,0.000000,0.001612,0.000516,0.003141,0.000000,0.000000,0.000000,0.000000,0.000000,0.000000,0.000000,0.000000,0.000000,0.000000,0.000000,0.000000,0.000000,0.000000,0.000000
WLD.science,0.001144,0.005044,0.000000,0.000000,0.000000,0.030410,0.000000,0.000000,0.000000,0.000000,0.080446,0.100432,0.031647,0.047437,0.045321,0.002053,0.006816,0.002866,0.000610,0.001948,0.000459,0.014638,0.038371,0.000457,0.000550,0.000961,0.017561,0.017231,0.000598,0.000000,0.000614,0.004747,0.004335,0.000000,0.000000,0.000000,0.000000,0.000000,0.000000,0.000000,0.000000,0.000000,0.000000,0.000000,0.000000,0.000000,0.000000,0.000000
WLD.secular,0.009026,0.001487,0.000000,0.000000,0.000000,0.198914,0.000000,0.000000,0.000000,0.000000,0.124249,0.001577,0.023060,0.016919,0.102353,0.022333,0.006175,0.000844,0.000666,0.003640,0.002118,0.024924,0.076350,0.000614,0.001846,0.008525,0.042893,0.001719,0.006300,0.000000,0.000614,0.000614,0.007915,0.000000,0.000000,0.000000,0.000000,0.000000,0.000000,0.000000,0.000000,0.000000,0.000000,0.000000,0.000000,0.000000,0.000000,0.000000
WLD.technique,0.005494,0.007438,0.000000,0.000000,0.000000,0.180749,0.000000,0.000000,0.000000,0.000000,0.060718,0.046617,0.016591,0.044241,0.018094,0.012561,0.006506,0.002779,0.000548,0.003547,0.000847,0.009502,0.046596,0.000405,0.000428,0.001628,0.017020,0.013881,0.000953,0.000000,0.000433,0.000858,0.001953,0.000000,0.000000,0.000000,0.000000,0.000000,0.000000,0.000000,0.000000,0.000000,0.000000,0.000000,0.000000,0.000000,0.000000,0.000000
WLD.uncultured,0.001043,0.000696,0.000000,0.000000,0.000000,0.222136,0.000000,0.000000,0.000000,0.000000,0.000957,0.000696,0.006141,0.004101,0.130488,0.005871,0.002524,0.000893,0.000696,0.000765,0.008525,0.001926,0.049196,0.000696,0.229394,0.000696,0.001081,0.000696,0.000713,0.000000,0.000696,0.000696,0.013309,0.000000,0.000000,0.000000,0.000000,0.000000,0.000000,0.000000,0.000000,0.000000,0.000000,0.000000,0.000000,0.000000,0.000000,0.000000
WLD.unskilled,0.029558,0.000266,0.000000,0.000000,0.000000,0.570983,0.000000,0.000000,0.000000,0.000000,0.005357,0.009119,0.008852,0.001290,0.045739,0.020746,0.004755,0.000836,0.000242,0.000331,0.021783,0.007471,0.042299,0.000242,0.047723,0.001162,0.011282,0.001137,0.000249,0.000000,0.000242,0.000242,0.006818,0.000000,0.000000,0.000000,0.000000,0.000000,0.000000,0.000000,0.000000,0.000000,0.000000,0.000000,0.000000,0.000000,0.000000,0.000000
