atom_id,temporal.emergence,temporal.establishment,temporal.peak,temporal.decline,temporal.dissolution,scale.individual,scale.group,scale.institution,scale.civilization,scale.universal,ontological.material,ontological.informational,ontological.relational,ontological.structural,ontological.semantic,interconnection.independent,interconnection.catalytic,interconnection.chained,interconnection.synchronous,interconnection.resonant,resonance.superficial,resonance.structural,resonance.essential,resonance.existential,symmetry.destructive,symmetry.inclusive,symmetry.transformative,symmetry.generative,symmetry.cyclical,lawfulness.causal,lawfulness.emergent,lawfulness.necessary,lawfulness.contingent,agency.reactive,agency.adaptive,agency.intentional,agency.autonomous,boundary.permeable,boundary.selective,boundary.rigid,boundary.dissolved,potential.latent,potential.activated,potential.kinetic,potential.exhausted,identity.generic,identity.specific,identity.archetypal
ABS.bound,0.472826,0.798913,0.000000,0.000000,0.000000,4.864130,0.000000,0.000000,0.000000,0.000000,4.315217,0.271739,2.896739,2.206522,1.603261,1.141304,0.847826,1.347826,0.000000,0.418478,0.423913,1.983696,3.733696,0.114130,1.505435,0.076087,1.461957,0.222826,0.260870,0.000000,0.125000,0.342391,0.815217,0.000000,0.000000,0.000000,0.000000,0.000000,0.000000,0.000000,0.000000,0.000000,0.000000,0.000000,0.000000,0.000000,0.000000,0.000000
ABS.exempt,0.437500,1.125000,0.000000,0.000000,0.000000,6.906250,0.000000,0.000000,0.000000,0.000000,0.000000,0.593750,4.812500,2.500000,3.750000,2.812500,0.968750,0.687500,0.000000,0.093750,0.375000,1.125000,4.468750,0.125000,0.750000,1.187500,1.156250,0.406250,0.000000,0.000000,0.000000,0.000000,2.343750,0.000000,0.000000,0.000000,0.000000,0.000000,0.000000,0.000000,0.000000,0.000000,0.000000,0.000000,0.000000,0.000000,0.000000,0.000000
ABS.foolish,0.463158,0.115789,0.000000,0.000000,0.000000,7.578947,0.000000,0.000000,0.000000,0.000000,0.368421,0.821053,1.568421,0.652632,5.494737,2.242105,1.157895,1.494737,0.021053,0.221053,2.631579,0.578947,4.273684,0.000000,7.263158,0.000000,0.210526,0.031579,0.073684,0.000000,0.178947,0.000000,1.673684,0.000000,0.000000,0.000000,0.000000,0.000000,0.000000,0.000000,0.000000,0.000000,0.000000,0.000000,0.000000,0.000000,0.000000,0.000000
ABS.other,0.580645,0.000000,0.000000,0.000000,0.000000,4.516129,0.000000,0.000000,0.000000,0.000000,0.612903,0.774194,6.548387,0.483871,4.935484,1.935484,1.903226,0.193548,0.064516,1.225806,0.677419,0.741935,5.419355,0.838710,0.419355,0.612903,2.838710,0.967742,0.000000,0.000000,0.838710,0.322581,1.032258,0.000000,0.000000,0.000000,0.000000,0.000000,0.000000,0.000000,0.000000,0.000000,0.000000,0.000000,0.000000,0.000000,0.000000,0.000000
ABS.release,0.850575,0.287356,0.000000,0.000000,0.000000,5.298851,0.000000,0.000000,0.000000,0.000000,1.517241,0.574713,4.678161,2.287356,3.206897,0.402299,3.873563,1.172414,0.057471,0.758621,0.310345,1.034483,5.655172,0.781609,0.597701,0.022989,6.402299,1.563218,0.022989,0.000000,0.000000,0.000000,1.597701,0.000000,0.000000,0.000000,0.000000,0.000000,0.000000,0.000000,0.000000,0.000000,0.000000,0.000000,0.000000,0.000000,0.000000,0.000000
ABS.responsibility,0.483333,1.450000,0.000000,0.000000,0.000000,6.716667,0.000000,0.000000,0.000000,0.000000,0.000000,0.316667,5.650000,1.583333,5.916667,0.250000,1.166667,1.350000,0.066667,1.233333,0.033333,0.966667,6.566667,0.216667,1.066667,1.033333,1.533333,0.916667,0.116667,0.000000,0.000000,0.716667,0.833333,0.000000,0.000000,0.000000,0.000000,0.000000,0.000000,0.000000,0.000000,0.000000,0.000000,0.000000,0.000000,0.000000,0.000000,0.000000
ABS.self,0.166667,0.791667,0.000000,0.000000,0.000000,8.791667,0.000000,0.000000,0.000000,0.000000,1.958333,0.958333,0.916667,1.250000,5.125000,3.833333,0.916667,0.208333,0.000000,0.916667,0.166667,0.291667,8.583333,2.750000,0.583333,0.083333,2.291667,0.458333,0.000000,0.000000,0.000000,1.875000,0.750000,0.000000,0.000000,0.000000,0.000000,0.000000,0.000000,0.000000,0.000000,0.000000,0.000000,0.000000,0.000000,0.000000,0.000000,0.000000
ABS.wise,0.195652,0.608696,0.000000,0.000000,0.000000,7.347826,0.000000,0.000000,0.000000,0.000000,0.195652,1.173913,1.434783,1.065217,6.173913,2.326087,2.369565,0.304348,0.000000,1.065217,0.260870,0.782609,6.195652,0.130435,0.413043,0.456522,2.521739,0.543478,0.000000,0.000000,0.021739,0.195652,0.956522,0.000000,0.000000,0.000000,0.000000,0.000000,0.000000,0.000000,0.000000,0.000000,0.000000,0.000000,0.000000,0.000000,0.000000,0.000000
ACT.abandon,0.183333,0.016667,0.000000,0.000000,0.000000,5.933333,0.000000,0.000000,0.000000,0.000000,2.650000,0.200000,3.300000,0.800000,2.850000,1.750000,1.766667,1.516667,0.000000,0.316667,0.450000,1.016667,5.150000,0.650000,4.400000,0.000000,3.050000,0.083333,0.000000,0.000000,0.133333,0.000000,2.216667,0.000000,0.000000,0.000000,0.000000,0.000000,0.000000,0.000000,0.000000,0.000000,0.000000,0.000000,0.000000,0.000000,0.000000,0.000000
ACT.agitate,0.552632,0.000000,0.000000,0.000000,0.000000,3.780702,0.000000,0.000000,0.000000,0.000000,4.877193,0.157895,2.403509,0.570175,1.482456,0.192982,5.491228,1.175439,0.114035,0.543860,1.035088,1.201754,4.149123,0.061404,2.815789,0.000000,3.964912,0.429825,0.052632,0.000000,0.552632,0.000000,2.175439,0.000000,0.000000,0.000000,0.000000,0.000000,0.000000,0.000000,0.000000,0.000000,0.000000,0.000000,0.000000,0.000000,0.000000,0.000000
ACT.arrive,0.861111,0.777778,0.000000,0.000000,0.000000,5.430556,0.000000,0.000000,0.000000,0.000000,7.194444,0.097222,0.986111,0.638889,1.972222,2.263889,1.472222,1.180556,0.083333,0.027778,1.625000,0.972222,3.833333,0.000000,0.250000,2.166667,2.000000,0.416667,0.236111,0.000000,0.083333,0.208333,1.375000,0.000000,0.000000,0.000000,0.000000,0.000000,0.000000,0.000000,0.000000,0.000000,0.000000,0.000000,0.000000,0.000000,0.000000,0.000000
ACT.ascend,0.607143,0.000000,0.000000,0.000000,0.000000,6.285714,0.000000,0.000000,0.000000,0.000000,7.571429,0.321429,0.392857,0.857143,2.428571,4.000000,0.535714,0.464286,0.000000,0.000000,1.142857,1.178571,4.178571,0.035714,0.107143,0.000000,2.285714,1.035714,0.000000,0.000000,0.000000,0.000000,0.357143,0.000000,0.000000,0.000000,0.000000,0.000000,0.000000,0.000000,0.000000,0.000000,0.000000,0.000000,0.000000,0.000000,0.000000,0.000000
ACT.build,2.323974,0.872570,0.000000,0.000000,0.000000,4.116631,0.000000,0.000000,0.000000,0.000000,5.092873,0.863931,1.892009,3.706263,1.200864,1.267819,1.833693,1.330454,0.043197,0.317495,0.468683,2.220302,3.345572,0.146868,0.360691,0.187905,2.224622,5.561555,0.097192,0.000000,0.373650,0.064795,0.863931,0.000000,0.000000,0.000000,0.000000,0.000000,0.000000,0.000000,0.000000,0.000000,0.000000,0.000000,0.000000,0.000000,0.000000,0.000000
ACT.calm,0.081395,0.372093,0.000000,0.000000,0.000000,7.209302,0.000000,0.000000,0.000000,0.000000,1.302326,0.069767,4.116279,0.197674,4.058140,0.360465,4.569767,0.197674,0.034884,1.686047,0.418605,0.662791,6.220930,0.139535,0.058140,1.534884,5.058140,0.662791,0.000000,0.000000,0.000000,0.000000,1.534884,0.000000,0.000000,0.000000,0.000000,0.000000,0.000000,0.000000,0.000000,0.000000,0.000000,0.000000,0.000000,0.000000,0.000000,0.000000
ACT.create,5.960744,0.595041,0.000000,0.000000,0.000000,5.305785,0.000000,0.000000,0.000000,0.000000,4.582645,1.735537,1.520661,2.283058,2.644628,2.026860,3.175620,0.927686,0.024793,0.464876,0.469008,1.171488,4.694215,0.696281,0.291322,0.028926,1.237603,8.466942,0.138430,0.000000,1.413223,0.028926,1.212810,0.000000,0.000000,0.000000,0.000000,0.000000,0.000000,0.000000,0.000000,0.000000,0.000000,0.000000,0.000000,0.000000,0.000000,0.000000
ACT.descend,0.354167,0.187500,0.000000,0.000000,0.000000,5.406250,0.000000,0.000000,0.000000,0.000000,8.062500,0.166667,0.531250,1.020833,1.510417,3.302083,1.604167,1.666667,0.156250,0.125000,1.625000,1.427083,4.468750,0.062500,1.197917,0.104167,1.854167,0.531250,0.520833,0.000000,0.250000,0.416667,1.812500,0.000000,0.000000,0.000000,0.000000,0.000000,0.000000,0.000000,0.000000,0.000000,0.000000,0.000000,0.000000,0.000000,0.000000,0.000000
ACT.destroy,0.154930,0.007042,0.000000,0.000000,0.000000,4.338028,0.000000,0.000000,0.000000,0.000000,7.535211,0.176056,0.866197,2.866197,1.429577,0.795775,3.211268,2.394366,0.190141,0.197183,0.394366,1.436620,5.647887,4.077465,9.316901,0.000000,0.408451,0.000000,0.028169,0.000000,0.211268,0.105634,2.218310,0.000000,0.000000,0.000000,0.000000,0.000000,0.000000,0.000000,0.000000,0.000000,0.000000,0.000000,0.000000,0.000000,0.000000,0.000000
ACT.dissolve,0.133333,0.000000,0.000000,0.000000,0.000000,3.622222,0.000000,0.000000,0.000000,0.000000,7.488889,0.133333,1.133333,2.666667,0.466667,0.888889,2.466667,1.800000,0.000000,0.177778,0.600000,2.444444,4.800000,0.133333,4.488889,0.000000,4.066667,0.200000,0.066667,0.000000,0.000000,0.155556,1.844444,0.000000,0.000000,0.000000,0.000000,0.000000,0.000000,0.000000,0.000000,0.000000,0.000000,0.000000,0.000000,0.000000,0.000000,0.000000
ACT.emit,1.202658,0.029900,0.000000,0.000000,0.000000,6.518272,0.000000,0.000000,0.000000,0.000000,8.076412,1.019934,1.186047,0.249169,1.910299,2.681063,3.106312,0.578073,0.275748,0.348837,3.617940,0.438538,2.126246,0.056478,1.312292,0.039867,0.757475,4.039867,0.734219,0.000000,0.106312,0.106312,1.707641,0.000000,0.000000,0.000000,0.000000,0.000000,0.000000,0.000000,0.000000,0.000000,0.000000,0.000000,0.000000,0.000000,0.000000,0.000000
ACT.exit,0.348837,0.034884,0.000000,0.000000,0.000000,7.686047,0.000000,0.000000,0.000000,0.000000,6.395349,0.441860,1.604651,0.825581,2.802326,2.825581,1.953488,1.093023,0.151163,0.418605,1.569767,0.500000,4.197674,2.104651,2.453488,0.058140,2.011628,0.476744,0.674419,0.000000,0.197674,1.267442,1.883721,0.000000,0.000000,0.000000,0.000000,0.000000,0.000000,0.000000,0.000000,0.000000,0.000000,0.000000,0.000000,0.000000,0.000000,0.000000
ACT.fall,0.444444,0.000000,0.000000,0.000000,0.000000,6.111111,0.000000,0.000000,0.000000,0.000000,8.972222,0.055556,0.583333,0.888889,1.694444,3.500000,1.388889,1.250000,0.000000,0.361111,1.777778,1.527778,3.666667,0.000000,1.277778,0.000000,0.777778,0.277778,0.000000,0.000000,0.472222,2.361111,1.083333,0.000000,0.000000,0.000000,0.000000,0.000000,0.000000,0.000000,0.000000,0.000000,0.000000,0.000000,0.000000,0.000000,0.000000,0.000000
ACT.give,0.437500,0.553571,0.000000,0.000000,0.000000,4.925595,0.000000,0.000000,0.000000,0.000000,4.925595,0.648810,4.130952,1.101190,1.919643,0.476190,2.139881,1.157738,0.098214,0.604167,0.660714,1.056548,3.708333,0.083333,0.500000,0.907738,1.303571,2.758929,0.422619,0.000000,0.032738,0.029762,0.824405,0.000000,0.000000,0.000000,0.000000,0.000000,0.000000,0.000000,0.000000,0.000000,0.000000,0.000000,0.000000,0.000000,0.000000,0.000000
ACT.go,0.376238,0.198020,0.000000,0.000000,0.000000,5.960396,0.000000,0.000000,0.000000,0.000000,7.435644,0.217822,0.950495,0.990099,1.831683,3.712871,0.584158,0.861386,0.257426,0.079208,2.039604,1.049505,2.950495,0.059406,0.366337,0.128713,1.198020,0.980198,0.950495,0.000000,0.009901,0.059406,1.089109,0.000000,0.000000,0.000000,0.000000,0.000000,0.000000,0.000000,0.000000,0.000000,0.000000,0.000000,0.000000,0.000000,0.000000,0.000000
ACT.leave,0.342593,0.000000,0.000000,0.000000,0.000000,6.953704,0.000000,0.000000,0.000000,0.000000,7.046296,0.314815,2.490741,0.259259,2.435185,3.592593,2.259259,0.898148,0.185185,0.083333,2.898148,0.888889,3.472222,0.120370,0.907407,0.092593,2.629630,0.907407,0.324074,0.000000,0.574074,0.000000,1.657407,0.000000,0.000000,0.000000,0.000000,0.000000,0.000000,0.000000,0.000000,0.000000,0.000000,0.000000,0.000000,0.000000,0.000000,0.000000
ACT.lie_down,0.315789,0.228070,0.000000,0.000000,0.000000,8.263158,0.000000,0.000000,0.000000,0.000000,8.140351,0.035088,0.350877,0.543860,3.157895,4.912281,0.245614,0.192982,0.017544,0.754386,0.666667,0.736842,6.280702,1.122807,1.122807,0.719298,1.315789,0.333333,2.929825,0.000000,0.087719,0.543860,1.298246,0.000000,0.000000,0.000000,0.000000,0.000000,0.000000,0.000000,0.000000,0.000000,0.000000,0.000000,0.000000,0.000000,0.000000,0.000000
ACT.lose,0.461538,0.000000,0.000000,0.000000,0.000000,6.538462,0.000000,0.000000,0.000000,0.000000,6.538462,0.153846,1.692308,0.384615,2.153846,1.846154,2.692308,1.307692,0.000000,0.769231,1.384615,1.000000,3.692308,1.153846,4.461538,0.000000,1.923077,0.000000,0.153846,0.000000,0.000000,0.000000,2.769231,0.000000,0.000000,0.000000,0.000000,0.000000,0.000000,0.000000,0.000000,0.000000,0.000000,0.000000,0.000000,0.000000,0.000000,0.000000
ACT.make,3.965278,0.914931,0.000000,0.000000,0.000000,4.717014,0.000000,0.000000,0.000000,0.000000,5.270833,0.935764,1.340278,2.911458,1.668403,1.428819,2.545139,1.276042,0.083333,0.364583,0.611111,1.756944,3.718750,0.223958,0.355903,0.105903,2.611111,6.451389,0.111111,0.000000,0.432292,0.154514,1.173611,0.000000,0.000000,0.000000,0.000000,0.000000,0.000000,0.000000,0.000000,0.000000,0.000000,0.000000,0.000000,0.000000,0.000000,0.000000
ACT.move,0.478400,0.145600,0.000000,0.000000,0.000000,5.520800,0.000000,0.000000,0.000000,0.000000,7.926400,0.241600,1.349600,1.120800,0.978400,2.400800,1.931200,1.600800,0.372800,0.163200,1.850400,1.471200,2.736800,0.036000,0.701600,0.140800,1.676000,1.908800,0.971200,0.000000,0.192000,0.056000,1.303200,0.000000,0.000000,0.000000,0.000000,0.000000,0.000000,0.000000,0.000000,0.000000,0.000000,0.000000,0.000000,0.000000,0.000000,0.000000
ACT.obtain,1.065574,0.422131,0.000000,0.000000,0.000000,5.831967,0.000000,0.000000,0.000000,0.000000,4.659836,1.061475,2.569672,0.836066,1.553279,1.360656,1.860656,1.299180,0.032787,0.266393,1.040984,0.848361,3.168033,0.053279,0.717213,0.836066,1.938525,2.467213,0.393443,0.000000,0.155738,0.061475,1.651639,0.000000,0.000000,0.000000,0.000000,0.000000,0.000000,0.000000,0.000000,0.000000,0.000000,0.000000,0.000000,0.000000,0.000000,0.000000
ACT.receive,2.015873,0.111111,0.000000,0.000000,0.000000,4.841270,0.000000,0.000000,0.000000,0.000000,2.666667,1.460317,2.396825,0.698413,1.507937,0.238095,2.428571,1.253968,0.031746,0.222222,1.158730,0.984127,2.555556,0.079365,0.825397,6.158730,0.857143,0.349206,0.126984,0.000000,0.206349,0.126984,1.000000,0.000000,0.000000,0.000000,0.000000,0.000000,0.000000,0.000000,0.000000,0.000000,0.000000,0.000000,0.000000,0.000000,0.000000,0.000000
ACT.rise,0.569620,0.164557,0.000000,0.000000,0.000000,7.164557,0.000000,0.000000,0.000000,0.000000,8.240506,0.101266,0.518987,0.974684,1.632911,3.974684,1.367089,0.835443,0.139241,0.126582,1.405063,1.278481,4.696203,0.139241,0.164557,0.101266,3.189873,1.177215,0.443038,0.000000,0.164557,0.000000,1.341772,0.000000,0.000000,0.000000,0.000000,0.000000,0.000000,0.000000,0.000000,0.000000,0.000000,0.000000,0.000000,0.000000,0.000000,0.000000
ACT.sink,0.263158,0.078947,0.000000,0.000000,0.000000,5.342105,0.000000,0.000000,0.000000,0.000000,8.105263,0.000000,0.421053,1.394737,1.157895,3.157895,0.684211,0.736842,0.000000,0.000000,1.657895,1.973684,4.026316,0.000000,1.210526,1.157895,1.184211,0.000000,0.263158,0.000000,0.078947,0.605263,1.631579,0.000000,0.000000,0.000000,0.000000,0.000000,0.000000,0.000000,0.000000,0.000000,0.000000,0.000000,0.000000,0.000000,0.000000,0.000000
ACT.sit,0.120000,0.253333,0.000000,0.000000,0.000000,8.280000,0.000000,0.000000,0.000000,0.000000,9.360000,0.000000,1.186667,1.080000,1.920000,4.746667,0.200000,0.346667,0.200000,0.280000,1.160000,1.080000,4.786667,0.000000,0.186667,0.386667,0.480000,0.346667,1.386667,0.000000,0.000000,0.000000,0.706667,0.000000,0.000000,0.000000,0.000000,0.000000,0.000000,0.000000,0.000000,0.000000,0.000000,0.000000,0.000000,0.000000,0.000000,0.000000
ACT.stand,1.025000,0.950000,0.000000,0.000000,0.000000,7.975000,0.000000,0.000000,0.000000,0.000000,8.775000,0.000000,0.325000,1.025000,1.475000,4.850000,1.000000,0.375000,0.150000,0.125000,1.525000,1.075000,4.225000,0.175000,0.075000,0.025000,3.225000,0.550000,0.750000,0.000000,0.300000,0.125000,0.750000,0.000000,0.000000,0.000000,0.000000,0.000000,0.000000,0.000000,0.000000,0.000000,0.000000,0.000000,0.000000,0.000000,0.000000,0.000000
ACT.stop,0.330000,0.360000,0.000000,0.000000,0.000000,5.310000,0.000000,0.000000,0.000000,0.000000,5.290000,0.520000,1.600000,1.280000,1.890000,1.340000,1.950000,2.690000,0.000000,0.130000,0.950000,1.240000,4.310000,0.190000,1.010000,0.080000,3.000000,0.100000,0.450000,0.000000,0.080000,0.270000,1.420000,0.000000,0.000000,0.000000,0.000000,0.000000,0.000000,0.000000,0.000000,0.000000,0.000000,0.000000,0.000000,0.000000,0.000000,0.000000
ACT.take,0.748387,0.954839,0.000000,0.000000,0.000000,5.851613,0.000000,0.000000,0.000000,0.000000,5.980645,0.374194,3.245161,1.200000,1.929032,1.522581,2.464516,1.051613,0.090323,0.561290,0.832258,1.141935,4.032258,0.129032,2.638710,1.361290,1.851613,0.967742,0.090323,0.000000,0.180645,0.012903,1.380645,0.000000,0.000000,0.000000,0.000000,0.000000,0.000000,0.000000,0.000000,0.000000,0.000000,0.000000,0.000000,0.000000,0.000000,0.000000
BEI.beast,1.042553,0.269504,0.000000,0.000000,0.000000,5.517730,0.000000,0.000000,0.000000,0.000000,7.184397,0.312057,1.255319,1.297872,2.063830,2.517730,1.085106,0.645390,0.177305,0.460993,0.872340,1.070922,4.482270,0.453901,1.404255,0.177305,1.475177,1.148936,0.950355,0.000000,0.241135,0.659574,1.375887,0.000000,0.000000,0.000000,0.000000,0.000000,0.000000,0.000000,0.000000,0.000000,0.000000,0.000000,0.000000,0.000000,0.000000,0.000000
BEI.child,3.077778,0.311111,0.000000,0.000000,0.000000,8.111111,0.000000,0.000000,0.000000,0.000000,3.922222,0.422222,5.644444,0.800000,3.666667,0.600000,2.033333,0.511111,0.033333,1.233333,1.077778,0.622222,5.677778,0.511111,1.877778,1.066667,1.822222,1.200000,0.500000,0.000000,0.088889,0.577778,1.455556,0.000000,0.000000,0.000000,0.000000,0.000000,0.000000,0.000000,0.000000,0.000000,0.000000,0.000000,0.000000,0.000000,0.000000,0.000000
BEI.female,0.907407,1.098765,0.000000,0.000000,0.000000,7.444444,0.000000,0.000000,0.000000,0.000000,2.629630,0.691358,4.098765,1.197531,4.827160,1.592593,2.030864,0.191358,0.061728,1.358025,1.037037,0.592593,5.790123,0.283951,1.808642,0.777778,1.882716,1.345679,0.111111,0.000000,0.000000,0.283951,1.148148,0.000000,0.000000,0.000000,0.000000,0.000000,0.000000,0.000000,0.000000,0.000000,0.000000,0.000000,0.000000,0.000000,0.000000,0.000000
BEI.human,2.054545,0.654545,0.000000,0.000000,0.000000,4.745455,0.000000,0.000000,0.000000,0.000000,4.909091,0.945455,3.272727,2.181818,5.036364,1.272727,1.127273,0.600000,0.200000,1.945455,0.327273,1.090909,6.600000,1.727273,0.945455,0.745455,1.818182,0.763636,0.218182,0.000000,0.218182,0.418182,1.072727,0.000000,0.000000,0.000000,0.000000,0.000000,0.000000,0.000000,0.000000,0.000000,0.000000,0.000000,0.000000,0.000000,0.000000,0.000000
BEI.male,1.653846,1.089744,0.000000,0.000000,0.000000,7.333333,0.000000,0.000000,0.000000,0.000000,5.269231,1.230769,2.358974,1.525641,4.256410,2.923077,0.782051,0.115385,0.038462,0.846154,0.756410,1.089744,5.935897,1.076923,1.307692,0.320513,0.807692,1.435897,0.307692,0.000000,0.141026,0.474359,0.961538,0.000000,0.000000,0.000000,0.000000,0.000000,0.000000,0.000000,0.000000,0.000000,0.000000,0.000000,0.000000,0.000000,0.000000,0.000000
BEI.parent,1.711538,0.692308,0.000000,0.000000,0.000000,8.980769,0.000000,0.000000,0.000000,0.000000,0.884615,0.115385,9.269231,1.250000,3.461538,0.057692,3.903846,0.038462,0.000000,4.153846,0.000000,0.500000,8.211538,0.288462,0.384615,3.596154,1.788462,3.673077,0.000000,0.000000,0.000000,0.057692,1.057692,0.000000,0.000000,0.000000,0.000000,0.000000,0.000000,0.000000,0.000000,0.000000,0.000000,0.000000,0.000000,0.000000,0.000000,0.000000
BEI.plant,2.384615,1.250000,0.000000,0.000000,0.000000,3.548077,0.000000,0.000000,0.000000,0.000000,7.903846,0.278846,1.336538,2.278846,2.115385,1.884615,1.096154,0.375000,0.394231,1.000000,0.519231,1.221154,4.298077,0.028846,0.365385,0.365385,0.971154,2.673077,1.692308,0.000000,0.000000,0.144231,1.836538,0.000000,0.000000,0.000000,0.000000,0.000000,0.000000,0.000000,0.000000,0.000000,0.000000,0.000000,0.000000,0.000000,0.000000,0.000000
BEI.root,1.516667,1.266667,0.000000,0.000000,0.000000,4.950000,0.000000,0.000000,0.000000,0.000000,8.333333,0.283333,1.466667,3.116667,2.416667,0.483333,1.183333,0.633333,0.016667,1.350000,0.133333,0.850000,5.783333,0.350000,0.450000,0.466667,1.133333,2.566667,0.566667,0.000000,0.000000,2.233333,0.900000,0.000000,0.000000,0.000000,0.000000,0.000000,0.000000,0.000000,0.000000,0.000000,0.000000,0.000000,0.000000,0.000000,0.000000,0.000000
BOD.ear,0.208333,0.270833,0.000000,0.000000,0.000000,7.541667,0.000000,0.000000,0.000000,0.000000,7.229167,1.687500,1.250000,1.479167,1.583333,0.937500,1.687500,0.416667,0.041667,1.208333,0.687500,1.333333,5.395833,0.104167,1.312500,1.125000,0.854167,0.145833,0.000000,0.000000,0.083333,0.645833,1.104167,0.000000,0.000000,0.000000,0.000000,0.000000,0.000000,0.000000,0.000000,0.000000,0.000000,0.000000,0.000000,0.000000,0.000000,0.000000
BOD.eye,0.337838,0.135135,0.000000,0.000000,0.000000,7.972973,0.000000,0.000000,0.000000,0.000000,8.391892,0.945946,0.500000,1.108108,1.797297,2.648649,1.648649,0.148649,0.108108,0.364865,1.729730,0.729730,6.297297,0.175676,0.743243,0.000000,0.824324,0.554054,0.040541,0.000000,0.000000,0.459459,1.202703,0.000000,0.000000,0.000000,0.000000,0.000000,0.000000,0.000000,0.000000,0.000000,0.000000,0.000000,0.000000,0.000000,0.000000,0.000000
BOD.face,0.370968,0.064516,0.000000,0.000000,0.000000,8.145161,0.000000,0.000000,0.000000,0.000000,8.822581,0.564516,0.983871,1.758065,4.048387,1.532258,2.193548,0.064516,0.096774,0.887097,1.806452,1.096774,3.677419,0.000000,0.500000,1.290323,1.016129,0.338710,0.080645,0.000000,0.145161,0.693548,0.612903,0.000000,0.000000,0.000000,0.000000,0.000000,0.000000,0.000000,0.000000,0.000000,0.000000,0.000000,0.000000,0.000000,0.000000,0.000000
BOD.foot,0.524272,0.281553,0.000000,0.000000,0.000000,7.786408,0.000000,0.000000,0.000000,0.000000,8.825243,0.213592,0.941748,2.242718,2.252427,2.349515,0.699029,1.126214,0.427184,0.398058,1.737864,1.796117,4.572816,0.097087,1.582524,0.038835,0.543689,0.427184,1.592233,0.000000,0.310680,0.320388,1.378641,0.000000,0.000000,0.000000,0.000000,0.000000,0.000000,0.000000,0.000000,0.000000,0.000000,0.000000,0.000000,0.000000,0.000000,0.000000
BOD.hand,0.188679,0.226415,0.000000,0.000000,0.000000,8.150943,0.000000,0.000000,0.000000,0.000000,8.867925,0.037736,2.433962,1.452830,2.377358,1.169811,3.226415,0.849057,0.113208,1.301887,0.698113,0.924528,6.037736,0.132075,1.169811,1.377358,0.905660,1.283019,0.188679,0.000000,0.000000,0.641509,0.773585,0.000000,0.000000,0.000000,0.000000,0.000000,0.000000,0.000000,0.000000,0.000000,0.000000,0.000000,0.000000,0.000000,0.000000,0.000000
BOD.head,0.500000,0.250000,0.000000,0.000000,0.000000,8.107143,0.000000,0.000000,0.000000,0.000000,5.750000,1.392857,1.000000,2.321429,3.392857,0.964286,1.464286,1.250000,0.000000,1.000000,0.571429,1.535714,4.857143,0.892857,0.785714,0.821429,1.428571,1.035714,0.035714,0.000000,0.642857,0.964286,0.678571,0.000000,0.000000,0.000000,0.000000,0.000000,0.000000,0.000000,0.000000,0.000000,0.000000,0.000000,0.000000,0.000000,0.000000,0.000000
BOD.hip,0.923077,0.538462,0.000000,0.000000,0.000000,9.615385,0.000000,0.000000,0.000000,0.000000,9.923077,0.000000,3.923077,5.307692,1.384615,0.000000,0.538462,1.000000,0.307692,1.692308,0.230769,3.307692,5.384615,0.000000,0.846154,0.000000,0.230769,0.153846,0.615385,0.000000,0.000000,4.076923,0.615385,0.000000,0.000000,0.000000,0.000000,0.000000,0.000000,0.000000,0.000000,0.000000,0.000000,0.000000,0.000000,0.000000,0.000000,0.000000
BOD.mouth,0.355742,0.148459,0.000000,0.000000,0.000000,7.210084,0.000000,0.000000,0.000000,0.000000,7.078431,1.957983,1.621849,0.806723,2.806723,1.473389,2.722689,0.526611,0.296919,1.064426,2.114846,0.658263,4.274510,0.123249,1.837535,0.753501,1.061625,1.504202,0.282913,0.000000,0.207283,0.296919,0.997199,0.000000,0.000000,0.000000,0.000000,0.000000,0.000000,0.000000,0.000000,0.000000,0.000000,0.000000,0.000000,0.000000,0.000000,0.000000
CHG.advance,0.235294,0.070588,0.000000,0.000000,0.000000,3.729412,0.000000,0.000000,0.000000,0.000000,3.282353,0.400000,1.094118,1.682353,1.200000,1.235294,1.329412,2.058824,0.247059,0.058824,0.964706,2.411765,1.623529,0.141176,0.682353,0.188235,2.176471,2.047059,0.223529,0.000000,0.105882,0.058824,1.235294,0.000000,0.000000,0.000000,0.000000,0.000000,0.000000,0.000000,0.000000,0.000000,0.000000,0.000000,0.000000,0.000000,0.000000,0.000000
CHG.begin,7.500000,0.181818,0.000000,0.000000,0.000000,5.613636,0.000000,0.000000,0.000000,0.000000,2.750000,0.568182,1.795455,1.204545,2.693182,1.670455,4.477273,1.193182,0.056818,0.102273,0.977273,0.988636,4.215909,0.079545,0.261364,0.238636,2.625000,6.125000,0.261364,0.000000,0.261364,0.000000,1.159091,0.000000,0.000000,0.000000,0.000000,0.000000,0.000000,0.000000,0.000000,0.000000,0.000000,0.000000,0.000000,0.000000,0.000000,0.000000
CHG.decay,0.109375,0.031250,0.000000,0.000000,0.000000,5.140625,0.000000,0.000000,0.000000,0.000000,8.734375,0.031250,0.671875,3.843750,1.453125,1.484375,1.968750,2.968750,0.234375,0.250000,0.421875,2.437500,6.296875,0.421875,8.828125,0.000000,1.046875,0.062500,0.109375,0.000000,0.000000,1.734375,2.468750,0.000000,0.000000,0.000000,0.000000,0.000000,0.000000,0.000000,0.000000,0.000000,0.000000,0.000000,0.000000,0.000000,0.000000,0.000000
CHG.end,0.071429,0.771429,0.000000,0.000000,0.000000,3.642857,0.000000,0.000000,0.000000,0.000000,1.300000,0.364286,1.007143,2.400000,2.564286,0.657143,1.978571,2.350000,0.028571,0.135714,0.235714,1.342857,4.042857,0.342857,0.557143,0.050000,4.042857,0.428571,0.785714,0.000000,0.042857,0.957143,0.828571,0.000000,0.000000,0.000000,0.000000,0.000000,0.000000,0.000000,0.000000,0.000000,0.000000,0.000000,0.000000,0.000000,0.000000,0.000000
CHG.grow,2.205882,0.360294,0.000000,0.000000,0.000000,5.661765,0.000000,0.000000,0.000000,0.000000,5.757353,0.558824,0.419118,2.095588,0.948529,1.470588,1.816176,1.029412,0.132353,0.088235,1.110294,1.588235,2.926471,0.022059,0.639706,0.088235,3.257353,4.272059,0.338235,0.000000,0.051471,0.382353,1.279412,0.000000,0.000000,0.000000,0.000000,0.000000,0.000000,0.000000,0.000000,0.000000,0.000000,0.000000,0.000000,0.000000,0.000000,0.000000
CHG.retreat,0.171429,0.000000,0.000000,0.000000,0.000000,3.142857,0.000000,0.000000,0.000000,0.000000,4.314286,0.228571,2.028571,1.514286,1.142857,0.914286,0.942857,2.600000,0.171429,0.057143,0.342857,2.057143,2.828571,0.000000,1.171429,0.628571,1.971429,0.000000,0.771429,0.000000,0.000000,0.171429,1.142857,0.000000,0.000000,0.000000,0.000000,0.000000,0.000000,0.000000,0.000000,0.000000,0.000000,0.000000,0.000000,0.000000,0.000000,0.000000
CHG.stay,0.025641,0.230769,0.000000,0.000000,0.000000,5.576923,0.000000,0.000000,0.000000,0.000000,4.179487,0.089744,2.064103,1.923077,2.000000,3.923077,0.282051,0.743590,0.256410,1.269231,0.282051,1.576923,6.474359,0.923077,0.115385,2.397436,0.166667,0.064103,0.756410,0.000000,0.000000,0.769231,1.051282,0.000000,0.000000,0.000000,0.000000,0.000000,0.000000,0.000000,0.000000,0.000000,0.000000,0.000000,0.000000,0.000000,0.000000,0.000000
COG.confusion,1.341463,0.158537,0.000000,0.000000,0.000000,7.231707,0.000000,0.000000,0.000000,0.000000,0.000000,1.195122,0.585366,0.670732,4.341463,1.951220,1.536585,1.085366,0.012195,0.170732,1.756098,0.634146,4.878049,0.207317,4.658537,0.000000,0.963415,0.219512,0.439024,0.000000,1.817073,0.000000,2.865854,0.000000,0.000000,0.000000,0.000000,0.000000,0.000000,0.000000,0.000000,0.000000,0.000000,0.000000,0.000000,0.000000,0.000000,0.000000
COG.enlightenment,1.144444,0.388889,0.000000,0.000000,0.000000,6.577778,0.000000,0.000000,0.000000,0.000000,0.077778,1.366667,0.255556,0.688889,7.055556,1.433333,2.044444,0.188889,0.000000,1.055556,0.033333,0.388889,6.744444,0.877778,0.755556,0.166667,5.244444,1.000000,0.000000,0.000000,0.955556,0.233333,1.077778,0.000000,0.000000,0.000000,0.000000,0.000000,0.000000,0.000000,0.000000,0.000000,0.000000,0.000000,0.000000,0.000000,0.000000,0.000000
COG.forget,0.485714,0.114286,0.000000,0.000000,0.000000,8.200000,0.000000,0.000000,0.000000,0.000000,0.428571,4.142857,0.485714,0.742857,3.200000,2.857143,0.742857,0.828571,0.000000,0.228571,1.257143,0.942857,4.714286,0.400000,4.428571,0.000000,1.171429,0.000000,0.057143,0.000000,0.400000,0.085714,2.885714,0.000000,0.000000,0.000000,0.000000,0.000000,0.000000,0.000000,0.000000,0.000000,0.000000,0.000000,0.000000,0.000000,0.000000,0.000000
COG.ignorance,0.605263,0.342105,0.000000,0.000000,0.000000,7.947368,0.000000,0.000000,0.000000,0.000000,0.000000,7.447368,0.578947,0.342105,1.973684,2.842105,1.131579,0.631579,0.000000,0.000000,1.684211,0.631579,4.552632,0.500000,4.026316,0.000000,0.315789,0.000000,0.105263,0.000000,0.210526,0.000000,1.973684,0.000000,0.000000,0.000000,0.000000,0.000000,0.000000,0.000000,0.000000,0.000000,0.000000,0.000000,0.000000,0.000000,0.000000,0.000000
COG.instinct,1.290323,0.419355,0.000000,0.000000,0.000000,7.935484,0.000000,0.000000,0.000000,0.000000,0.451613,0.419355,0.290323,3.548387,3.387097,4.741935,0.741935,0.064516,0.000000,0.258065,0.354839,1.548387,6.290323,0.580645,0.612903,0.000000,0.838710,0.096774,0.290323,0.000000,0.870968,2.677419,0.387097,0.000000,0.000000,0.000000,0.000000,0.000000,0.000000,0.000000,0.000000,0.000000,0.000000,0.000000,0.000000,0.000000,0.000000,0.000000
COG.intention,1.586957,0.891304,0.000000,0.000000,0.000000,6.739130,0.000000,0.000000,0.000000,0.000000,0.000000,1.608696,0.826087,1.826087,6.369565,1.847826,2.695652,0.869565,0.086957,0.304348,0.173913,0.978261,5.652174,0.108696,0.108696,0.043478,2.456522,2.891304,0.043478,0.000000,0.043478,0.217391,0.760870,0.000000,0.000000,0.000000,0.000000,0.000000,0.000000,0.000000,0.000000,0.000000,0.000000,0.000000,0.000000,0.000000,0.000000,0.000000
COG.know,0.715517,0.353448,0.000000,0.000000,0.000000,6.793103,0.000000,0.000000,0.000000,0.000000,0.517241,3.224138,0.474138,0.620690,5.887931,1.879310,1.775862,0.327586,0.000000,0.758621,0.551724,0.637931,5.594828,0.448276,0.525862,0.413793,3.327586,1.103448,0.060345,0.000000,0.560345,0.137931,1.474138,0.000000,0.000000,0.000000,0.000000,0.000000,0.000000,0.000000,0.000000,0.000000,0.000000,0.000000,0.000000,0.000000,0.000000,0.000000
COG.learn,0.735683,0.422907,0.000000,0.000000,0.000000,6.167401,0.000000,0.000000,0.000000,0.000000,0.660793,4.629956,1.334802,1.185022,2.405286,1.907489,2.136564,0.453744,0.035242,0.259912,0.555066,1.220264,3.885463,0.026432,0.268722,0.713656,3.603524,1.669604,0.079295,0.000000,0.295154,0.066079,0.854626,0.000000,0.000000,0.000000,0.000000,0.000000,0.000000,0.000000,0.000000,0.000000,0.000000,0.000000,0.000000,0.000000,0.000000,0.000000
COG.mindless,0.291667,0.208333,0.000000,0.000000,0.000000,8.750000,0.000000,0.000000,0.000000,0.000000,1.041667,1.083333,0.875000,1.375000,3.833333,4.208333,0.291667,0.750000,0.000000,0.250000,1.541667,0.708333,5.333333,0.416667,3.875000,0.000000,0.041667,0.000000,0.291667,0.000000,0.000000,0.125000,0.875000,0.000000,0.000000,0.000000,0.000000,0.000000,0.000000,0.000000,0.000000,0.000000,0.000000,0.000000,0.000000,0.000000,0.000000,0.000000
COG.remember,0.233333,0.616667,0.000000,0.000000,0.000000,7.950000,0.000000,0.000000,0.000000,0.000000,0.716667,5.900000,0.750000,1.350000,5.033333,2.650000,0.866667,0.516667,0.133333,0.816667,0.533333,1.400000,5.633333,0.233333,0.050000,1.016667,1.800000,0.816667,0.533333,0.000000,0.000000,0.050000,2.150000,0.000000,0.000000,0.000000,0.000000,0.000000,0.000000,0.000000,0.000000,0.000000,0.000000,0.000000,0.000000,0.000000,0.000000,0.000000
COG.separate,1.017391,0.721739,0.000000,0.000000,0.000000,4.086957,0.000000,0.000000,0.000000,0.000000,5.226087,0.904348,1.469565,3.747826,1.095652,2.000000,1.078261,1.113043,0.034783,0.243478,0.400000,3.078261,3.573913,0.104348,0.782609,0.034783,3.121739,1.930435,0.052174,0.000000,0.026087,0.165217,0.782609,0.000000,0.000000,0.000000,0.000000,0.000000,0.000000,0.000000,0.000000,0.000000,0.000000,0.000000,0.000000,0.000000,0.000000,0.000000
COG.think,0.324159,0.363914,0.000000,0.000000,0.000000,6.816514,0.000000,0.000000,0.000000,0.000000,0.116208,2.908257,1.498471,1.853211,5.853211,2.418960,1.672783,0.669725,0.051988,1.055046,0.302752,1.568807,5.394495,0.192661,0.489297,0.510703,2.984709,2.984709,0.088685,0.000000,0.366972,0.143731,1.284404,0.000000,0.000000,0.000000,0.000000,0.000000,0.000000,0.000000,0.000000,0.000000,0.000000,0.000000,0.000000,0.000000,0.000000,0.000000
COG.unlearned,0.714286,0.380952,0.000000,0.000000,0.000000,8.000000,0.000000,0.000000,0.000000,0.000000,0.000000,4.714286,0.523810,0.666667,3.761905,3.761905,0.285714,0.952381,0.000000,0.285714,0.952381,0.666667,5.333333,0.571429,4.047619,0.000000,0.047619,0.000000,0.000000,0.000000,0.000000,0.333333,3.190476,0.000000,0.000000,0.000000,0.000000,0.000000,0.000000,0.000000,0.000000,0.000000,0.000000,0.000000,0.000000,0.000000,0.000000,0.000000
COM.announce,0.803150,1.724409,0.000000,0.000000,0.000000,2.409449,0.000000,0.000000,0.000000,0.000000,0.543307,4.181102,1.669291,1.377953,3.921260,0.314961,4.086614,0.582677,0.023622,0.299213,0.685039,1.511811,2.724409,0.039370,0.897638,0.236220,2.976378,1.669291,0.031496,0.000000,0.110236,0.039370,0.716535,0.000000,0.000000,0.000000,0.000000,0.000000,0.000000,0.000000,0.000000,0.000000,0.000000,0.000000,0.000000,0.000000,0.000000,0.000000
COM.answer,0.940789,0.375000,0.000000,0.000000,0.000000,5.210526,0.000000,0.000000,0.000000,0.000000,3.131579,2.355263,1.802632,0.684211,2.585526,0.947368,2.717105,1.085526,0.059211,0.605263,1.164474,1.078947,3.039474,0.000000,0.842105,0.065789,1.881579,1.138158,0.223684,0.000000,0.407895,0.375000,0.973684,0.000000,0.000000,0.000000,0.000000,0.000000,0.000000,0.000000,0.000000,0.000000,0.000000,0.000000,0.000000,0.000000,0.000000,0.000000
COM.conduct,0.314815,0.549383,0.000000,0.000000,0.000000,3.080247,0.000000,0.000000,0.000000,0.000000,2.012346,0.459877,2.796296,3.070988,1.049383,0.407407,2.759259,1.756173,0.145062,0.462963,0.290123,2.459877,3.212963,0.098765,1.879630,0.311728,2.787037,1.265432,0.225309,0.000000,0.305556,0.197531,1.092593,0.000000,0.000000,0.000000,0.000000,0.000000,0.000000,0.000000,0.000000,0.000000,0.000000,0.000000,0.000000,0.000000,0.000000,0.000000
COM.conflict,0.818182,0.181818,0.000000,0.000000,0.000000,3.623377,0.000000,0.000000,0.000000,0.000000,1.831169,0.480519,5.831169,0.467532,2.181818,0.272727,3.181818,1.181818,0.090909,1.064935,1.493506,0.636364,3.571429,0.000000,5.961039,0.000000,0.870130,0.168831,0.194805,0.000000,0.285714,0.000000,1.948052,0.000000,0.000000,0.000000,0.000000,0.000000,0.000000,0.000000,0.000000,0.000000,0.000000,0.000000,0.000000,0.000000,0.000000,0.000000
COM.cooperate,1.126984,1.492063,0.000000,0.000000,0.000000,1.492063,0.000000,0.000000,0.000000,0.000000,0.000000,0.000000,7.936508,2.460317,1.523810,0.000000,2.222222,0.190476,2.095238,2.777778,0.000000,0.857143,6.333333,0.206349,0.000000,2.650794,1.285714,3.031746,0.000000,0.000000,0.000000,0.000000,1.111111,0.000000,0.000000,0.000000,0.000000,0.000000,0.000000,0.000000,0.000000,0.000000,0.000000,0.000000,0.000000,0.000000,0.000000,0.000000
COM.muteness,0.850000,1.300000,0.000000,0.000000,0.000000,8.400000,0.000000,0.000000,0.000000,0.000000,1.250000,0.800000,3.050000,0.350000,3.950000,3.400000,1.150000,0.750000,0.000000,1.050000,0.550000,0.600000,5.850000,0.650000,3.000000,0.000000,1.200000,0.300000,0.000000,0.000000,0.200000,0.000000,1.750000,0.000000,0.000000,0.000000,0.000000,0.000000,0.000000,0.000000,0.000000,0.000000,0.000000,0.000000,0.000000,0.000000,0.000000,0.000000
COM.practice,0.214286,0.821429,0.000000,0.000000,0.000000,4.785714,0.000000,0.000000,0.000000,0.000000,2.053571,0.339286,2.232143,2.517857,1.946429,2.232143,1.008929,1.116071,0.125000,0.544643,0.392857,1.642857,3.660714,0.026786,1.535714,0.455357,2.241071,1.642857,1.705357,0.000000,0.044643,0.026786,1.000000,0.000000,0.000000,0.000000,0.000000,0.000000,0.000000,0.000000,0.000000,0.000000,0.000000,0.000000,0.000000,0.000000,0.000000,0.000000
COM.question,0.739130,0.362319,0.000000,0.000000,0.000000,5.260870,0.000000,0.000000,0.000000,0.000000,0.362319,6.130435,2.811594,1.347826,2.681159,0.913043,3.478261,0.956522,0.014493,0.782609,0.782609,1.159420,3.260870,0.159420,0.246377,0.333333,2.159420,2.840580,0.072464,0.000000,0.188406,0.072464,1.000000,0.000000,0.000000,0.000000,0.000000,0.000000,0.000000,0.000000,0.000000,0.000000,0.000000,0.000000,0.000000,0.000000,0.000000,0.000000
COM.secret,0.135135,0.081081,0.000000,0.000000,0.000000,5.445946,0.000000,0.000000,0.000000,0.000000,1.527027,4.432432,1.797297,0.432432,1.972973,2.040541,1.364865,0.243243,0.000000,0.500000,0.932432,0.743243,4.472973,0.067568,1.337838,1.013514,1.486486,0.175676,0.054054,0.000000,0.121622,0.000000,1.837838,0.000000,0.000000,0.000000,0.000000,0.000000,0.000000,0.000000,0.000000,0.000000,0.000000,0.000000,0.000000,0.000000,0.000000,0.000000
COM.silence,0.407407,0.185185,0.000000,0.000000,0.000000,4.925926,0.000000,0.000000,0.000000,0.000000,5.037037,0.518519,0.925926,0.370370,3.703704,3.148148,1.037037,0.000000,0.000000,0.925926,0.777778,0.629630,5.629630,1.407407,0.888889,0.185185,1.407407,0.000000,0.000000,0.000000,0.000000,0.185185,1.185185,0.000000,0.000000,0.000000,0.000000,0.000000,0.000000,0.000000,0.000000,0.000000,0.000000,0.000000,0.000000,0.000000,0.000000,0.000000
COM.speak,0.469325,0.208589,0.000000,0.000000,0.000000,6.665644,0.000000,0.000000,0.000000,0.000000,2.122699,3.478528,3.208589,0.861963,4.331288,1.469325,2.895706,0.613497,0.187117,0.950920,1.791411,0.907975,3.380368,0.021472,1.748466,0.368098,1.441718,1.803681,0.156442,0.000000,0.113497,0.000000,1.254601,0.000000,0.000000,0.000000,0.000000,0.000000,0.000000,0.000000,0.000000,0.000000,0.000000,0.000000,0.000000,0.000000,0.000000,0.000000
COM.teach,0.472527,0.725275,0.000000,0.000000,0.000000,5.032967,0.000000,0.000000,0.000000,0.000000,0.428571,1.956044,4.329670,2.021978,2.505495,0.098901,4.274725,0.703297,0.065934,1.439560,0.263736,1.197802,4.615385,0.065934,0.318681,0.648352,4.274725,1.681319,0.021978,0.000000,0.120879,0.000000,0.428571,0.000000,0.000000,0.000000,0.000000,0.000000,0.000000,0.000000,0.000000,0.000000,0.000000,0.000000,0.000000,0.000000,0.000000,0.000000
ECO.buy,0.842105,0.223684,0.000000,0.000000,0.000000,5.907895,0.000000,0.000000,0.000000,0.000000,4.315789,0.539474,3.881579,0.776316,2.000000,0.868421,2.315789,1.342105,0.250000,0.539474,1.039474,1.065789,3.736842,0.000000,1.131579,0.223684,1.539474,2.513158,0.552632,0.000000,0.000000,0.000000,1.013158,0.000000,0.000000,0.000000,0.000000,0.000000,0.000000,0.000000,0.000000,0.000000,0.000000,0.000000,0.000000,0.000000,0.000000,0.000000
ECO.currency,1.322034,2.169492,0.000000,0.000000,0.000000,4.474576,0.000000,0.000000,0.000000,0.000000,7.847458,1.440678,1.576271,2.406780,3.593220,1.118644,1.593220,0.864407,0.203390,0.338983,1.338983,1.661017,3.355932,0.000000,0.271186,0.338983,0.915254,0.796610,0.152542,0.000000,0.000000,0.084746,0.423729,0.000000,0.000000,0.000000,0.000000,0.000000,0.000000,0.000000,0.000000,0.000000,0.000000,0.000000,0.000000,0.000000,0.000000,0.000000
ECO.earn,0.561224,0.591837,0.000000,0.000000,0.000000,6.775510,0.000000,0.000000,0.000000,0.000000,4.500000,1.326531,2.316327,1.173469,2.255102,1.795918,0.857143,1.806122,0.020408,0.112245,0.918367,1.142857,3.622449,0.081633,0.744898,0.173469,0.591837,2.989796,0.785714,0.000000,0.112245,0.000000,1.510204,0.000000,0.000000,0.000000,0.000000,0.000000,0.000000,0.000000,0.000000,0.000000,0.000000,0.000000,0.000000,0.000000,0.000000,0.000000
ECO.income,0.375000,1.000000,0.000000,0.000000,0.000000,6.625000,0.000000,0.000000,0.000000,0.000000,3.227273,2.954545,2.340909,2.431818,3.306818,1.147727,1.238636,2.181818,0.079545,0.147727,0.727273,1.852273,3.625000,0.000000,0.943182,0.306818,1.000000,2.318182,1.818182,0.000000,0.193182,0.250000,1.840909,0.000000,0.000000,0.000000,0.000000,0.000000,0.000000,0.000000,0.000000,0.000000,0.000000,0.000000,0.000000,0.000000,0.000000,0.000000
ECO.loss,0.578947,0.105263,0.000000,0.000000,0.000000,5.315789,0.000000,0.000000,0.000000,0.000000,2.842105,1.105263,2.263158,1.684211,2.578947,0.105263,3.000000,2.631579,0.105263,0.263158,0.157895,1.105263,4.789474,0.947368,7.105263,0.000000,1.105263,0.105263,0.000000,0.000000,0.000000,0.000000,3.052632,0.000000,0.000000,0.000000,0.000000,0.000000,0.000000,0.000000,0.000000,0.000000,0.000000,0.000000,0.000000,0.000000,0.000000,0.000000
ECO.money,0.514706,1.205882,0.000000,0.000000,0.000000,4.102941,0.000000,0.000000,0.000000,0.000000,5.132353,1.161765,2.676471,2.235294,2.397059,1.132353,2.411765,1.808824,0.132353,0.352941,1.294118,1.720588,3.911765,0.000000,0.955882,0.544118,1.088235,1.926471,0.352941,0.000000,0.000000,0.176471,1.338235,0.000000,0.000000,0.000000,0.000000,0.000000,0.000000,0.000000,0.000000,0.000000,0.000000,0.000000,0.000000,0.000000,0.000000,0.000000
ECO.pay,0.264151,0.320755,0.000000,0.000000,0.000000,6.364780,0.000000,0.000000,0.000000,0.000000,3.572327,0.861635,5.031447,1.943396,3.125786,0.358491,1.987421,2.182390,0.132075,0.559748,0.635220,1.628931,4.446541,0.006289,1.566038,0.081761,0.805031,1.767296,1.289308,0.000000,0.000000,0.125786,1.088050,0.000000,0.000000,0.000000,0.000000,0.000000,0.000000,0.000000,0.000000,0.000000,0.000000,0.000000,0.000000,0.000000,0.000000,0.000000
ECO.price,0.439024,0.634146,0.000000,0.000000,0.000000,5.243902,0.000000,0.000000,0.000000,0.000000,2.597561,3.073171,2.243902,1.256098,3.926829,0.829268,1.804878,1.548780,0.146341,0.426829,0.560976,1.426829,4.207317,0.073171,1.646341,0.121951,0.768293,1.097561,0.292683,0.000000,0.109756,0.000000,2.146341,0.000000,0.000000,0.000000,0.000000,0.000000,0.000000,0.000000,0.000000,0.000000,0.000000,0.000000,0.000000,0.000000,0.000000,0.000000
ECO.save,0.216981,0.462264,0.000000,0.000000,0.000000,5.830189,0.000000,0.000000,0.000000,0.000000,4.018868,2.047170,0.981132,1.584906,1.924528,2.924528,0.490566,0.745283,0.018868,0.028302,0.641509,1.018868,3.254717,0.000000,0.188679,1.141509,0.952830,1.801887,0.839623,0.000000,0.000000,0.103774,0.547170,0.000000,0.000000,0.000000,0.000000,0.000000,0.000000,0.000000,0.000000,0.000000,0.000000,0.000000,0.000000,0.000000,0.000000,0.000000
ECO.sell,0.282353,0.564706,0.000000,0.000000,0.000000,5.541176,0.000000,0.000000,0.000000,0.000000,5.129412,0.552941,4.470588,1.400000,2.352941,1.294118,1.847059,1.694118,0.423529,0.411765,1.423529,1.670588,4.070588,0.058824,1.694118,0.494118,1.564706,2.011765,0.247059,0.000000,0.082353,0.000000,1.505882,0.000000,0.000000,0.000000,0.000000,0.000000,0.000000,0.000000,0.000000,0.000000,0.000000,0.000000,0.000000,0.000000,0.000000,0.000000
ECO.waste,0.392405,0.088608,0.000000,0.000000,0.000000,4.063291,0.000000,0.000000,0.000000,0.000000,8.291139,0.113924,0.303797,0.354430,2.544304,0.886076,1.620253,1.341772,0.063291,0.227848,0.848101,0.797468,4.126582,0.000000,5.506329,0.000000,0.493671,0.215190,0.924051,0.000000,0.000000,0.392405,0.860759,0.000000,0.000000,0.000000,0.000000,0.000000,0.000000,0.000000,0.000000,0.000000,0.000000,0.000000,0.000000,0.000000,0.000000,0.000000
ECO.withdraw,0.089744,0.128205,0.000000,0.000000,0.000000,7.141026,0.000000,0.000000,0.000000,0.000000,3.769231,3.217949,2.692308,0.820513,2.500000,3.269231,1.576923,1.589744,0.025641,0.128205,1.782051,1.307692,3.038462,0.000000,0.974359,0.089744,2.000000,0.782051,0.576923,0.000000,0.000000,0.000000,1.717949,0.000000,0.000000,0.000000,0.000000,0.000000,0.000000,0.000000,0.000000,0.000000,0.000000,0.000000,0.000000,0.000000,0.000000,0.000000
ELM.darkness,0.422222,0.155556,0.000000,0.000000,0.000000,2.577778,0.000000,0.000000,0.000000,0.000000,7.333333,0.000000,0.666667,0.555556,3.511111,2.244444,1.733333,0.666667,0.133333,0.377778,0.755556,0.733333,5.933333,1.355556,4.577778,0.155556,0.533333,0.155556,0.777778,0.000000,0.066667,0.088889,1.688889,0.000000,0.000000,0.000000,0.000000,0.000000,0.000000,0.000000,0.000000,0.000000,0.000000,0.000000,0.000000,0.000000,0.000000,0.000000
ELM.earth,0.676923,0.815385,0.000000,0.000000,0.000000,0.784615,0.000000,0.000000,0.000000,0.000000,9.092308,0.030769,0.769231,1.953846,1.461538,1.276923,1.430769,0.569231,0.107692,1.092308,1.000000,1.153846,3.369231,0.107692,1.461538,0.476923,1.230769,1.538462,0.984615,0.000000,0.000000,0.353846,1.138462,0.000000,0.000000,0.000000,0.000000,0.000000,0.000000,0.000000,0.000000,0.000000,0.000000,0.000000,0.000000,0.000000,0.000000,0.000000
ELM.fire,2.987805,0.439024,0.000000,0.000000,0.000000,3.219512,0.000000,0.000000,0.000000,0.000000,8.487805,0.073171,1.146341,0.780488,1.560976,0.560976,3.853659,1.817073,0.475610,0.695122,0.829268,0.841463,4.317073,0.000000,4.121951,0.097561,2.414634,0.890244,0.146341,0.000000,0.353659,0.000000,2.402439,0.000000,0.000000,0.000000,0.000000,0.000000,0.000000,0.000000,0.000000,0.000000,0.000000,0.000000,0.000000,0.000000,0.000000,0.000000
ELM.light,1.185185,0.228395,0.000000,0.000000,0.000000,3.376543,0.000000,0.000000,0.000000,0.000000,8.012346,0.209877,0.567901,1.172840,2.358025,2.123457,1.938272,0.191358,0.141975,0.913580,2.277778,1.141975,4.314815,0.179012,0.611111,0.209877,1.500000,1.672840,0.882716,0.000000,0.172840,0.129630,1.654321,0.000000,0.000000,0.000000,0.000000,0.000000,0.000000,0.000000,0.000000,0.000000,0.000000,0.000000,0.000000,0.000000,0.000000,0.000000
ELM.moon,0.666667,0.000000,0.000000,0.000000,0.000000,3.111111,0.000000,0.000000,0.000000,0.000000,7.111111,0.000000,2.111111,2.333333,3.333333,0.555556,1.777778,0.444444,0.000000,1.555556,0.777778,1.444444,5.888889,0.000000,0.000000,0.000000,0.555556,0.222222,6.111111,0.000000,0.000000,0.666667,1.000000,0.000000,0.000000,0.000000,0.000000,0.000000,0.000000,0.000000,0.000000,0.000000,0.000000,0.000000,0.000000,0.000000,0.000000,0.000000
ELM.morning,4.652174,0.065217,0.000000,0.000000,0.000000,1.695652,0.000000,0.000000,0.000000,0.000000,4.891304,0.217391,0.369565,1.826087,3.021739,0.782609,2.630435,0.478261,0.152174,0.630435,0.326087,2.021739,3.347826,0.108696,0.000000,0.043478,1.500000,1.130435,5.826087,0.000000,0.195652,2.695652,0.478261,0.000000,0.000000,0.000000,0.000000,0.000000,0.000000,0.000000,0.000000,0.000000,0.000000,0.000000,0.000000,0.000000,0.000000,0.000000
ELM.night,0.578947,0.447368,0.000000,0.000000,0.000000,1.421053,0.000000,0.000000,0.000000,0.000000,5.842105,0.078947,0.578947,1.263158,2.236842,0.710526,1.157895,0.052632,0.052632,0.789474,0.105263,1.289474,4.263158,0.052632,0.552632,0.342105,0.368421,0.000000,5.736842,0.000000,0.105263,1.368421,0.052632,0.000000,0.000000,0.000000,0.000000,0.000000,0.000000,0.000000,0.000000,0.000000,0.000000,0.000000,0.000000,0.000000,0.000000,0.000000
ELM.sky,0.392857,0.607143,0.000000,0.000000,0.000000,1.053571,0.000000,0.000000,0.000000,0.000000,5.446429,0.696429,0.517857,2.178571,3.857143,1.892857,1.071429,0.125000,0.107143,1.910714,0.535714,1.428571,4.107143,0.821429,0.232143,1.000000,1.267857,0.410714,0.821429,0.000000,0.071429,1.035714,0.517857,0.000000,0.000000,0.000000,0.000000,0.000000,0.000000,0.000000,0.000000,0.000000,0.000000,0.000000,0.000000,0.000000,0.000000,0.000000
ELM.star,1.541667,0.583333,0.000000,0.000000,0.000000,2.083333,0.000000,0.000000,0.000000,0.000000,7.208333,0.458333,1.187500,2.312500,4.104167,3.020833,1.458333,0.208333,0.166667,2.229167,0.145833,1.041667,5.625000,0.562500,0.479167,0.270833,2.187500,1.250000,1.125000,0.000000,0.250000,0.333333,0.770833,0.000000,0.000000,0.000000,0.000000,0.000000,0.000000,0.000000,0.000000,0.000000,0.000000,0.000000,0.000000,0.000000,0.000000,0.000000
ELM.sun,0.580645,0.161290,0.000000,0.000000,0.000000,0.064516,0.000000,0.000000,0.000000,0.000000,6.290323,0.451613,0.870968,1.612903,2.096774,2.451613,3.129032,0.354839,0.516129,0.903226,0.580645,0.483871,5.516129,0.806452,0.258065,0.419355,0.741935,2.096774,4.129032,0.000000,0.000000,1.064516,0.129032,0.000000,0.000000,0.000000,0.000000,0.000000,0.000000,0.000000,0.000000,0.000000,0.000000,0.000000,0.000000,0.000000,0.000000,0.000000
ELM.water,0.550898,0.293413,0.000000,0.000000,0.000000,2.407186,0.000000,0.000000,0.000000,0.000000,8.413174,0.143713,0.994012,1.053892,1.149701,0.682635,2.095808,0.592814,0.095808,0.766467,1.089820,0.736527,3.796407,0.167665,0.868263,0.335329,1.712575,0.730539,0.940120,0.000000,0.000000,0.365269,1.389222,0.000000,0.000000,0.000000,0.000000,0.000000,0.000000,0.000000,0.000000,0.000000,0.000000,0.000000,0.000000,0.000000,0.000000,0.000000
ELM.wind,0.444444,0.074074,0.000000,0.000000,0.000000,2.111111,0.000000,0.000000,0.000000,0.000000,8.274074,0.392593,1.051852,1.333333,1.533333,0.970370,2.822222,0.807407,0.333333,0.822222,1.125926,1.562963,2.577778,0.044444,1.185185,0.103704,0.888889,1.133333,1.637037,0.000000,0.274074,0.000000,1.637037,0.000000,0.000000,0.000000,0.000000,0.000000,0.000000,0.000000,0.000000,0.000000,0.000000,0.000000,0.000000,0.000000,0.000000,0.000000
EMO.anger,0.963415,0.207317,0.000000,0.000000,0.000000,8.012195,0.000000,0.000000,0.000000,0.000000,0.524390,0.060976,4.463415,0.365854,5.487805,0.853659,4.878049,1.000000,0.146341,1.268293,0.548780,0.317073,6.707317,0.036585,7.841463,0.000000,0.475610,0.134146,0.256098,0.000000,0.390244,0.000000,2.963415,0.000000,0.000000,0.000000,0.000000,0.000000,0.000000,0.000000,0.000000,0.000000,0.000000,0.000000,0.000000,0.000000,0.000000,0.000000
EMO.anxiety,1.219512,0.353659,0.000000,0.000000,0.000000,8.109756,0.000000,0.000000,0.000000,0.000000,0.695122,0.134146,1.256098,0.317073,5.121951,2.439024,1.829268,1.036585,0.073171,0.780488,0.743902,0.463415,6.256098,0.609756,5.329268,0.073171,0.560976,0.024390,0.780488,0.000000,0.524390,0.121951,3.878049,0.000000,0.000000,0.000000,0.000000,0.000000,0.000000,0.000000,0.000000,0.000000,0.000000,0.000000,0.000000,0.000000,0.000000,0.000000
EMO.apology,1.571429,0.285714,0.000000,0.000000,0.000000,8.714286,0.000000,0.000000,0.000000,0.000000,0.000000,1.428571,7.571429,1.571429,7.000000,0.285714,4.428571,1.428571,0.000000,4.428571,1.000000,1.285714,7.571429,0.000000,0.000000,1.142857,5.285714,3.285714,0.000000,0.000000,0.000000,0.285714,3.000000,0.000000,0.000000,0.000000,0.000000,0.000000,0.000000,0.000000,0.000000,0.000000,0.000000,0.000000,0.000000,0.000000,0.000000,0.000000
EMO.compassion,0.438596,0.508772,0.000000,0.000000,0.000000,6.421053,0.000000,0.000000,0.000000,0.000000,0.070175,0.087719,5.894737,0.298246,4.736842,0.140351,3.701754,0.245614,0.000000,2.912281,0.035088,0.403509,6.649123,0.122807,0.350877,3.543860,2.421053,0.403509,0.000000,0.000000,0.105263,0.000000,1.578947,0.000000,0.000000,0.000000,0.000000,0.000000,0.000000,0.000000,0.000000,0.000000,0.000000,0.000000,0.000000,0.000000,0.000000,0.000000
EMO.contempt,0.434783,0.217391,0.000000,0.000000,0.000000,8.695652,0.000000,0.000000,0.000000,0.000000,1.652174,0.521739,6.304348,0.260870,6.347826,1.739130,2.869565,0.434783,0.000000,1.391304,1.565217,0.565217,5.826087,0.000000,7.565217,0.000000,0.304348,0.000000,0.000000,0.000000,0.000000,0.000000,1.956522,0.000000,0.000000,0.000000,0.000000,0.000000,0.000000,0.000000,0.000000,0.000000,0.000000,0.000000,0.000000,0.000000,0.000000,0.000000
EMO.courage,0.550000,0.112500,0.000000,0.000000,0.000000,8.000000,0.000000,0.000000,0.000000,0.000000,0.550000,0.100000,1.000000,0.437500,6.087500,2.662500,3.200000,0.187500,0.000000,1.300000,0.487500,0.312500,7.162500,0.550000,1.187500,0.075000,4.212500,0.462500,0.025000,0.000000,0.225000,0.100000,2.300000,0.000000,0.000000,0.000000,0.000000,0.000000,0.000000,0.000000,0.000000,0.000000,0.000000,0.000000,0.000000,0.000000,0.000000,0.000000
EMO.desire,1.571429,0.228571,0.000000,0.000000,0.000000,8.171429,0.000000,0.000000,0.000000,0.000000,0.695238,0.095238,2.038095,0.114286,5.580952,2.247619,2.752381,0.533333,0.066667,1.171429,1.028571,0.295238,6.219048,0.638095,2.400000,0.361905,2.704762,1.152381,0.390476,0.000000,0.485714,0.047619,2.523810,0.000000,0.000000,0.000000,0.000000,0.000000,0.000000,0.000000,0.000000,0.000000,0.000000,0.000000,0.000000,0.000000,0.000000,0.000000
EMO.despair,0.617021,1.042553,0.000000,0.000000,0.000000,8.127660,0.000000,0.000000,0.000000,0.000000,0.361702,0.106383,1.085106,0.191489,6.170213,3.255319,0.957447,0.978723,0.042553,1.042553,0.042553,0.468085,7.765957,4.042553,8.574468,0.000000,0.276596,0.000000,0.042553,0.000000,0.085106,0.297872,2.212766,0.000000,0.000000,0.000000,0.000000,0.000000,0.000000,0.000000,0.000000,0.000000,0.000000,0.000000,0.000000,0.000000,0.000000,0.000000
EMO.dislike,0.633803,0.563380,0.000000,0.000000,0.000000,8.366197,0.000000,0.000000,0.000000,0.000000,0.577465,0.112676,3.732394,0.112676,6.183099,1.957746,2.647887,0.746479,0.000000,1.239437,0.408451,0.352113,6.126761,0.323944,6.084507,0.000000,0.718310,0.056338,0.056338,0.000000,0.042254,0.000000,2.098592,0.000000,0.000000,0.000000,0.000000,0.000000,0.000000,0.000000,0.000000,0.000000,0.000000,0.000000,0.000000,0.000000,0.000000,0.000000
EMO.doubt,0.788462,0.134615,0.000000,0.000000,0.000000,7.557692,0.000000,0.000000,0.000000,0.000000,0.000000,0.480769,1.923077,0.192308,4.980769,2.865385,1.711538,0.692308,0.038462,0.519231,0.961538,0.403846,5.788462,0.423077,1.980769,0.000000,1.384615,0.115385,0.250000,0.000000,0.442308,0.000000,2.711538,0.000000,0.000000,0.000000,0.000000,0.000000,0.000000,0.000000,0.000000,0.000000,0.000000,0.000000,0.000000,0.000000,0.000000,0.000000
EMO.fear,1.648352,0.131868,0.000000,0.000000,0.000000,7.626374,0.000000,0.000000,0.000000,0.000000,1.978022,0.230769,1.802198,0.219780,3.758242,1.549451,3.384615,1.098901,0.230769,0.483516,1.164835,0.263736,6.065934,0.703297,5.703297,0.000000,0.571429,0.000000,0.131868,0.000000,0.780220,0.076923,2.791209,0.000000,0.000000,0.000000,0.000000,0.000000,0.000000,0.000000,0.000000,0.000000,0.000000,0.000000,0.000000,0.000000,0.000000,0.000000
EMO.forgiveness,0.363636,1.000000,0.000000,0.000000,0.000000,6.727273,0.000000,0.000000,0.000000,0.000000,0.000000,0.363636,7.818182,0.636364,5.181818,0.000000,3.818182,0.000000,0.000000,3.909091,0.000000,0.181818,7.636364,0.545455,0.000000,2.272727,5.636364,1.545455,0.000000,0.000000,0.363636,0.000000,1.454545,0.000000,0.000000,0.000000,0.000000,0.000000,0.000000,0.000000,0.000000,0.000000,0.000000,0.000000,0.000000,0.000000,0.000000,0.000000
EMO.happiness,0.424242,0.363636,0.000000,0.000000,0.000000,7.348485,0.000000,0.000000,0.000000,0.000000,1.060606,0.166667,2.121212,0.075758,6.348485,1.772727,3.136364,0.181818,0.439394,2.212121,1.363636,0.621212,5.954545,0.196970,0.090909,2.272727,1.681818,0.924242,0.090909,0.000000,0.333333,0.000000,1.878788,0.000000,0.000000,0.000000,0.000000,0.000000,0.000000,0.000000,0.000000,0.000000,0.000000,0.000000,0.000000,0.000000,0.000000,0.000000
EMO.hate,0.300000,0.971429,0.000000,0.000000,0.000000,7.900000,0.000000,0.000000,0.000000,0.000000,0.000000,0.142857,5.528571,0.800000,5.457143,1.000000,3.128571,1.071429,0.028571,2.200000,0.157143,0.471429,6.757143,0.485714,8.485714,0.000000,0.400000,0.071429,0.000000,0.000000,0.028571,0.000000,1.785714,0.000000,0.000000,0.000000,0.000000,0.000000,0.000000,0.000000,0.000000,0.000000,0.000000,0.000000,0.000000,0.000000,0.000000,0.000000
EMO.hope,1.903226,0.451613,0.000000,0.000000,0.000000,7.064516,0.000000,0.000000,0.000000,0.000000,0.322581,0.225806,2.290323,0.000000,6.322581,1.774194,3.580645,0.193548,0.000000,1.064516,0.548387,0.096774,5.774194,0.225806,0.387097,0.741935,3.161290,1.806452,0.000000,0.000000,0.258065,0.000000,1.645161,0.000000,0.000000,0.000000,0.000000,0.000000,0.000000,0.000000,0.000000,0.000000,0.000000,0.000000,0.000000,0.000000,0.000000,0.000000
EMO.joy,1.202899,0.115942,0.000000,0.000000,0.000000,7.724638,0.000000,0.000000,0.000000,0.000000,0.623188,0.101449,1.681159,0.028986,6.115942,2.289855,3.014493,0.130435,0.188406,1.768116,1.072464,0.159420,6.579710,0.217391,0.115942,1.985507,1.927536,1.086957,0.000000,0.000000,1.014493,0.000000,1.884058,0.000000,0.000000,0.000000,0.000000,0.000000,0.000000,0.000000,0.000000,0.000000,0.000000,0.000000,0.000000,0.000000,0.000000,0.000000
EMO.like,0.208333,0.416667,0.000000,0.000000,0.000000,7.458333,0.000000,0.000000,0.000000,0.000000,1.125000,0.375000,2.875000,0.125000,5.625000,2.583333,0.708333,0.041667,0.000000,1.708333,0.625000,0.500000,5.291667,0.125000,0.208333,2.291667,0.500000,0.583333,0.125000,0.000000,0.125000,0.000000,1.250000,0.000000,0.000000,0.000000,0.000000,0.000000,0.000000,0.000000,0.000000,0.000000,0.000000,0.000000,0.000000,0.000000,0.000000,0.000000
EMO.love,0.892857,0.821429,0.000000,0.000000,0.000000,7.946429,0.000000,0.000000,0.000000,0.000000,0.125000,0.071429,8.392857,0.214286,4.035714,0.285714,2.428571,0.017857,0.214286,5.339286,0.375000,0.125000,7.517857,0.946429,0.642857,3.714286,2.482143,1.017857,0.000000,0.000000,0.714286,0.000000,1.232143,0.000000,0.000000,0.000000,0.000000,0.000000,0.000000,0.000000,0.000000,0.000000,0.000000,0.000000,0.000000,0.000000,0.000000,0.000000
EMO.manifest,0.811594,0.507246,0.000000,0.000000,0.000000,4.826087,0.000000,0.000000,0.000000,0.000000,3.927536,1.376812,2.144928,0.681159,3.840580,1.072464,2.942029,0.159420,0.000000,1.594203,1.739130,0.507246,4.550725,0.101449,0.362319,0.768116,2.304348,0.623188,0.391304,0.000000,0.101449,0.000000,1.231884,0.000000,0.000000,0.000000,0.000000,0.000000,0.000000,0.000000,0.000000,0.000000,0.000000,0.000000,0.000000,0.000000,0.000000,0.000000
EMO.patience,0.319149,0.553191,0.000000,0.000000,0.000000,7.574468,0.000000,0.000000,0.000000,0.000000,1.319149,0.382979,1.617021,0.595745,4.000000,3.170213,0.574468,0.489362,0.106383,0.446809,0.085106,0.553191,6.404255,0.404255,1.127660,1.680851,0.829787,0.085106,0.297872,0.000000,0.042553,0.319149,1.744681,0.000000,0.000000,0.000000,0.000000,0.000000,0.000000,0.000000,0.000000,0.000000,0.000000,0.000000,0.000000,0.000000,0.000000,0.000000
EMO.pleasure,0.829268,0.048780,0.000000,0.000000,0.000000,7.878049,0.000000,0.000000,0.000000,0.000000,1.658537,0.121951,1.902439,0.048780,5.219512,2.219512,2.414634,0.219512,0.073171,1.585366,0.926829,0.170732,6.219512,0.195122,1.243902,1.829268,1.926829,1.121951,0.195122,0.000000,0.439024,0.000000,2.073171,0.000000,0.000000,0.000000,0.000000,0.000000,0.000000,0.000000,0.000000,0.000000,0.000000,0.000000,0.000000,0.000000,0.000000,0.000000
EMO.pride,0.753247,0.870130,0.000000,0.000000,0.000000,8.467532,0.000000,0.000000,0.000000,0.000000,0.701299,0.090909,2.363636,0.194805,6.506494,2.831169,1.818182,0.311688,0.012987,0.571429,1.363636,0.129870,5.636364,0.402597,3.961039,0.194805,0.935065,0.428571,0.000000,0.000000,0.000000,0.000000,1.207792,0.000000,0.000000,0.000000,0.000000,0.000000,0.000000,0.000000,0.000000,0.000000,0.000000,0.000000,0.000000,0.000000,0.000000,0.000000
EMO.respect,0.557143,2.071429,0.000000,0.000000,0.000000,5.957143,0.000000,0.000000,0.000000,0.000000,2.628571,0.600000,3.957143,0.685714,5.657143,0.514286,2.542857,0.057143,0.042857,1.657143,0.385714,0.357143,5.828571,0.000000,0.500000,1.257143,1.557143,0.657143,0.042857,0.000000,0.000000,0.000000,0.700000,0.000000,0.000000,0.000000,0.000000,0.000000,0.000000,0.000000,0.000000,0.000000,0.000000,0.000000,0.000000,0.000000,0.000000,0.000000
EMO.satisfaction,0.673913,0.521739,0.000000,0.000000,0.000000,7.673913,0.000000,0.000000,0.000000,0.000000,0.434783,0.130435,2.260870,0.239130,5.739130,1.456522,1.978261,0.304348,0.086957,0.978261,0.434783,0.239130,6.347826,0.304348,0.478261,1.608696,2.000000,0.608696,0.021739,0.000000,0.108696,0.021739,1.934783,0.000000,0.000000,0.000000,0.000000,0.000000,0.000000,0.000000,0.000000,0.000000,0.000000,0.000000,0.000000,0.000000,0.000000,0.000000
EMO.shame,1.455882,0.382353,0.000000,0.000000,0.000000,7.941176,0.000000,0.000000,0.000000,0.000000,0.338235,0.220588,3.764706,0.367647,5.794118,0.691176,2.294118,1.073529,0.000000,1.308824,0.308824,0.411765,6.779412,0.500000,6.691176,0.000000,1.191176,0.000000,0.088235,0.000000,0.000000,0.073529,2.073529,0.000000,0.000000,0.000000,0.000000,0.000000,0.000000,0.000000,0.000000,0.000000,0.000000,0.000000,0.000000,0.000000,0.000000,0.000000
EMO.sorrow,1.000000,0.462963,0.000000,0.000000,0.000000,8.259259,0.000000,0.000000,0.000000,0.000000,0.314815,0.055556,2.648148,0.240741,6.481481,1.814815,1.870370,0.814815,0.000000,1.703704,0.055556,0.148148,7.740741,1.629630,5.148148,0.000000,1.518519,0.055556,0.148148,0.000000,0.500000,0.000000,2.611111,0.000000,0.000000,0.000000,0.000000,0.000000,0.000000,0.000000,0.000000,0.000000,0.000000,0.000000,0.000000,0.000000,0.000000,0.000000
EMO.trust,0.142857,2.333333,0.000000,0.000000,0.000000,6.333333,0.000000,0.000000,0.000000,0.000000,0.285714,0.285714,7.904762,0.714286,4.809524,0.380952,1.571429,0.428571,0.000000,3.190476,0.238095,0.285714,7.333333,0.238095,1.523810,1.952381,1.428571,0.428571,0.000000,0.000000,0.000000,0.285714,1.238095,0.000000,0.000000,0.000000,0.000000,0.000000,0.000000,0.000000,0.000000,0.000000,0.000000,0.000000,0.000000,0.000000,0.000000,0.000000
EMO.unhappiness,0.444444,0.617284,0.000000,0.000000,0.000000,8.370370,0.000000,0.000000,0.000000,0.000000,0.481481,0.086420,2.185185,0.185185,6.148148,2.641975,1.753086,0.839506,0.012346,0.888889,0.333333,0.358025,7.283951,1.234568,7.012346,0.000000,0.580247,0.000000,0.024691,0.000000,0.024691,0.000000,2.765432,0.000000,0.000000,0.000000,0.000000,0.000000,0.000000,0.000000,0.000000,0.000000,0.000000,0.000000,0.000000,0.000000,0.000000,0.000000
EMO.wish,0.945946,0.297297,0.000000,0.000000,0.000000,6.783784,0.000000,0.000000,0.000000,0.000000,0.702703,0.243243,1.891892,0.216216,4.513514,1.378378,2.405405,0.567568,0.000000,1.135135,0.648649,0.189189,5.189189,0.378378,1.594595,0.135135,1.486486,1.189189,0.027027,0.000000,0.189189,0.135135,2.162162,0.000000,0.000000,0.000000,0.000000,0.000000,0.000000,0.000000,0.000000,0.000000,0.000000,0.000000,0.000000,0.000000,0.000000,0.000000
EMO.worry,0.421569,0.362745,0.000000,0.000000,0.000000,7.823529,0.000000,0.000000,0.000000,0.000000,0.372549,0.254902,1.382353,0.558824,4.794118,1.205882,1.372549,1.421569,0.009804,0.813725,0.343137,0.715686,5.950980,0.264706,6.323529,0.137255,0.666667,0.078431,0.431373,0.000000,0.127451,0.000000,3.166667,0.000000,0.000000,0.000000,0.000000,0.000000,0.000000,0.000000,0.000000,0.000000,0.000000,0.000000,0.000000,0.000000,0.000000,0.000000
EXS.absence,0.400000,0.000000,0.000000,0.000000,0.000000,6.050000,0.000000,0.000000,0.000000,0.000000,2.100000,1.350000,2.400000,0.750000,3.000000,2.500000,1.450000,1.000000,0.000000,0.600000,1.700000,0.700000,4.300000,1.400000,3.400000,0.000000,0.450000,0.200000,0.250000,0.000000,0.000000,0.000000,2.100000,0.000000,0.000000,0.000000,0.000000,0.000000,0.000000,0.000000,0.000000,0.000000,0.000000,0.000000,0.000000,0.000000,0.000000,0.000000
EXS.being,2.015106,0.447130,0.000000,0.000000,0.000000,3.410876,0.000000,0.000000,0.000000,0.000000,3.065458,0.441088,1.471299,1.433031,3.157100,1.789527,1.802618,0.474320,0.129909,1.461229,0.457200,0.349446,3.934542,6.026183,1.374622,0.287009,2.055388,1.958711,0.205438,0.000000,0.457200,1.449144,1.189325,0.000000,0.000000,0.000000,0.000000,0.000000,0.000000,0.000000,0.000000,0.000000,0.000000,0.000000,0.000000,0.000000,0.000000,0.000000
EXS.death,0.586207,0.327586,0.000000,0.000000,0.000000,8.000000,0.000000,0.000000,0.000000,0.000000,7.241379,0.620690,0.862069,0.517241,3.982759,2.724138,2.120690,1.103448,0.000000,0.551724,0.000000,0.224138,7.172414,6.896552,7.879310,0.000000,1.155172,0.172414,0.000000,0.000000,0.396552,5.189655,1.431034,0.000000,0.000000,0.000000,0.000000,0.000000,0.000000,0.000000,0.000000,0.000000,0.000000,0.000000,0.000000,0.000000,0.000000,0.000000
EXS.life,0.235294,0.000000,0.000000,0.000000,0.000000,6.294118,0.000000,0.000000,0.000000,0.000000,5.823529,0.000000,1.470588,1.411765,2.823529,2.176471,0.529412,0.294118,0.000000,1.705882,0.000000,0.176471,7.411765,4.588235,0.411765,0.000000,1.411765,2.058824,0.000000,0.000000,0.000000,1.176471,2.647059,0.000000,0.000000,0.000000,0.000000,0.000000,0.000000,0.000000,0.000000,0.000000,0.000000,0.000000,0.000000,0.000000,0.000000,0.000000
EXS.matter,0.858065,0.616129,0.000000,0.000000,0.000000,3.277419,0.000000,0.000000,0.000000,0.000000,9.532258,0.106452,1.077419,2.161290,0.664516,1.616129,2.041935,0.751613,0.074194,0.358065,1.287097,1.306452,3.558065,0.251613,1.448387,0.329032,2.358065,1.745161,0.203226,0.000000,0.016129,0.409677,1.348387,0.000000,0.000000,0.000000,0.000000,0.000000,0.000000,0.000000,0.000000,0.000000,0.000000,0.000000,0.000000,0.000000,0.000000,0.000000
EXS.nonbeing,0.120000,0.220000,0.000000,0.000000,0.000000,1.120000,0.000000,0.000000,0.000000,0.000000,0.800000,0.800000,0.300000,0.260000,5.860000,5.060000,0.460000,0.120000,0.000000,0.220000,0.160000,0.220000,4.640000,7.780000,2.340000,0.000000,0.840000,0.040000,0.000000,0.000000,0.060000,2.940000,0.800000,0.000000,0.000000,0.000000,0.000000,0.000000,0.000000,0.000000,0.000000,0.000000,0.000000,0.000000,0.000000,0.000000,0.000000,0.000000
EXS.physical_body,1.178571,0.892857,0.000000,0.000000,0.000000,8.500000,0.000000,0.000000,0.000000,0.000000,9.892857,0.714286,0.964286,3.785714,0.392857,3.678571,0.571429,0.107143,0.071429,0.285714,0.321429,1.500000,7.500000,1.678571,0.107143,0.178571,1.250000,0.607143,0.571429,0.000000,0.000000,2.035714,0.928571,0.000000,0.000000,0.000000,0.000000,0.000000,0.000000,0.000000,0.000000,0.000000,0.000000,0.000000,0.000000,0.000000,0.000000,0.000000
EXS.presence,0.225806,0.129032,0.000000,0.000000,0.000000,3.290323,0.000000,0.000000,0.000000,0.000000,5.806452,0.483871,3.032258,0.806452,2.870968,2.322581,0.709677,0.129032,0.161290,1.806452,0.483871,0.580645,5.000000,2.903226,0.290323,0.903226,0.935484,0.387097,0.129032,0.000000,0.000000,0.870968,0.838710,0.000000,0.000000,0.000000,0.000000,0.000000,0.000000,0.000000,0.000000,0.000000,0.000000,0.000000,0.000000,0.000000,0.000000,0.000000
EXS.spirit,0.333333,0.363636,0.000000,0.000000,0.000000,6.984848,0.000000,0.000000,0.000000,0.000000,0.000000,0.303030,0.818182,0.454545,6.651515,2.151515,1.742424,0.136364,0.121212,2.590909,0.000000,0.015152,7.515152,2.530303,0.893939,0.348485,4.348485,0.757576,0.000000,0.000000,0.984848,0.227273,1.060606,0.000000,0.000000,0.000000,0.000000,0.000000,0.000000,0.000000,0.000000,0.000000,0.000000,0.000000,0.000000,0.000000,0.000000,0.000000
EXS.vitality,1.320000,0.600000,0.000000,0.000000,0.000000,5.700000,0.000000,0.000000,0.000000,0.000000,4.440000,0.300000,0.700000,0.740000,2.840000,1.200000,3.240000,0.600000,0.040000,1.780000,0.640000,0.300000,6.060000,1.160000,0.180000,0.040000,2.980000,2.720000,0.140000,0.000000,0.520000,0.280000,1.000000,0.000000,0.000000,0.000000,0.000000,0.000000,0.000000,0.000000,0.000000,0.000000,0.000000,0.000000,0.000000,0.000000,0.000000,0.000000
EXS.void,1.043478,0.500000,0.000000,0.000000,0.000000,2.456522,0.000000,0.000000,0.000000,0.000000,5.826087,0.000000,0.239130,0.956522,2.000000,2.326087,1.565217,0.326087,0.021739,0.782609,0.282609,1.065217,5.108696,2.434783,1.282609,0.086957,2.717391,0.804348,0.086957,0.000000,0.000000,1.065217,0.543478,0.000000,0.000000,0.000000,0.000000,0.000000,0.000000,0.000000,0.000000,0.000000,0.000000,0.000000,0.000000,0.000000,0.000000,0.000000
FND.ahistorical,0.000000,0.000000,0.000000,0.000000,0.000000,0.000000,0.000000,0.000000,0.000000,0.000000,0.000000,0.000000,0.000000,0.000000,7.714286,8.000000,0.000000,0.000000,0.000000,0.000000,0.000000,0.000000,7.142857,3.857143,0.000000,0.000000,0.428571,0.000000,0.000000,0.000000,0.000000,3.142857,0.000000,0.000000,0.000000,0.000000,0.000000,0.000000,0.000000,0.000000,0.000000,0.000000,0.000000,0.000000,0.000000,0.000000,0.000000,0.000000
FND.body,0.750000,1.000000,0.000000,0.000000,0.000000,8.900000,0.000000,0.000000,0.000000,0.000000,10.000000,0.000000,0.800000,3.300000,0.450000,3.850000,1.100000,0.600000,0.150000,1.050000,0.150000,0.150000,8.700000,3.800000,0.200000,0.150000,0.350000,1.000000,0.600000,0.000000,0.000000,2.900000,0.900000,0.000000,0.000000,0.000000,0.000000,0.000000,0.000000,0.000000,0.000000,0.000000,0.000000,0.000000,0.000000,0.000000,0.000000,0.000000
FND.consciousness,0.765957,0.595745,0.000000,0.000000,0.000000,8.276596,0.000000,0.000000,0.000000,0.000000,0.574468,1.297872,0.744681,0.170213,6.808511,3.319149,0.957447,0.212766,0.000000,1.510638,0.106383,0.212766,7.702128,3.489362,0.744681,0.127660,3.000000,0.404255,0.000000,0.000000,0.319149,0.510638,1.404255,0.000000,0.000000,0.000000,0.000000,0.000000,0.000000,0.000000,0.000000,0.000000,0.000000,0.000000,0.000000,0.000000,0.000000,0.000000
FND.history,1.218750,1.718750,0.000000,0.000000,0.000000,3.406250,0.000000,0.000000,0.000000,0.000000,0.531250,7.406250,1.812500,2.625000,4.187500,1.187500,1.468750,1.187500,0.000000,1.156250,0.062500,2.000000,5.437500,0.062500,0.000000,0.500000,1.781250,2.156250,0.562500,0.000000,0.000000,0.000000,0.718750,0.000000,0.000000,0.000000,0.000000,0.000000,0.000000,0.000000,0.000000,0.000000,0.000000,0.000000,0.000000,0.000000,0.000000,0.000000
FND.information,0.444444,0.629630,0.000000,0.000000,0.000000,3.425926,0.000000,0.000000,0.000000,0.000000,0.135802,9.604938,1.283951,1.530864,4.209877,1.302469,2.253086,0.783951,0.006173,0.203704,1.000000,1.283951,2.697531,0.012346,0.753086,0.148148,1.820988,1.691358,0.086420,0.000000,0.179012,0.055556,0.851852,0.000000,0.000000,0.000000,0.000000,0.000000,0.000000,0.000000,0.000000,0.000000,0.000000,0.000000,0.000000,0.000000,0.000000,0.000000
FND.intuition,2.281250,0.062500,0.000000,0.000000,0.000000,8.093750,0.000000,0.000000,0.000000,0.000000,0.000000,0.843750,0.406250,0.468750,7.125000,4.656250,1.843750,0.062500,0.000000,1.468750,0.156250,0.093750,7.500000,1.437500,0.281250,0.531250,3.343750,1.187500,0.000000,0.000000,5.625000,0.125000,1.281250,0.000000,0.000000,0.000000,0.000000,0.000000,0.000000,0.000000,0.000000,0.000000,0.000000,0.000000,0.000000,0.000000,0.000000,0.000000
FND.labor,0.429658,0.517110,0.000000,0.000000,0.000000,5.634981,0.000000,0.000000,0.000000,0.000000,4.007605,0.866920,1.958175,1.961977,2.087452,2.539924,1.490494,1.064639,0.186312,0.494297,0.798479,1.539924,3.870722,0.030418,1.186312,0.323194,1.509506,3.155894,0.574144,0.000000,0.163498,0.098859,1.307985,0.000000,0.000000,0.000000,0.000000,0.000000,0.000000,0.000000,0.000000,0.000000,0.000000,0.000000,0.000000,0.000000,0.000000,0.000000
FND.language,1.037975,1.012658,0.000000,0.000000,0.000000,3.468354,0.000000,0.000000,0.000000,0.000000,0.310127,3.272152,2.620253,2.613924,5.107595,0.791139,2.392405,0.512658,0.025316,1.348101,0.310127,1.006329,4.474684,0.025316,0.531646,0.803797,1.917722,1.651899,0.037975,0.000000,0.196203,0.120253,0.696203,0.000000,0.000000,0.000000,0.000000,0.000000,0.000000,0.000000,0.000000,0.000000,0.000000,0.000000,0.000000,0.000000,0.000000,0.000000
FND.languageless,2.294118,0.000000,0.000000,0.000000,0.000000,4.352941,0.000000,0.000000,0.000000,0.000000,0.235294,0.176471,0.235294,0.529412,2.941176,3.705882,0.235294,0.000000,0.000000,1.058824,0.000000,0.176471,7.000000,4.058824,0.000000,0.000000,1.176471,0.411765,0.000000,0.000000,1.352941,0.235294,0.882353,0.000000,0.000000,0.000000,0.000000,0.000000,0.000000,0.000000,0.000000,0.000000,0.000000,0.000000,0.000000,0.000000,0.000000,0.000000
FND.logic,0.708333,2.291667,0.000000,0.000000,0.000000,4.916667,0.000000,0.000000,0.000000,0.000000,0.208333,2.708333,1.833333,6.000000,3.750000,1.250000,1.625000,1.875000,0.000000,0.833333,0.000000,2.416667,5.208333,0.000000,0.333333,0.000000,2.458333,2.500000,0.000000,0.000000,0.208333,2.708333,0.166667,0.000000,0.000000,0.000000,0.000000,0.000000,0.000000,0.000000,0.000000,0.000000,0.000000,0.000000,0.000000,0.000000,0.000000,0.000000
FND.memory,0.269231,0.557692,0.000000,0.000000,0.000000,8.192308,0.000000,0.000000,0.000000,0.000000,0.288462,6.057692,1.403846,1.557692,4.769231,2.961538,0.903846,0.480769,0.038462,1.519231,0.634615,1.019231,6.826923,0.403846,0.211538,1.192308,2.288462,0.884615,0.384615,0.000000,0.134615,0.134615,1.711538,0.000000,0.000000,0.000000,0.000000,0.000000,0.000000,0.000000,0.000000,0.000000,0.000000,0.000000,0.000000,0.000000,0.000000,0.000000
FND.memoryless,1.791667,0.583333,0.000000,0.000000,0.000000,8.541667,0.000000,0.000000,0.000000,0.000000,0.000000,4.666667,0.500000,0.375000,2.958333,3.958333,0.375000,1.166667,0.000000,0.041667,0.708333,0.750000,6.375000,0.541667,5.250000,0.000000,0.458333,0.083333,0.083333,0.000000,0.125000,0.000000,2.666667,0.000000,0.000000,0.000000,0.000000,0.000000,0.000000,0.000000,0.000000,0.000000,0.000000,0.000000,0.000000,0.000000,0.000000,0.000000
FND.mind,0.720000,0.280000,0.000000,0.000000,0.000000,7.450000,0.000000,0.000000,0.000000,0.000000,0.100000,3.100000,1.040000,2.190000,5.860000,2.350000,1.750000,0.440000,0.000000,1.160000,0.090000,1.040000,6.360000,0.410000,0.200000,0.130000,3.250000,3.820000,0.030000,0.000000,1.330000,0.130000,1.110000,0.000000,0.000000,0.000000,0.000000,0.000000,0.000000,0.000000,0.000000,0.000000,0.000000,0.000000,0.000000,0.000000,0.000000,0.000000
FND.number,0.520548,0.904110,0.000000,0.000000,0.000000,3.349315,0.000000,0.000000,0.000000,0.000000,0.020548,6.089041,1.671233,2.794521,2.773973,1.952055,0.767123,1.191781,0.027397,0.328767,0.171233,1.794521,4.486301,0.041096,0.123288,0.143836,1.116438,1.917808,0.136986,0.000000,0.000000,1.609589,0.431507,0.000000,0.000000,0.000000,0.000000,0.000000,0.000000,0.000000,0.000000,0.000000,0.000000,0.000000,0.000000,0.000000,0.000000,0.000000
FND.numberless,0.043478,0.065217,0.000000,0.000000,0.000000,0.130435,0.000000,0.000000,0.000000,0.000000,0.478261,2.695652,0.152174,2.826087,5.108696,3.565217,0.239130,0.021739,0.000000,0.891304,0.000000,0.804348,7.326087,2.913043,0.217391,0.217391,1.260870,0.673913,0.000000,0.000000,0.347826,4.000000,0.065217,0.000000,0.000000,0.000000,0.000000,0.000000,0.000000,0.000000,0.000000,0.000000,0.000000,0.000000,0.000000,0.000000,0.000000,0.000000
FND.play,0.408451,0.000000,0.000000,0.000000,0.000000,5.436620,0.000000,0.000000,0.000000,0.000000,1.957746,0.112676,3.788732,0.507042,3.281690,1.394366,2.239437,0.126761,0.492958,1.845070,2.154930,0.323944,3.126761,0.000000,0.380282,1.549296,1.014085,2.859155,0.408451,0.000000,1.253521,0.000000,1.070423,0.000000,0.000000,0.000000,0.000000,0.000000,0.000000,0.000000,0.000000,0.000000,0.000000,0.000000,0.000000,0.000000,0.000000,0.000000
FND.spatiality,0.216981,0.198113,0.000000,0.000000,0.000000,3.179245,0.000000,0.000000,0.000000,0.000000,6.349057,1.028302,1.990566,4.660377,1.084906,1.905660,0.660377,0.349057,0.066038,0.764151,0.528302,3.188679,3.990566,0.094340,0.311321,0.339623,1.301887,1.443396,0.103774,0.000000,0.141509,0.518868,0.462264,0.000000,0.000000,0.000000,0.000000,0.000000,0.000000,0.000000,0.000000,0.000000,0.000000,0.000000,0.000000,0.000000,0.000000,0.000000
FND.temporality,0.888889,1.569444,0.000000,0.000000,0.000000,2.041667,0.000000,0.000000,0.000000,0.000000,0.875000,2.263889,1.069444,2.986111,2.930556,1.569444,1.083333,1.208333,0.458333,0.486111,0.333333,1.736111,3.958333,2.027778,0.416667,0.000000,1.125000,0.750000,2.027778,0.000000,0.013889,1.666667,0.638889,0.000000,0.000000,0.000000,0.000000,0.000000,0.000000,0.000000,0.000000,0.000000,0.000000,0.000000,0.000000,0.000000,0.000000,0.000000
FND.time,0.544304,0.936709,0.000000,0.000000,0.000000,2.000000,0.000000,0.000000,0.000000,0.000000,0.848101,1.518987,1.050633,4.101266,4.012658,1.151899,0.835443,2.050633,0.316456,0.506329,0.392405,2.215190,4.417722,3.088608,0.493671,0.075949,1.215190,0.607595,2.012658,0.000000,0.000000,2.316456,0.670886,0.000000,0.000000,0.000000,0.000000,0.000000,0.000000,0.000000,0.000000,0.000000,0.000000,0.000000,0.000000,0.000000,0.000000,0.000000
FND.timeless,0.000000,0.000000,0.000000,0.000000,0.000000,0.344828,0.000000,0.000000,0.000000,0.000000,0.000000,0.137931,0.000000,1.034483,6.862069,6.827586,0.000000,0.000000,0.000000,0.344828,0.000000,0.310345,7.379310,7.586207,0.000000,0.000000,0.068966,0.000000,0.000000,0.000000,0.000000,5.448276,0.000000,0.000000,0.000000,0.000000,0.000000,0.000000,0.000000,0.000000,0.000000,0.000000,0.000000,0.000000,0.000000,0.000000,0.000000,0.000000
FND.transformation,0.529580,0.264313,0.000000,0.000000,0.000000,4.165076,0.000000,0.000000,0.000000,0.000000,5.319656,0.480916,0.973282,4.170802,1.350191,1.346374,3.244275,1.644084,0.102099,0.364504,0.342557,1.877863,6.080153,0.442748,0.933206,0.065840,8.805344,1.619275,0.173664,0.000000,0.727099,0.361641,2.105916,0.000000,0.000000,0.000000,0.000000,0.000000,0.000000,0.000000,0.000000,0.000000,0.000000,0.000000,0.000000,0.000000,0.000000,0.000000
FND.unchanging,0.000000,1.020833,0.000000,0.000000,0.000000,1.020833,0.000000,0.000000,0.000000,0.000000,0.833333,3.791667,0.312500,4.708333,2.354167,6.625000,0.062500,0.062500,0.000000,0.187500,0.041667,1.416667,7.875000,1.500000,0.020833,0.041667,0.333333,0.000000,0.250000,0.000000,0.062500,4.937500,0.000000,0.000000,0.000000,0.000000,0.000000,0.000000,0.000000,0.000000,0.000000,0.000000,0.000000,0.000000,0.000000,0.000000,0.000000,0.000000
FND.unconscious,0.421053,0.394737,0.000000,0.000000,0.000000,7.894737,0.000000,0.000000,0.000000,0.000000,3.447368,0.815789,0.578947,1.105263,2.315789,3.763158,1.315789,0.947368,0.000000,0.210526,0.500000,0.710526,5.973684,1.052632,2.552632,0.052632,1.052632,0.236842,0.157895,0.000000,0.263158,0.236842,1.631579,0.000000,0.000000,0.000000,0.000000,0.000000,0.000000,0.000000,0.000000,0.000000,0.000000,0.000000,0.000000,0.000000,0.000000,0.000000
FND.uninformed,0.266667,0.000000,0.000000,0.000000,0.000000,7.700000,0.000000,0.000000,0.000000,0.000000,0.000000,9.300000,0.466667,0.066667,1.366667,3.433333,0.866667,0.833333,0.000000,0.066667,1.500000,0.600000,4.566667,0.000000,2.966667,0.000000,0.700000,0.000000,0.000000,0.000000,0.100000,0.000000,2.900000,0.000000,0.000000,0.000000,0.000000,0.000000,0.000000,0.000000,0.000000,0.000000,0.000000,0.000000,0.000000,0.000000,0.000000,0.000000
LOG.cause,0.733333,0.245161,0.000000,0.000000,0.000000,5.167742,0.000000,0.000000,0.000000,0.000000,3.034409,0.864516,3.135484,1.303226,2.174194,0.438710,5.554839,2.311828,0.012903,0.393548,0.494624,1.111828,4.696774,0.372043,1.886022,0.281720,3.204301,1.922581,0.113978,0.000000,0.283871,0.313978,1.980645,0.000000,0.000000,0.000000,0.000000,0.000000,0.000000,0.000000,0.000000,0.000000,0.000000,0.000000,0.000000,0.000000,0.000000,0.000000
LOG.effect,2.021277,0.510638,0.000000,0.000000,0.000000,3.234043,0.000000,0.000000,0.000000,0.000000,3.393617,0.542553,2.968085,2.553191,2.468085,0.074468,2.755319,5.574468,0.127660,0.414894,0.425532,1.936170,4.297872,0.234043,1.478723,0.202128,3.595745,2.446809,0.127660,0.000000,0.308511,1.117021,2.021277,0.000000,0.000000,0.000000,0.000000,0.000000,0.000000,0.000000,0.000000,0.000000,0.000000,0.000000,0.000000,0.000000,0.000000,0.000000
LOG.reason,1.052632,1.421053,0.000000,0.000000,0.000000,4.473684,0.000000,0.000000,0.000000,0.000000,0.000000,1.842105,2.052632,1.631579,4.684211,0.789474,3.052632,2.210526,0.000000,0.315789,0.263158,0.421053,5.157895,0.157895,0.315789,0.157895,1.578947,1.842105,0.052632,0.000000,0.000000,0.421053,1.421053,0.000000,0.000000,0.000000,0.000000,0.000000,0.000000,0.000000,0.000000,0.000000,0.000000,0.000000,0.000000,0.000000,0.000000,0.000000
LOG.unreason,0.720000,0.000000,0.000000,0.000000,0.000000,5.280000,0.000000,0.000000,0.000000,0.000000,0.000000,0.320000,1.280000,0.520000,5.000000,1.040000,1.640000,0.800000,0.080000,0.680000,0.680000,0.880000,4.840000,0.720000,6.000000,0.000000,0.600000,0.000000,0.080000,0.000000,2.120000,0.200000,1.480000,0.000000,0.000000,0.000000,0.000000,0.000000,0.000000,0.000000,0.000000,0.000000,0.000000,0.000000,0.000000,0.000000,0.000000,0.000000
MAT.bare_hand,0.375000,0.000000,0.000000,0.000000,0.000000,6.437500,0.000000,0.000000,0.000000,0.000000,8.125000,0.000000,1.000000,0.187500,3.062500,3.375000,2.062500,0.125000,0.187500,0.000000,0.812500,0.312500,5.250000,1.062500,1.062500,0.000000,3.125000,0.875000,0.000000,0.000000,0.000000,0.000000,1.500000,0.000000,0.000000,0.000000,0.000000,0.000000,0.000000,0.000000,0.000000,0.000000,0.000000,0.000000,0.000000,0.000000,0.000000,0.000000
MAT.clothing,0.612000,0.764000,0.000000,0.000000,0.000000,7.984000,0.000000,0.000000,0.000000,0.000000,9.496000,0.096000,1.560000,1.432000,3.820000,2.960000,1.072000,0.272000,0.136000,0.936000,2.172000,1.312000,4.160000,0.020000,0.532000,0.556000,1.936000,0.972000,0.716000,0.000000,0.032000,0.148000,0.940000,0.000000,0.000000,0.000000,0.000000,0.000000,0.000000,0.000000,0.000000,0.000000,0.000000,0.000000,0.000000,0.000000,0.000000,0.000000
MAT.drink,0.714286,0.635714,0.000000,0.000000,0.000000,4.442857,0.000000,0.000000,0.000000,0.000000,8.342857,0.264286,1.042857,0.500000,2.507143,2.200000,1.471429,0.542857,0.171429,0.535714,1.485714,0.535714,3.371429,0.014286,1.257143,1.078571,1.392857,0.871429,0.450000,0.000000,0.000000,0.157143,0.728571,0.000000,0.000000,0.000000,0.000000,0.000000,0.000000,0.000000,0.000000,0.000000,0.000000,0.000000,0.000000,0.000000,0.000000,0.000000
MAT.food,0.466135,0.478088,0.000000,0.000000,0.000000,5.438247,0.000000,0.000000,0.000000,0.000000,8.258964,0.382470,0.948207,0.585657,2.075697,2.167331,1.143426,0.697211,0.163347,0.541833,1.398406,0.605578,3.693227,0.231076,1.250996,1.565737,1.047809,1.171315,0.617530,0.000000,0.067729,0.605578,0.820717,0.000000,0.000000,0.000000,0.000000,0.000000,0.000000,0.000000,0.000000,0.000000,0.000000,0.000000,0.000000,0.000000,0.000000,0.000000
MAT.naked,0.125000,0.000000,0.000000,0.000000,0.000000,7.500000,0.000000,0.000000,0.000000,0.000000,8.937500,0.000000,0.125000,0.000000,2.375000,3.375000,1.875000,0.250000,0.000000,0.125000,0.625000,0.500000,6.312500,0.687500,2.000000,0.000000,1.125000,0.000000,0.000000,0.000000,0.000000,0.000000,1.687500,0.000000,0.000000,0.000000,0.000000,0.000000,0.000000,0.000000,0.000000,0.000000,0.000000,0.000000,0.000000,0.000000,0.000000,0.000000
MAT.tool,0.719212,0.596059,0.000000,0.000000,0.000000,7.024631,0.000000,0.000000,0.000000,0.000000,9.527094,0.162562,1.128079,1.315271,1.753695,3.812808,2.157635,0.724138,0.000000,0.266010,1.532020,1.334975,3.793103,0.000000,0.758621,0.039409,1.955665,2.881773,0.270936,0.000000,0.098522,0.019704,0.635468,0.000000,0.000000,0.000000,0.000000,0.000000,0.000000,0.000000,0.000000,0.000000,0.000000,0.000000,0.000000,0.000000,0.000000,0.000000
NAT.flower,2.434944,0.334572,0.000000,0.000000,0.000000,5.003717,0.000000,0.000000,0.000000,0.000000,8.241636,0.286245,0.728625,2.907063,1.408922,1.892193,1.501859,0.167286,0.263941,0.245353,1.304833,0.907063,3.174721,0.000000,0.070632,0.092937,0.594796,2.884758,2.159851,0.000000,0.000000,0.159851,0.721190,0.000000,0.000000,0.000000,0.000000,0.000000,0.000000,0.000000,0.000000,0.000000,0.000000,0.000000,0.000000,0.000000,0.000000,0.000000
NAT.river,0.909091,0.136364,0.000000,0.000000,0.000000,1.931818,0.000000,0.000000,0.000000,0.000000,8.159091,0.318182,2.045455,2.363636,0.954545,0.045455,2.772727,0.500000,0.000000,1.522727,0.454545,1.545455,4.409091,0.000000,1.204545,0.113636,1.000000,0.750000,2.454545,0.000000,0.000000,0.113636,1.113636,0.000000,0.000000,0.000000,0.000000,0.000000,0.000000,0.000000,0.000000,0.000000,0.000000,0.000000,0.000000,0.000000,0.000000,0.000000
NAT.sea,0.000000,0.000000,0.000000,0.000000,0.000000,1.300000,0.000000,0.000000,0.000000,0.000000,8.700000,0.200000,0.500000,1.600000,1.000000,2.000000,1.600000,1.000000,0.000000,0.900000,0.200000,2.000000,5.400000,0.500000,1.500000,0.000000,1.400000,1.200000,1.200000,0.000000,0.300000,0.000000,0.500000,0.000000,0.000000,0.000000,0.000000,0.000000,0.000000,0.000000,0.000000,0.000000,0.000000,0.000000,0.000000,0.000000,0.000000,0.000000
NAT.tree,0.565502,0.576419,0.000000,0.000000,0.000000,6.159389,0.000000,0.000000,0.000000,0.000000,8.899563,0.281659,0.901747,3.192140,1.740175,3.058952,0.556769,0.039301,0.181223,0.301310,0.340611,0.986900,3.585153,0.017467,0.185590,0.091703,0.436681,1.995633,1.519651,0.000000,0.004367,0.026201,0.746725,0.000000,0.000000,0.000000,0.000000,0.000000,0.000000,0.000000,0.000000,0.000000,0.000000,0.000000,0.000000,0.000000,0.000000,0.000000
PER.bitter,1.062500,0.625000,0.000000,0.000000,0.000000,7.375000,0.000000,0.000000,0.000000,0.000000,9.312500,0.000000,0.000000,0.125000,5.562500,4.187500,1.625000,0.437500,0.000000,0.437500,1.125000,0.687500,7.375000,0.125000,7.875000,0.000000,0.687500,0.000000,0.000000,0.000000,0.000000,0.000000,2.375000,0.000000,0.000000,0.000000,0.000000,0.000000,0.000000,0.000000,0.000000,0.000000,0.000000,0.000000,0.000000,0.000000,0.000000,0.000000
PER.blind,0.571429,0.380952,0.000000,0.000000,0.000000,9.309524,0.000000,0.000000,0.000000,0.000000,7.833333,0.119048,0.571429,0.380952,3.500000,4.738095,0.809524,0.500000,0.000000,0.380952,0.666667,0.476190,7.976190,0.690476,6.476190,0.000000,0.642857,0.166667,0.000000,0.000000,0.047619,0.238095,1.666667,0.000000,0.000000,0.000000,0.000000,0.000000,0.000000,0.000000,0.000000,0.000000,0.000000,0.000000,0.000000,0.000000,0.000000,0.000000
PER.deaf,0.388889,0.333333,0.000000,0.000000,0.000000,9.555556,0.000000,0.000000,0.000000,0.000000,5.888889,0.000000,1.666667,0.166667,3.333333,6.055556,0.444444,0.111111,0.000000,0.111111,0.277778,0.166667,8.888889,1.055556,4.666667,0.277778,0.388889,0.111111,0.000000,0.000000,0.000000,0.222222,1.000000,0.000000,0.000000,0.000000,0.000000,0.000000,0.000000,0.000000,0.000000,0.000000,0.000000,0.000000,0.000000,0.000000,0.000000,0.000000
PER.delicious,0.225806,0.258065,0.000000,0.000000,0.000000,6.548387,0.000000,0.000000,0.000000,0.000000,9.016129,0.258065,0.209677,0.096774,4.951613,3.129032,1.016129,0.032258,0.032258,0.919355,1.580645,0.241935,6.032258,0.000000,0.225806,1.806452,0.661290,0.661290,0.000000,0.000000,0.016129,0.000000,1.403226,0.000000,0.000000,0.000000,0.000000,0.000000,0.000000,0.000000,0.000000,0.000000,0.000000,0.000000,0.000000,0.000000,0.000000,0.000000
PER.feel,0.529412,0.285714,0.000000,0.000000,0.000000,7.966387,0.000000,0.000000,0.000000,0.000000,4.420168,0.697479,0.949580,0.134454,4.201681,2.731092,1.739496,0.176471,0.000000,1.411765,0.848739,0.184874,5.941176,0.445378,1.361345,0.991597,2.277311,0.621849,0.100840,0.000000,0.722689,0.042017,1.806723,0.000000,0.000000,0.000000,0.000000,0.000000,0.000000,0.000000,0.000000,0.000000,0.000000,0.000000,0.000000,0.000000,0.000000,0.000000
PER.fragrance,0.807692,0.576923,0.000000,0.000000,0.000000,5.153846,0.000000,0.000000,0.000000,0.000000,8.615385,0.192308,0.326923,0.000000,4.538462,3.096154,2.038462,0.115385,0.019231,0.538462,2.442308,0.173077,4.519231,0.000000,1.807692,2.076923,1.269231,0.769231,0.134615,0.000000,0.192308,0.000000,1.250000,0.000000,0.000000,0.000000,0.000000,0.000000,0.000000,0.000000,0.000000,0.000000,0.000000,0.000000,0.000000,0.000000,0.000000,0.000000
PER.hear,0.294118,0.039216,0.000000,0.000000,0.000000,8.313725,0.000000,0.000000,0.000000,0.000000,5.156863,2.823529,1.058824,0.098039,2.450980,3.215686,1.078431,0.078431,0.000000,0.921569,0.862745,0.274510,5.372549,0.117647,0.607843,1.470588,0.980392,0.490196,0.078431,0.000000,0.450980,0.215686,1.666667,0.000000,0.000000,0.000000,0.000000,0.000000,0.000000,0.000000,0.000000,0.000000,0.000000,0.000000,0.000000,0.000000,0.000000,0.000000
PER.numb,0.566667,0.733333,0.000000,0.000000,0.000000,9.033333,0.000000,0.000000,0.000000,0.000000,4.066667,0.133333,0.833333,0.300000,3.400000,3.800000,0.433333,0.466667,0.000000,0.300000,0.566667,0.300000,6.800000,1.900000,5.733333,0.000000,0.900000,0.000000,0.000000,0.000000,0.166667,0.000000,1.766667,0.000000,0.000000,0.000000,0.000000,0.000000,0.000000,0.000000,0.000000,0.000000,0.000000,0.000000,0.000000,0.000000,0.000000,0.000000
PER.odorless,0.142857,0.000000,0.000000,0.000000,0.000000,7.142857,0.000000,0.000000,0.000000,0.000000,9.571429,0.714286,0.000000,0.000000,4.428571,5.857143,0.285714,0.000000,0.000000,0.000000,1.428571,0.000000,6.428571,0.000000,0.285714,0.000000,0.000000,0.714286,0.000000,0.000000,0.000000,0.000000,0.714286,0.000000,0.000000,0.000000,0.000000,0.000000,0.000000,0.000000,0.000000,0.000000,0.000000,0.000000,0.000000,0.000000,0.000000,0.000000
PER.salty,0.333333,0.111111,0.000000,0.000000,0.000000,4.277778,0.000000,0.000000,0.000000,0.000000,8.888889,0.000000,0.166667,0.000000,3.000000,2.611111,1.888889,0.333333,0.000000,0.388889,2.166667,0.500000,6.111111,0.000000,1.388889,0.000000,1.388889,0.666667,0.000000,0.000000,0.000000,0.000000,0.777778,0.000000,0.000000,0.000000,0.000000,0.000000,0.000000,0.000000,0.000000,0.000000,0.000000,0.000000,0.000000,0.000000,0.000000,0.000000
PER.see,0.352941,0.094118,0.000000,0.000000,0.000000,8.658824,0.000000,0.000000,0.000000,0.000000,6.729412,0.964706,1.388235,0.223529,1.682353,4.870588,1.717647,0.188235,0.023529,0.305882,2.494118,0.364706,4.188235,0.129412,1.235294,0.082353,1.082353,1.105882,0.047059,0.000000,0.176471,0.047059,1.164706,0.000000,0.000000,0.000000,0.000000,0.000000,0.000000,0.000000,0.000000,0.000000,0.000000,0.000000,0.000000,0.000000,0.000000,0.000000
PER.smell,0.633333,0.166667,0.000000,0.000000,0.000000,8.333333,0.000000,0.000000,0.000000,0.000000,9.166667,0.233333,0.433333,0.233333,2.033333,4.066667,1.666667,0.166667,0.000000,0.600000,2.066667,0.000000,5.100000,0.166667,0.833333,0.766667,1.333333,0.566667,0.100000,0.000000,0.000000,0.000000,2.900000,0.000000,0.000000,0.000000,0.000000,0.000000,0.000000,0.000000,0.000000,0.000000,0.000000,0.000000,0.000000,0.000000,0.000000,0.000000
PER.sound,0.526316,0.236842,0.000000,0.000000,0.000000,3.710526,0.000000,0.000000,0.000000,0.000000,7.210526,1.131579,1.131579,2.052632,2.447368,1.263158,1.684211,0.236842,0.657895,3.000000,1.605263,1.263158,4.421053,0.131579,2.289474,0.263158,0.684211,0.736842,1.000000,0.000000,1.026316,0.078947,0.868421,0.000000,0.000000,0.000000,0.000000,0.000000,0.000000,0.000000,0.000000,0.000000,0.000000,0.000000,0.000000,0.000000,0.000000,0.000000
PER.soundless,0.157895,0.315789,0.000000,0.000000,0.000000,7.421053,0.000000,0.000000,0.000000,0.000000,6.421053,0.000000,1.736842,0.368421,4.368421,4.105263,0.894737,0.000000,0.000000,1.000000,0.368421,0.421053,6.368421,0.052632,0.684211,0.263158,1.210526,0.210526,0.157895,0.000000,0.157895,0.000000,1.368421,0.000000,0.000000,0.000000,0.000000,0.000000,0.000000,0.000000,0.000000,0.000000,0.000000,0.000000,0.000000,0.000000,0.000000,0.000000
PER.stench,0.807692,0.461538,0.000000,0.000000,0.000000,4.865385,0.000000,0.000000,0.000000,0.000000,8.788462,0.326923,0.423077,0.057692,3.192308,2.923077,2.807692,0.596154,0.000000,0.192308,3.500000,0.288462,3.596154,0.000000,7.192308,0.076923,0.788462,0.153846,0.038462,0.000000,0.076923,0.000000,1.865385,0.000000,0.000000,0.000000,0.000000,0.000000,0.000000,0.000000,0.000000,0.000000,0.000000,0.000000,0.000000,0.000000,0.000000,0.000000
PER.sweet,0.257143,0.285714,0.000000,0.000000,0.000000,5.771429,0.000000,0.000000,0.000000,0.000000,7.400000,0.085714,0.371429,0.114286,4.685714,1.600000,1.800000,0.142857,0.000000,1.000000,2.400000,0.371429,5.828571,0.000000,0.971429,1.771429,1.000000,0.485714,0.028571,0.000000,0.000000,0.000000,1.000000,0.000000,0.000000,0.000000,0.000000,0.000000,0.000000,0.000000,0.000000,0.000000,0.000000,0.000000,0.000000,0.000000,0.000000,0.000000
PER.taste,0.642857,0.471429,0.000000,0.000000,0.000000,8.042857,0.000000,0.000000,0.000000,0.000000,8.614286,0.400000,0.100000,0.128571,3.142857,3.671429,1.300000,0.171429,0.000000,0.585714,0.814286,0.157143,7.428571,0.000000,0.785714,0.685714,0.900000,0.814286,0.000000,0.000000,0.285714,0.000000,2.114286,0.000000,0.000000,0.000000,0.000000,0.000000,0.000000,0.000000,0.000000,0.000000,0.000000,0.000000,0.000000,0.000000,0.000000,0.000000
PER.tasteless,0.122449,0.428571,0.000000,0.000000,0.000000,7.265306,0.000000,0.000000,0.000000,0.000000,5.795918,0.061224,0.816327,0.102041,4.877551,3.142857,0.469388,0.102041,0.000000,0.428571,2.224490,0.244898,5.081633,0.000000,5.081633,0.000000,0.306122,0.000000,0.061224,0.000000,0.000000,0.000000,0.775510,0.000000,0.000000,0.000000,0.000000,0.000000,0.000000,0.000000,0.000000,0.000000,0.000000,0.000000,0.000000,0.000000,0.000000,0.000000
PER.touch,0.427861,0.059701,0.000000,0.000000,0.000000,7.572139,0.000000,0.000000,0.000000,0.000000,9.671642,0.119403,1.800995,0.477612,0.850746,2.019900,2.432836,0.542289,0.079602,0.716418,1.830846,0.348259,5.557214,0.049751,1.189055,0.636816,1.776119,1.228856,0.184080,0.000000,0.109453,0.074627,1.452736,0.000000,0.000000,0.000000,0.000000,0.000000,0.000000,0.000000,0.000000,0.000000,0.000000,0.000000,0.000000,0.000000,0.000000,0.000000
PER.untouched,0.000000,0.000000,0.000000,0.000000,0.000000,7.312500,0.000000,0.000000,0.000000,0.000000,6.562500,0.000000,0.375000,1.125000,3.375000,6.375000,0.000000,0.000000,0.000000,0.000000,0.000000,0.500000,7.312500,1.000000,0.000000,0.375000,0.000000,0.000000,0.000000,0.000000,0.000000,0.375000,1.062500,0.000000,0.000000,0.000000,0.000000,0.000000,0.000000,0.000000,0.000000,0.000000,0.000000,0.000000,0.000000,0.000000,0.000000,0.000000
PRP.aged,0.171429,0.457143,0.000000,0.000000,0.000000,6.485714,0.000000,0.000000,0.000000,0.000000,5.571429,0.400000,0.785714,0.885714,3.828571,2.885714,0.271429,0.285714,0.028571,0.614286,0.742857,0.771429,6.328571,1.271429,1.300000,0.071429,1.900000,0.171429,1.014286,0.000000,0.000000,1.842857,0.671429,0.000000,0.000000,0.000000,0.000000,0.000000,0.000000,0.000000,0.000000,0.000000,0.000000,0.000000,0.000000,0.000000,0.000000,0.000000
PRP.blunt,0.083333,0.000000,0.000000,0.000000,0.000000,6.500000,0.000000,0.000000,0.000000,0.000000,9.333333,0.250000,0.333333,1.666667,4.000000,5.500000,0.333333,0.416667,0.000000,0.000000,4.333333,1.583333,3.666667,0.000000,2.750000,0.000000,0.416667,0.000000,0.000000,0.000000,0.000000,0.000000,0.666667,0.000000,0.000000,0.000000,0.000000,0.000000,0.000000,0.000000,0.000000,0.000000,0.000000,0.000000,0.000000,0.000000,0.000000,0.000000
PRP.bright,0.324675,0.051948,0.000000,0.000000,0.000000,3.389610,0.000000,0.000000,0.000000,0.000000,7.883117,0.116883,0.064935,0.844156,2.220779,2.636364,1.051948,0.064935,0.064935,0.701299,2.311688,0.779221,3.870130,0.116883,0.467532,0.116883,0.961039,0.844156,0.129870,0.000000,0.000000,0.000000,1.441558,0.000000,0.000000,0.000000,0.000000,0.000000,0.000000,0.000000,0.000000,0.000000,0.000000,0.000000,0.000000,0.000000,0.000000,0.000000
PRP.clean,0.320000,0.240000,0.000000,0.000000,0.000000,5.220000,0.000000,0.000000,0.000000,0.000000,7.920000,0.120000,0.060000,0.260000,4.200000,3.240000,0.320000,0.080000,0.000000,0.140000,1.860000,0.380000,5.920000,0.120000,0.360000,0.180000,1.480000,0.220000,0.100000,0.000000,0.000000,0.000000,0.820000,0.000000,0.000000,0.000000,0.000000,0.000000,0.000000,0.000000,0.000000,0.000000,0.000000,0.000000,0.000000,0.000000,0.000000,0.000000
PRP.clear,0.068182,0.340909,0.000000,0.000000,0.000000,2.772727,0.000000,0.000000,0.000000,0.000000,3.704545,4.863636,0.363636,1.181818,5.454545,1.318182,1.022727,0.000000,0.000000,0.977273,0.704545,1.363636,5.590909,0.250000,0.136364,0.136364,1.681818,0.522727,0.000000,0.000000,0.068182,0.522727,0.545455,0.000000,0.000000,0.000000,0.000000,0.000000,0.000000,0.000000,0.000000,0.000000,0.000000,0.000000,0.000000,0.000000,0.000000,0.000000
PRP.cold,0.263158,0.350877,0.000000,0.000000,0.000000,3.403509,0.000000,0.000000,0.000000,0.000000,7.929825,0.035088,0.192982,0.807018,1.368421,1.701754,1.491228,1.017544,0.000000,0.719298,1.157895,0.578947,4.105263,0.035088,1.122807,0.035088,1.631579,0.561404,0.614035,0.000000,0.000000,0.000000,1.263158,0.000000,0.000000,0.000000,0.000000,0.000000,0.000000,0.000000,0.000000,0.000000,0.000000,0.000000,0.000000,0.000000,0.000000,0.000000
PRP.dark,0.297297,0.324324,0.000000,0.000000,0.000000,3.527027,0.000000,0.000000,0.000000,0.000000,6.378378,0.054054,0.689189,0.729730,3.878378,2.351351,1.445946,0.540541,0.135135,0.783784,0.878378,0.662162,5.148649,1.040541,5.891892,0.040541,0.459459,0.054054,1.364865,0.000000,0.027027,0.243243,1.351351,0.000000,0.000000,0.000000,0.000000,0.000000,0.000000,0.000000,0.000000,0.000000,0.000000,0.000000,0.000000,0.000000,0.000000,0.000000
PRP.deep,0.000000,0.140000,0.000000,0.000000,0.000000,3.040000,0.000000,0.000000,0.000000,0.000000,2.860000,0.220000,0.480000,1.020000,3.700000,0.920000,1.020000,0.540000,0.040000,2.240000,0.000000,0.280000,5.560000,1.160000,1.820000,0.060000,1.580000,0.300000,0.040000,0.000000,0.220000,0.000000,1.060000,0.000000,0.000000,0.000000,0.000000,0.000000,0.000000,0.000000,0.000000,0.000000,0.000000,0.000000,0.000000,0.000000,0.000000,0.000000
PRP.difficult,0.228070,0.078947,0.000000,0.000000,0.000000,5.157895,0.000000,0.000000,0.000000,0.000000,0.991228,0.482456,1.964912,1.298246,2.385965,1.105263,2.236842,0.842105,0.043860,0.447368,0.289474,0.736842,4.368421,0.175439,2.552632,0.000000,1.956140,0.280702,0.070175,0.000000,0.149123,0.000000,2.956140,0.000000,0.000000,0.000000,0.000000,0.000000,0.000000,0.000000,0.000000,0.000000,0.000000,0.000000,0.000000,0.000000,0.000000,0.000000
PRP.dirty,0.349206,0.396825,0.000000,0.000000,0.000000,5.825397,0.000000,0.000000,0.000000,0.000000,8.825397,0.000000,0.238095,0.031746,3.396825,2.507937,1.888889,0.888889,0.047619,0.269841,4.730159,0.079365,3.238095,0.000000,6.809524,0.000000,0.380952,0.000000,0.063492,0.000000,0.000000,0.000000,1.619048,0.000000,0.000000,0.000000,0.000000,0.000000,0.000000,0.000000,0.000000,0.000000,0.000000,0.000000,0.000000,0.000000,0.000000,0.000000
PRP.dry,0.307692,0.480769,0.000000,0.000000,0.000000,4.596154,0.000000,0.000000,0.000000,0.000000,8.596154,0.076923,0.250000,0.519231,1.192308,2.500000,1.519231,1.000000,0.038462,0.173077,1.442308,0.615385,5.346154,0.000000,1.865385,0.000000,2.153846,0.673077,0.153846,0.000000,0.000000,0.019231,1.711538,0.000000,0.000000,0.000000,0.000000,0.000000,0.000000,0.000000,0.000000,0.000000,0.000000,0.000000,0.000000,0.000000,0.000000,0.000000
PRP.easy,0.034483,0.068966,0.000000,0.000000,0.000000,4.827586,0.000000,0.000000,0.000000,0.000000,0.724138,0.241379,0.448276,1.275862,3.896552,3.482759,0.000000,0.000000,0.000000,0.241379,2.413793,0.344828,2.827586,0.172414,0.206897,0.482759,0.103448,0.655172,0.000000,0.000000,0.000000,0.000000,0.482759,0.000000,0.000000,0.000000,0.000000,0.000000,0.000000,0.000000,0.000000,0.000000,0.000000,0.000000,0.000000,0.000000,0.000000,0.000000
PRP.far,0.060606,0.181818,0.000000,0.000000,0.000000,1.333333,0.000000,0.000000,0.000000,0.000000,6.181818,0.000000,4.060606,0.939394,3.666667,4.090909,0.454545,0.272727,0.000000,0.181818,0.818182,1.606061,5.272727,0.090909,0.545455,0.060606,0.575758,0.000000,0.121212,0.000000,0.090909,0.242424,0.666667,0.000000,0.000000,0.000000,0.000000,0.000000,0.000000,0.000000,0.000000,0.000000,0.000000,0.000000,0.000000,0.000000,0.000000,0.000000
PRP.fast,0.526316,0.070175,0.000000,0.000000,0.000000,5.140351,0.000000,0.000000,0.000000,0.000000,6.543860,0.947368,0.526316,0.403509,2.157895,1.842105,2.280702,1.105263,0.175439,0.175439,2.052632,0.982456,3.473684,0.000000,1.298246,0.000000,2.280702,0.807018,0.228070,0.000000,0.017544,0.000000,1.298246,0.000000,0.000000,0.000000,0.000000,0.000000,0.000000,0.000000,0.000000,0.000000,0.000000,0.000000,0.000000,0.000000,0.000000,0.000000
PRP.hard,0.457447,1.265957,0.000000,0.000000,0.000000,4.446809,0.000000,0.000000,0.000000,0.000000,7.542553,0.021277,0.212766,2.489362,2.255319,3.063830,1.063830,0.457447,0.000000,0.308511,0.287234,1.117021,5.882979,0.180851,1.468085,0.085106,1.425532,0.446809,0.053191,0.000000,0.042553,0.127660,1.042553,0.000000,0.000000,0.000000,0.000000,0.000000,0.000000,0.000000,0.000000,0.000000,0.000000,0.000000,0.000000,0.000000,0.000000,0.000000
PRP.heavy,0.030303,0.090909,0.000000,0.000000,0.000000,6.000000,0.000000,0.000000,0.000000,0.000000,7.515152,0.151515,0.636364,0.787879,2.727273,3.181818,1.303030,0.818182,0.000000,0.787879,0.424242,0.393939,6.939394,0.454545,2.969697,0.000000,0.363636,0.272727,0.000000,0.000000,0.090909,0.787879,1.636364,0.000000,0.000000,0.000000,0.000000,0.000000,0.000000,0.000000,0.000000,0.000000,0.000000,0.000000,0.000000,0.000000,0.000000,0.000000
PRP.high,0.172414,0.482759,0.000000,0.000000,0.000000,4.931034,0.000000,0.000000,0.000000,0.000000,8.275862,0.172414,0.517241,3.655172,1.827586,4.000000,0.482759,0.000000,0.000000,0.206897,1.310345,2.068966,4.758621,0.000000,0.689655,0.000000,0.586207,0.275862,0.000000,0.000000,0.000000,0.000000,0.586207,0.000000,0.000000,0.000000,0.000000,0.000000,0.000000,0.000000,0.000000,0.000000,0.000000,0.000000,0.000000,0.000000,0.000000,0.000000
PRP.hot,0.358491,0.094340,0.000000,0.000000,0.000000,4.320755,0.000000,0.000000,0.000000,0.000000,7.132075,0.226415,1.000000,0.207547,2.320755,1.245283,2.622642,1.245283,0.113208,0.509434,1.509434,0.320755,4.679245,0.169811,2.358491,0.528302,2.150943,0.830189,0.000000,0.000000,0.000000,0.132075,1.566038,0.000000,0.000000,0.000000,0.000000,0.000000,0.000000,0.000000,0.000000,0.000000,0.000000,0.000000,0.000000,0.000000,0.000000,0.000000
PRP.impossible,0.043478,0.130435,0.000000,0.000000,0.000000,3.434783,0.000000,0.000000,0.000000,0.000000,0.521739,0.739130,1.086957,1.260870,5.000000,1.739130,0.869565,0.652174,0.000000,0.260870,0.000000,0.434783,4.608696,2.652174,3.608696,0.000000,0.304348,0.000000,0.000000,0.000000,0.000000,4.782609,0.652174,0.000000,0.000000,0.000000,0.000000,0.000000,0.000000,0.000000,0.000000,0.000000,0.000000,0.000000,0.000000,0.000000,0.000000,0.000000
PRP.large,0.097087,0.116505,0.000000,0.000000,0.000000,4.990291,0.000000,0.000000,0.000000,0.000000,7.699029,0.194175,0.572816,1.922330,3.116505,3.106796,0.932039,0.048544,0.067961,0.524272,0.990291,1.223301,4.524272,0.359223,1.087379,0.252427,1.067961,0.524272,0.000000,0.000000,0.038835,0.058252,0.407767,0.000000,0.000000,0.000000,0.000000,0.000000,0.000000,0.000000,0.000000,0.000000,0.000000,0.000000,0.000000,0.000000,0.000000,0.000000
PRP.light,0.066667,0.066667,0.000000,0.000000,0.000000,6.200000,0.000000,0.000000,0.000000,0.000000,8.400000,0.000000,0.133333,0.400000,4.266667,3.866667,0.600000,0.133333,0.000000,0.533333,1.333333,0.333333,5.666667,0.000000,0.000000,0.000000,0.733333,0.600000,0.000000,0.000000,0.000000,0.000000,1.000000,0.000000,0.000000,0.000000,0.000000,0.000000,0.000000,0.000000,0.000000,0.000000,0.000000,0.000000,0.000000,0.000000,0.000000,0.000000
PRP.long,0.101266,0.126582,0.000000,0.000000,0.000000,2.240506,0.000000,0.000000,0.000000,0.000000,4.037975,0.734177,0.379747,2.265823,2.012658,2.481013,0.303797,0.468354,0.000000,0.215190,0.455696,1.746835,3.329114,0.164557,0.291139,0.075949,0.746835,0.962025,0.430380,0.000000,0.025316,0.392405,0.632911,0.000000,0.000000,0.000000,0.000000,0.000000,0.000000,0.000000,0.000000,0.000000,0.000000,0.000000,0.000000,0.000000,0.000000,0.000000
PRP.low,0.238095,0.333333,0.000000,0.000000,0.000000,4.500000,0.000000,0.000000,0.000000,0.000000,7.976190,0.238095,0.666667,2.190476,2.119048,3.595238,0.333333,0.166667,0.000000,0.333333,1.738095,1.547619,4.190476,0.000000,0.880952,0.000000,0.380952,0.023810,0.047619,0.000000,0.000000,0.142857,0.809524,0.000000,0.000000,0.000000,0.000000,0.000000,0.000000,0.000000,0.000000,0.000000,0.000000,0.000000,0.000000,0.000000,0.000000,0.000000
PRP.multiple,0.121622,0.337838,0.000000,0.000000,0.000000,3.189189,0.000000,0.000000,0.000000,0.000000,1.959459,0.594595,1.783784,3.527027,1.148649,0.986486,0.175676,0.283784,0.527027,0.851351,0.527027,2.554054,2.351351,0.013514,0.094595,0.459459,0.797297,2.459459,0.229730,0.000000,0.000000,0.040541,0.364865,0.000000,0.000000,0.000000,0.000000,0.000000,0.000000,0.000000,0.000000,0.000000,0.000000,0.000000,0.000000,0.000000,0.000000,0.000000
PRP.murky,0.127273,0.163636,0.000000,0.000000,0.000000,2.127273,0.000000,0.000000,0.000000,0.000000,6.854545,0.636364,0.436364,0.945455,2.836364,1.872727,0.781818,0.309091,0.018182,0.654545,1.636364,1.090909,4.000000,0.109091,5.272727,0.000000,0.290909,0.000000,0.218182,0.000000,0.163636,0.000000,2.127273,0.000000,0.000000,0.000000,0.000000,0.000000,0.000000,0.000000,0.000000,0.000000,0.000000,0.000000,0.000000,0.000000,0.000000,0.000000
PRP.narrow,0.111111,0.138889,0.000000,0.000000,0.000000,3.291667,0.000000,0.000000,0.000000,0.000000,7.041667,0.263889,0.611111,2.972222,2.166667,2.541667,0.722222,0.402778,0.027778,0.333333,1.625000,2.638889,3.708333,0.027778,1.055556,0.125000,1.166667,0.291667,0.000000,0.000000,0.000000,0.000000,1.083333,0.000000,0.000000,0.000000,0.000000,0.000000,0.000000,0.000000,0.000000,0.000000,0.000000,0.000000,0.000000,0.000000,0.000000,0.000000
PRP.near,0.183673,0.020408,0.000000,0.000000,0.000000,3.061224,0.000000,0.000000,0.000000,0.000000,6.122449,0.204082,4.163265,1.265306,1.775510,0.285714,0.428571,0.244898,0.142857,1.734694,2.102041,1.163265,2.632653,0.000000,0.000000,1.755102,0.510204,0.265306,0.163265,0.000000,0.000000,0.224490,0.795918,0.000000,0.000000,0.000000,0.000000,0.000000,0.000000,0.000000,0.000000,0.000000,0.000000,0.000000,0.000000,0.000000,0.000000,0.000000
PRP.new,7.224490,0.000000,0.000000,0.000000,0.000000,4.244898,0.000000,0.000000,0.000000,0.000000,3.897959,2.244898,0.408163,0.489796,3.387755,2.061224,2.408163,0.163265,0.000000,0.061224,2.693878,0.244898,3.000000,0.408163,0.142857,0.040816,2.530612,6.265306,0.000000,0.000000,2.612245,0.000000,0.918367,0.000000,0.000000,0.000000,0.000000,0.000000,0.000000,0.000000,0.000000,0.000000,0.000000,0.000000,0.000000,0.000000,0.000000,0.000000
PRP.old,0.366667,1.400000,0.000000,0.000000,0.000000,5.116667,0.000000,0.000000,0.000000,0.000000,5.650000,0.550000,0.883333,1.033333,4.300000,2.850000,0.316667,0.366667,0.000000,0.416667,0.700000,0.900000,5.700000,1.333333,1.416667,0.183333,0.883333,0.083333,0.433333,0.000000,0.016667,0.983333,0.616667,0.000000,0.000000,0.000000,0.000000,0.000000,0.000000,0.000000,0.000000,0.000000,0.000000,0.000000,0.000000,0.000000,0.000000,0.000000
PRP.part,0.763441,0.489247,0.000000,0.000000,0.000000,4.580645,0.000000,0.000000,0.000000,0.000000,6.075269,0.478495,2.575269,4.026882,1.580645,0.817204,0.940860,0.887097,0.274194,0.924731,0.650538,2.747312,3.064516,0.037634,0.510753,0.946237,1.322581,1.069892,0.215054,0.000000,0.010753,0.704301,0.510753,0.000000,0.000000,0.000000,0.000000,0.000000,0.000000,0.000000,0.000000,0.000000,0.000000,0.000000,0.000000,0.000000,0.000000,0.000000
PRP.possible,0.618182,0.545455,0.000000,0.000000,0.000000,3.636364,0.000000,0.000000,0.000000,0.000000,4.909091,0.672727,0.945455,1.181818,2.345455,1.600000,1.036364,0.745455,0.000000,0.018182,1.290909,0.963636,1.363636,0.163636,0.036364,0.345455,0.745455,1.727273,0.090909,0.000000,0.109091,0.163636,2.927273,0.000000,0.000000,0.000000,0.000000,0.000000,0.000000,0.000000,0.000000,0.000000,0.000000,0.000000,0.000000,0.000000,0.000000,0.000000
PRP.rough,0.207407,0.185185,0.000000,0.000000,0.000000,4.088889,0.000000,0.000000,0.000000,0.000000,9.237037,0.148148,0.444444,4.385185,2.585185,3.340741,0.762963,0.185185,0.125926,0.237037,4.222222,2.792593,2.600000,0.000000,1.874074,0.029630,0.370370,0.148148,0.155556,0.000000,0.029630,0.051852,1.111111,0.000000,0.000000,0.000000,0.000000,0.000000,0.000000,0.000000,0.000000,0.000000,0.000000,0.000000,0.000000,0.000000,0.000000,0.000000
PRP.shallow,0.312500,0.112500,0.000000,0.000000,0.000000,3.100000,0.000000,0.000000,0.000000,0.000000,5.100000,1.025000,0.787500,1.700000,2.250000,2.025000,0.587500,0.300000,0.025000,0.225000,6.362500,0.612500,0.675000,0.000000,1.137500,0.100000,0.375000,0.237500,0.125000,0.000000,0.000000,0.025000,0.787500,0.000000,0.000000,0.000000,0.000000,0.000000,0.000000,0.000000,0.000000,0.000000,0.000000,0.000000,0.000000,0.000000,0.000000,0.000000
PRP.sharp,0.256098,0.109756,0.000000,0.000000,0.000000,4.646341,0.000000,0.000000,0.000000,0.000000,6.036585,1.256098,0.329268,1.963415,3.060976,2.048780,3.390244,0.524390,0.024390,0.365854,0.804878,1.634146,4.926829,0.060976,1.292683,0.000000,2.060976,0.841463,0.036585,0.000000,0.329268,0.036585,0.853659,0.000000,0.000000,0.000000,0.000000,0.000000,0.000000,0.000000,0.000000,0.000000,0.000000,0.000000,0.000000,0.000000,0.000000,0.000000
PRP.short,0.222222,0.777778,0.000000,0.000000,0.000000,3.666667,0.000000,0.000000,0.000000,0.000000,4.666667,2.000000,0.666667,1.000000,3.333333,2.222222,0.777778,0.444444,0.000000,0.000000,0.444444,1.666667,3.111111,0.000000,0.555556,0.444444,0.000000,0.444444,0.000000,0.000000,0.000000,0.000000,0.444444,0.000000,0.000000,0.000000,0.000000,0.000000,0.000000,0.000000,0.000000,0.000000,0.000000,0.000000,0.000000,0.000000,0.000000,0.000000
PRP.single,0.241379,0.482759,0.000000,0.000000,0.000000,9.482759,0.000000,0.000000,0.000000,0.000000,0.965517,1.344828,2.862069,1.862069,5.379310,7.793103,0.068966,0.000000,0.000000,0.172414,0.172414,0.931034,7.655172,0.689655,0.931034,0.379310,0.896552,0.586207,0.068966,0.000000,0.137931,0.586207,1.068966,0.000000,0.000000,0.000000,0.000000,0.000000,0.000000,0.000000,0.000000,0.000000,0.000000,0.000000,0.000000,0.000000,0.000000,0.000000
PRP.slow,0.045455,0.068182,0.000000,0.000000,0.000000,5.340909,0.000000,0.000000,0.000000,0.000000,5.295455,0.227273,0.886364,0.818182,1.840909,1.954545,1.136364,2.431818,0.272727,0.250000,0.886364,1.500000,2.272727,0.000000,1.909091,0.000000,0.954545,0.090909,0.227273,0.000000,0.000000,0.000000,1.431818,0.000000,0.000000,0.000000,0.000000,0.000000,0.000000,0.000000,0.000000,0.000000,0.000000,0.000000,0.000000,0.000000,0.000000,0.000000
PRP.small,0.146341,0.073171,0.000000,0.000000,0.000000,7.182927,0.000000,0.000000,0.000000,0.000000,7.134146,0.195122,0.402439,0.792683,3.097561,4.512195,0.329268,0.036585,0.000000,0.085366,2.597561,0.353659,4.670732,0.024390,0.853659,0.036585,0.329268,0.195122,0.024390,0.000000,0.036585,0.048780,0.329268,0.000000,0.000000,0.000000,0.000000,0.000000,0.000000,0.000000,0.000000,0.000000,0.000000,0.000000,0.000000,0.000000,0.000000,0.000000
PRP.smooth,0.436364,0.363636,0.000000,0.000000,0.000000,5.000000,0.000000,0.000000,0.000000,0.000000,8.890909,0.145455,0.600000,2.818182,2.345455,2.981818,1.327273,0.436364,0.036364,0.981818,2.309091,1.800000,5.054545,0.000000,0.327273,0.254545,2.290909,0.872727,0.072727,0.000000,0.000000,0.000000,0.745455,0.000000,0.000000,0.000000,0.000000,0.000000,0.000000,0.000000,0.000000,0.000000,0.000000,0.000000,0.000000,0.000000,0.000000,0.000000
PRP.soft,0.186667,0.226667,0.000000,0.000000,0.000000,4.306667,0.000000,0.000000,0.000000,0.000000,6.560000,0.080000,1.106667,0.986667,1.826667,1.720000,1.600000,0.066667,0.000000,0.360000,1.640000,0.906667,4.240000,0.066667,0.120000,0.986667,2.800000,0.613333,0.000000,0.000000,0.000000,0.000000,1.080000,0.000000,0.000000,0.000000,0.000000,0.000000,0.000000,0.000000,0.000000,0.000000,0.000000,0.000000,0.000000,0.000000,0.000000,0.000000
PRP.strong,0.104167,0.541667,0.000000,0.000000,0.000000,8.312500,0.000000,0.000000,0.000000,0.000000,9.375000,0.041667,0.520833,0.791667,2.666667,4.208333,1.437500,0.291667,0.000000,0.333333,0.395833,0.937500,7.187500,0.208333,1.291667,0.000000,1.458333,0.479167,0.000000,0.000000,0.000000,0.000000,0.791667,0.000000,0.000000,0.000000,0.000000,0.000000,0.000000,0.000000,0.000000,0.000000,0.000000,0.000000,0.000000,0.000000,0.000000,0.000000
PRP.weak,0.205128,0.076923,0.000000,0.000000,0.000000,8.820513,0.000000,0.000000,0.000000,0.000000,8.948718,0.076923,0.051282,0.435897,2.820513,3.230769,0.820513,0.692308,0.000000,0.025641,2.051282,0.743590,5.641026,0.128205,5.820513,0.000000,0.333333,0.025641,0.051282,0.000000,0.000000,0.000000,1.435897,0.000000,0.000000,0.000000,0.000000,0.000000,0.000000,0.000000,0.000000,0.000000,0.000000,0.000000,0.000000,0.000000,0.000000,0.000000
PRP.wet,0.596491,0.140351,0.000000,0.000000,0.000000,4.228070,0.000000,0.000000,0.000000,0.000000,8.771930,0.017544,0.596491,0.473684,2.543860,1.368421,2.070175,0.842105,0.280702,0.280702,3.175439,0.315789,3.614035,0.000000,1.842105,0.280702,1.596491,0.596491,0.684211,0.000000,0.000000,0.175439,2.543860,0.000000,0.000000,0.000000,0.000000,0.000000,0.000000,0.000000,0.000000,0.000000,0.000000,0.000000,0.000000,0.000000,0.000000,0.000000
PRP.whole,0.393333,1.186667,0.000000,0.000000,0.000000,3.973333,0.000000,0.000000,0.000000,0.000000,3.586667,0.580000,1.153333,3.433333,2.273333,1.793333,0.833333,1.053333,0.080000,0.920000,0.293333,1.586667,5.346667,0.553333,0.313333,2.426667,1.800000,1.120000,0.120000,0.000000,0.126667,0.526667,0.593333,0.000000,0.000000,0.000000,0.000000,0.000000,0.000000,0.000000,0.000000,0.000000,0.000000,0.000000,0.000000,0.000000,0.000000,0.000000
PRP.wide,0.000000,0.000000,0.000000,0.000000,0.000000,3.416667,0.000000,0.000000,0.000000,0.000000,8.041667,0.166667,0.375000,2.333333,2.208333,3.125000,0.166667,0.166667,0.000000,0.333333,1.333333,2.166667,3.625000,0.083333,0.166667,0.625000,0.125000,0.583333,0.000000,0.000000,0.000000,0.000000,0.541667,0.000000,0.000000,0.000000,0.000000,0.000000,0.000000,0.000000,0.000000,0.000000,0.000000,0.000000,0.000000,0.000000,0.000000,0.000000
PRP.young,5.680556,0.305556,0.000000,0.000000,0.000000,8.902778,0.000000,0.000000,0.000000,0.000000,3.708333,1.097222,2.194444,0.763889,5.402778,2.458333,1.944444,0.250000,0.152778,1.027778,1.763889,0.513889,6.555556,0.347222,0.541667,0.250000,4.375000,2.069444,0.194444,0.000000,0.041667,1.375000,1.000000,0.000000,0.000000,0.000000,0.000000,0.000000,0.000000,0.000000,0.000000,0.000000,0.000000,0.000000,0.000000,0.000000,0.000000,0.000000
REL.alone,0.266667,0.566667,0.000000,0.000000,0.000000,9.600000,0.000000,0.000000,0.000000,0.000000,0.866667,0.066667,7.300000,0.333333,3.766667,9.200000,0.000000,0.000000,0.000000,0.000000,0.000000,0.166667,7.833333,1.100000,0.666667,0.000000,0.566667,0.000000,0.000000,0.000000,0.266667,0.400000,0.766667,0.000000,0.000000,0.000000,0.000000,0.000000,0.000000,0.000000,0.000000,0.000000,0.000000,0.000000,0.000000,0.000000,0.000000,0.000000
REL.different,0.032258,0.064516,0.000000,0.000000,0.000000,2.225806,0.000000,0.000000,0.000000,0.000000,1.096774,1.096774,6.741935,1.451613,2.354839,0.903226,0.870968,0.000000,0.129032,0.548387,1.483871,1.709677,4.193548,0.161290,0.516129,0.129032,1.967742,1.225806,0.000000,0.000000,0.483871,0.000000,0.354839,0.000000,0.000000,0.000000,0.000000,0.000000,0.000000,0.000000,0.000000,0.000000,0.000000,0.000000,0.000000,0.000000,0.000000,0.000000
REL.same,0.112903,0.467742,0.000000,0.000000,0.000000,2.451613,0.000000,0.000000,0.000000,0.000000,0.677419,0.709677,6.629032,1.403226,2.387097,0.677419,0.419355,0.451613,0.725806,2.403226,0.129032,1.451613,5.274194,0.725806,0.112903,2.629032,0.467742,0.403226,0.225806,0.000000,0.000000,0.338710,0.500000,0.000000,0.000000,0.000000,0.000000,0.000000,0.000000,0.000000,0.000000,0.000000,0.000000,0.000000,0.000000,0.000000,0.000000,0.000000
REL.together,1.117647,1.490196,0.000000,0.000000,0.000000,0.607843,0.000000,0.000000,0.000000,0.000000,0.705882,0.215686,8.823529,2.686275,1.921569,0.000000,1.019608,0.078431,4.137255,2.921569,0.137255,0.803922,5.470588,0.058824,0.098039,5.058824,1.509804,2.784314,0.000000,0.000000,0.000000,0.000000,0.960784,0.000000,0.000000,0.000000,0.000000,0.000000,0.000000,0.000000,0.000000,0.000000,0.000000,0.000000,0.000000,0.000000,0.000000,0.000000
SOC.attack,0.295455,0.022727,0.000000,0.000000,0.000000,5.431818,0.000000,0.000000,0.000000,0.000000,5.590909,1.136364,5.545455,0.977273,2.909091,0.136364,3.886364,1.113636,0.227273,0.681818,0.795455,1.204545,5.704545,0.295455,7.409091,0.068182,1.386364,0.272727,0.068182,0.000000,0.272727,0.000000,1.909091,0.000000,0.000000,0.000000,0.000000,0.000000,0.000000,0.000000,0.000000,0.000000,0.000000,0.000000,0.000000,0.000000,0.000000,0.000000
SOC.awake,1.509804,0.372549,0.000000,0.000000,0.000000,8.509804,0.000000,0.000000,0.000000,0.000000,3.294118,0.333333,0.647059,0.313725,3.647059,2.666667,1.941176,0.372549,0.039216,0.294118,0.627451,0.549020,5.941176,0.725490,0.568627,0.156863,3.411765,0.862745,1.862745,0.000000,0.000000,0.000000,1.392157,0.000000,0.000000,0.000000,0.000000,0.000000,0.000000,0.000000,0.000000,0.000000,0.000000,0.000000,0.000000,0.000000,0.000000,0.000000
SOC.citizen,0.854545,1.890909,0.000000,0.000000,0.000000,5.745455,0.000000,0.000000,0.000000,0.000000,0.309091,1.072727,5.872727,4.109091,3.636364,0.436364,0.727273,0.963636,0.181818,1.181818,0.363636,1.472727,4.600000,0.109091,0.581818,2.218182,1.109091,0.545455,0.163636,0.000000,0.109091,0.072727,1.345455,0.000000,0.000000,0.000000,0.000000,0.000000,0.000000,0.000000,0.000000,0.000000,0.000000,0.000000,0.000000,0.000000,0.000000,0.000000
SOC.city,0.611111,2.833333,0.000000,0.000000,0.000000,0.888889,0.000000,0.000000,0.000000,0.000000,6.222222,0.277778,0.333333,5.666667,1.611111,0.000000,2.722222,0.166667,0.000000,1.000000,0.166667,1.111111,4.944444,0.000000,0.611111,2.333333,4.222222,1.722222,0.000000,0.000000,0.000000,0.000000,0.888889,0.000000,0.000000,0.000000,0.000000,0.000000,0.000000,0.000000,0.000000,0.000000,0.000000,0.000000,0.000000,0.000000,0.000000,0.000000
SOC.criticize,0.181159,0.057971,0.000000,0.000000,0.000000,6.028986,0.000000,0.000000,0.000000,0.000000,0.340580,1.079710,5.608696,0.543478,5.079710,0.333333,3.949275,0.666667,0.079710,0.891304,1.181159,1.217391,4.137681,0.086957,6.557971,0.000000,1.268116,0.050725,0.036232,0.000000,0.028986,0.000000,1.543478,0.000000,0.000000,0.000000,0.000000,0.000000,0.000000,0.000000,0.000000,0.000000,0.000000,0.000000,0.000000,0.000000,0.000000,0.000000
SOC.defend,0.296703,0.945055,0.000000,0.000000,0.000000,4.703297,0.000000,0.000000,0.000000,0.000000,4.098901,0.692308,3.571429,1.604396,2.714286,0.791209,1.120879,0.681319,0.131868,0.791209,0.373626,0.978022,5.054945,0.274725,0.219780,1.813187,0.857143,0.648352,0.065934,0.000000,0.000000,0.000000,1.208791,0.000000,0.000000,0.000000,0.000000,0.000000,0.000000,0.000000,0.000000,0.000000,0.000000,0.000000,0.000000,0.000000,0.000000,0.000000
SOC.family,0.762500,1.350000,0.000000,0.000000,0.000000,1.668750,0.000000,0.000000,0.000000,0.000000,0.793750,0.743750,7.237500,3.637500,2.700000,0.356250,0.668750,0.381250,0.137500,2.206250,0.100000,1.668750,5.093750,0.043750,0.700000,2.581250,0.612500,1.568750,0.250000,0.000000,0.037500,0.018750,0.675000,0.000000,0.000000,0.000000,0.000000,0.000000,0.000000,0.000000,0.000000,0.000000,0.000000,0.000000,0.000000,0.000000,0.000000,0.000000
SOC.homeless,0.750779,0.066978,0.000000,0.000000,0.000000,4.534268,0.000000,0.000000,0.000000,0.000000,5.088785,0.091900,1.613707,0.792835,0.864486,1.054517,1.915888,0.763240,0.029595,0.252336,0.635514,0.990654,3.471963,0.297508,3.199377,0.373832,0.847352,0.185358,0.163551,0.000000,0.091900,0.014019,2.730530,0.000000,0.000000,0.000000,0.000000,0.000000,0.000000,0.000000,0.000000,0.000000,0.000000,0.000000,0.000000,0.000000,0.000000,0.000000
SOC.individual,0.563983,0.624871,0.000000,0.000000,0.000000,9.512384,0.000000,0.000000,0.000000,0.000000,2.713622,1.090299,2.363261,0.981424,4.069143,4.863777,1.468008,0.299794,0.027348,0.652219,1.120227,0.608875,4.801342,0.647059,1.907637,0.409185,2.571207,1.384417,0.198658,0.000000,0.378741,0.142415,1.493292,0.000000,0.000000,0.000000,0.000000,0.000000,0.000000,0.000000,0.000000,0.000000,0.000000,0.000000,0.000000,0.000000,0.000000,0.000000
SOC.nation,0.857143,3.150000,0.000000,0.000000,0.000000,0.000000,0.000000,0.000000,0.000000,0.000000,1.342857,0.242857,3.457143,5.685714,3.071429,1.535714,1.585714,0.492857,0.157143,1.414286,0.185714,2.328571,4.957143,0.385714,1.228571,1.764286,1.507143,1.221429,0.064286,0.000000,0.078571,0.164286,1.371429,0.000000,0.000000,0.000000,0.000000,0.000000,0.000000,0.000000,0.000000,0.000000,0.000000,0.000000,0.000000,0.000000,0.000000,0.000000
SOC.obstruct,0.453608,0.195876,0.000000,0.000000,0.000000,4.639175,0.000000,0.000000,0.000000,0.000000,7.020619,0.567010,2.474227,1.835052,1.752577,0.907216,1.752577,1.948454,0.113402,0.082474,1.206186,1.845361,4.814433,0.319588,4.402062,0.000000,0.814433,0.020619,0.185567,0.000000,0.123711,0.051546,1.835052,0.000000,0.000000,0.000000,0.000000,0.000000,0.000000,0.000000,0.000000,0.000000,0.000000,0.000000,0.000000,0.000000,0.000000,0.000000
SOC.official,0.576923,2.384615,0.000000,0.000000,0.000000,5.258242,0.000000,0.000000,0.000000,0.000000,0.813187,0.978022,4.598901,5.049451,2.489011,0.362637,2.736264,1.390110,0.148352,0.521978,0.214286,2.197802,4.296703,0.027473,0.598901,0.571429,1.983516,1.131868,0.159341,0.000000,0.000000,0.406593,0.615385,0.000000,0.000000,0.000000,0.000000,0.000000,0.000000,0.000000,0.000000,0.000000,0.000000,0.000000,0.000000,0.000000,0.000000,0.000000
SOC.pass,0.228070,0.140351,0.000000,0.000000,0.000000,4.385965,0.000000,0.000000,0.000000,0.000000,5.105263,0.701754,1.245614,1.894737,1.122807,2.105263,1.508772,2.140351,0.017544,0.140351,1.912281,2.087719,2.017544,0.000000,0.350877,0.140351,2.140351,2.052632,0.157895,0.000000,0.000000,0.070175,1.105263,0.000000,0.000000,0.000000,0.000000,0.000000,0.000000,0.000000,0.000000,0.000000,0.000000,0.000000,0.000000,0.000000,0.000000,0.000000
SOC.praise,0.209091,0.436364,0.000000,0.000000,0.000000,6.118182,0.000000,0.000000,0.000000,0.000000,1.072727,1.336364,5.345455,0.518182,6.227273,0.336364,3.690909,0.127273,0.554545,1.454545,1.654545,0.609091,3.927273,0.018182,0.745455,1.200000,1.881818,1.590909,0.045455,0.000000,0.100000,0.000000,1.054545,0.000000,0.000000,0.000000,0.000000,0.000000,0.000000,0.000000,0.000000,0.000000,0.000000,0.000000,0.000000,0.000000,0.000000,0.000000
SOC.public,0.448276,1.517241,0.000000,0.000000,0.000000,0.000000,0.000000,0.000000,0.000000,0.000000,0.379310,1.000000,5.206897,3.586207,4.068966,0.172414,1.689655,0.241379,1.689655,2.724138,0.586207,2.206897,5.275862,0.000000,1.206897,3.689655,1.758621,0.758621,0.000000,0.000000,0.068966,0.172414,1.137931,0.000000,0.000000,0.000000,0.000000,0.000000,0.000000,0.000000,0.000000,0.000000,0.000000,0.000000,0.000000,0.000000,0.000000,0.000000
SOC.refuse,0.466019,0.009709,0.000000,0.000000,0.000000,6.281553,0.000000,0.000000,0.000000,0.000000,0.165049,0.407767,5.184466,0.660194,3.941748,1.155340,2.524272,1.213592,0.019417,0.330097,0.825243,0.922330,4.728155,0.184466,3.097087,0.000000,2.048544,0.135922,0.135922,0.000000,0.097087,0.000000,1.796117,0.000000,0.000000,0.000000,0.000000,0.000000,0.000000,0.000000,0.000000,0.000000,0.000000,0.000000,0.000000,0.000000,0.000000,0.000000
SOC.request,0.698276,0.258621,0.000000,0.000000,0.000000,6.258621,0.000000,0.000000,0.000000,0.000000,0.344828,0.732759,5.836207,0.637931,2.784483,0.336207,3.853448,0.594828,0.000000,0.543103,0.974138,1.241379,3.284483,0.008621,0.525862,1.508621,1.431034,1.612069,0.068966,0.000000,0.025862,0.000000,0.974138,0.000000,0.000000,0.000000,0.000000,0.000000,0.000000,0.000000,0.000000,0.000000,0.000000,0.000000,0.000000,0.000000,0.000000,0.000000
SOC.rest,0.392157,0.254902,0.000000,0.000000,0.000000,7.607843,0.000000,0.000000,0.000000,0.000000,5.509804,0.098039,0.529412,0.862745,3.333333,4.803922,0.411765,0.235294,0.235294,0.352941,1.549020,0.470588,4.843137,0.098039,0.686275,1.117647,1.137255,0.470588,3.666667,0.000000,0.019608,0.215686,1.078431,0.000000,0.000000,0.000000,0.000000,0.000000,0.000000,0.000000,0.000000,0.000000,0.000000,0.000000,0.000000,0.000000,0.000000,0.000000
SOC.sleep,0.977273,0.431818,0.000000,0.000000,0.000000,8.931818,0.000000,0.000000,0.000000,0.000000,6.409091,0.590909,0.090909,2.318182,2.613636,3.840909,0.613636,0.545455,0.090909,0.250000,1.113636,0.750000,5.977273,0.340909,0.136364,0.250000,1.068182,0.500000,5.181818,0.000000,0.068182,1.159091,1.454545,0.000000,0.000000,0.000000,0.000000,0.000000,0.000000,0.000000,0.000000,0.000000,0.000000,0.000000,0.000000,0.000000,0.000000,0.000000
SOC.stateless,0.588235,0.352941,0.000000,0.000000,0.000000,7.647059,0.000000,0.000000,0.000000,0.000000,0.470588,1.352941,5.882353,2.117647,2.764706,1.705882,1.058824,0.941176,0.117647,0.529412,0.000000,0.529412,6.000000,2.588235,4.176471,0.000000,1.352941,0.529412,0.000000,0.000000,0.058824,0.000000,3.294118,0.000000,0.000000,0.000000,0.000000,0.000000,0.000000,0.000000,0.000000,0.000000,0.000000,0.000000,0.000000,0.000000,0.000000,0.000000
SOC.village,0.466667,1.566667,0.000000,0.000000,0.000000,0.366667,0.000000,0.000000,0.000000,0.000000,8.000000,0.000000,3.666667,4.033333,4.066667,1.500000,0.433333,0.166667,0.466667,2.466667,0.233333,1.600000,6.066667,0.066667,0.000000,3.133333,0.166667,0.966667,1.900000,0.000000,0.000000,0.000000,0.600000,0.000000,0.000000,0.000000,0.000000,0.000000,0.000000,0.000000,0.000000,0.000000,0.000000,0.000000,0.000000,0.000000,0.000000,0.000000
SOC.work,0.495845,0.950139,0.000000,0.000000,0.000000,6.077562,0.000000,0.000000,0.000000,0.000000,2.828255,1.462604,2.742382,2.662050,1.986150,1.778393,1.750693,1.127424,0.130194,0.360111,0.689751,1.357341,3.573407,0.044321,0.734072,0.437673,1.714681,2.227147,1.113573,0.000000,0.121884,0.227147,0.828255,0.000000,0.000000,0.000000,0.000000,0.000000,0.000000,0.000000,0.000000,0.000000,0.000000,0.000000,0.000000,0.000000,0.000000,0.000000
SPC.direction,0.168675,0.373494,0.000000,0.000000,0.000000,3.662651,0.000000,0.000000,0.000000,0.000000,2.843373,1.108434,1.819277,2.337349,2.614458,0.783133,1.578313,0.951807,0.060241,0.602410,0.313253,1.843373,2.927711,0.000000,0.180723,0.301205,2.072289,1.204819,0.554217,0.000000,0.216867,0.325301,0.807229,0.000000,0.000000,0.000000,0.000000,0.000000,0.000000,0.000000,0.000000,0.000000,0.000000,0.000000,0.000000,0.000000,0.000000,0.000000
SPC.inside,0.100000,0.700000,0.000000,0.000000,0.000000,3.150000,0.000000,0.000000,0.000000,0.000000,5.350000,0.100000,1.700000,3.350000,3.050000,1.200000,0.400000,0.200000,0.000000,1.800000,0.000000,0.800000,6.350000,0.500000,0.700000,4.950000,1.050000,0.450000,0.250000,0.000000,0.000000,1.450000,0.350000,0.000000,0.000000,0.000000,0.000000,0.000000,0.000000,0.000000,0.000000,0.000000,0.000000,0.000000,0.000000,0.000000,0.000000,0.000000
SPC.nowhere,0.000000,0.000000,0.000000,0.000000,0.000000,5.578947,0.000000,0.000000,0.000000,0.000000,2.789474,0.315789,2.421053,0.000000,4.315789,3.578947,0.947368,0.473684,0.000000,0.263158,1.000000,0.263158,4.736842,1.052632,3.684211,0.000000,1.000000,0.000000,0.000000,0.000000,0.263158,0.157895,2.000000,0.000000,0.000000,0.000000,0.000000,0.000000,0.000000,0.000000,0.000000,0.000000,0.000000,0.000000,0.000000,0.000000,0.000000,0.000000
SPC.outside,0.000000,0.000000,0.000000,0.000000,0.000000,2.000000,0.000000,0.000000,0.000000,0.000000,6.631579,0.894737,2.000000,2.526316,2.526316,2.631579,1.000000,0.157895,0.000000,1.157895,0.631579,1.526316,5.368421,0.368421,0.421053,0.578947,0.736842,0.105263,0.526316,0.000000,0.000000,1.000000,1.105263,0.000000,0.000000,0.000000,0.000000,0.000000,0.000000,0.000000,0.000000,0.000000,0.000000,0.000000,0.000000,0.000000,0.000000,0.000000
SPC.place,0.382353,1.019608,0.000000,0.000000,0.000000,2.411765,0.000000,0.000000,0.000000,0.000000,6.117647,0.735294,1.617647,2.647059,2.500000,2.137255,0.921569,0.343137,0.117647,0.558824,0.431373,2.068627,3.186275,0.352941,0.715686,0.980392,0.901961,0.803922,0.176471,0.000000,0.058824,0.352941,0.598039,0.000000,0.000000,0.000000,0.000000,0.000000,0.000000,0.000000,0.000000,0.000000,0.000000,0.000000,0.000000,0.000000,0.000000,0.000000
SPC.reverse,0.000000,0.000000,0.000000,0.000000,0.000000,4.088889,0.000000,0.000000,0.000000,0.000000,4.488889,0.266667,1.644444,1.955556,3.222222,1.088889,1.177778,1.044444,0.000000,1.022222,0.000000,1.688889,3.911111,0.177778,0.000000,0.066667,2.422222,0.133333,1.488889,0.000000,0.000000,0.000000,0.488889,0.000000,0.000000,0.000000,0.000000,0.000000,0.000000,0.000000,0.000000,0.000000,0.000000,0.000000,0.000000,0.000000,0.000000,0.000000
STA.comfort,0.422222,0.644444,0.000000,0.000000,0.000000,7.955556,0.000000,0.000000,0.000000,0.000000,7.022222,0.000000,1.066667,0.311111,2.822222,2.577778,0.955556,0.488889,0.000000,1.244444,1.133333,0.311111,6.177778,0.088889,0.377778,4.000000,1.111111,0.622222,0.088889,0.000000,0.066667,0.022222,1.888889,0.000000,0.000000,0.000000,0.000000,0.000000,0.000000,0.000000,0.000000,0.000000,0.000000,0.000000,0.000000,0.000000,0.000000,0.000000
STA.danger,0.420000,0.260000,0.000000,0.000000,0.000000,5.880000,0.000000,0.000000,0.000000,0.000000,3.080000,0.700000,1.820000,1.100000,3.060000,1.120000,2.940000,1.380000,0.100000,0.160000,0.420000,0.500000,5.420000,1.640000,6.740000,0.000000,0.360000,0.000000,0.020000,0.000000,1.060000,0.240000,3.400000,0.000000,0.000000,0.000000,0.000000,0.000000,0.000000,0.000000,0.000000,0.000000,0.000000,0.000000,0.000000,0.000000,0.000000,0.000000
STA.healing,0.894118,0.741176,0.000000,0.000000,0.000000,7.023529,0.000000,0.000000,0.000000,0.000000,6.682353,0.376471,0.658824,0.305882,1.905882,0.811765,2.823529,1.352941,0.000000,0.400000,0.905882,0.752941,4.682353,0.023529,0.435294,0.164706,5.070588,2.352941,0.035294,0.000000,0.023529,0.094118,1.470588,0.000000,0.000000,0.000000,0.000000,0.000000,0.000000,0.000000,0.000000,0.000000,0.000000,0.000000,0.000000,0.000000,0.000000,0.000000
STA.health,0.542857,0.800000,0.000000,0.000000,0.000000,7.857143,0.000000,0.000000,0.000000,0.000000,5.800000,0.228571,0.200000,0.400000,2.885714,3.057143,0.514286,0.171429,0.000000,0.285714,1.828571,0.685714,4.771429,0.285714,0.714286,0.828571,1.342857,0.771429,0.000000,0.000000,0.000000,0.000000,0.971429,0.000000,0.000000,0.000000,0.000000,0.000000,0.000000,0.000000,0.000000,0.000000,0.000000,0.000000,0.000000,0.000000,0.000000,0.000000
STA.illness,1.782979,1.161702,0.000000,0.000000,0.000000,8.148936,0.000000,0.000000,0.000000,0.000000,7.608511,0.689362,0.723404,1.021277,1.434043,2.187234,1.629787,1.485106,0.106383,0.080851,1.378723,0.689362,4.191489,0.297872,7.876596,0.012766,0.480851,0.106383,0.400000,0.000000,0.182979,0.119149,2.085106,0.000000,0.000000,0.000000,0.000000,0.000000,0.000000,0.000000,0.000000,0.000000,0.000000,0.000000,0.000000,0.000000,0.000000,0.000000
STA.pain,3.213198,1.010152,0.000000,0.000000,0.000000,8.477157,0.000000,0.000000,0.000000,0.000000,9.040609,0.172589,0.299492,0.304569,1.421320,2.035533,2.522843,1.654822,0.000000,0.208122,1.238579,0.253807,5.578680,0.406091,8.101523,0.000000,0.629442,0.147208,0.467005,0.000000,0.512690,0.126904,2.487310,0.000000,0.000000,0.000000,0.000000,0.000000,0.000000,0.000000,0.000000,0.000000,0.000000,0.000000,0.000000,0.000000,0.000000,0.000000
STA.peace,0.292683,1.512195,0.000000,0.000000,0.000000,2.804878,0.000000,0.000000,0.000000,0.000000,0.463415,0.170732,5.292683,1.097561,4.121951,0.682927,2.146341,0.609756,0.097561,2.707317,0.000000,0.634146,6.975610,0.121951,0.195122,4.048780,1.439024,1.121951,0.097561,0.000000,0.000000,0.000000,1.439024,0.000000,0.000000,0.000000,0.000000,0.000000,0.000000,0.000000,0.000000,0.000000,0.000000,0.000000,0.000000,0.000000,0.000000,0.000000
STA.poverty,0.560606,0.318182,0.000000,0.000000,0.000000,7.000000,0.000000,0.000000,0.000000,0.000000,6.090909,0.045455,2.121212,1.848485,2.439394,0.878788,1.984848,1.363636,0.136364,0.757576,0.151515,0.500000,6.727273,1.196970,6.287879,0.075758,0.757576,0.242424,0.181818,0.000000,0.030303,0.030303,3.560606,0.000000,0.000000,0.000000,0.000000,0.000000,0.000000,0.000000,0.000000,0.000000,0.000000,0.000000,0.000000,0.000000,0.000000,0.000000
STA.war,1.489130,0.391304,0.000000,0.000000,0.000000,0.782609,0.000000,0.000000,0.000000,0.000000,5.630435,0.413043,5.152174,2.021739,1.608696,0.163043,3.402174,1.108696,0.228261,0.934783,0.500000,1.141304,4.913043,0.228261,7.500000,0.010870,1.119565,0.260870,0.000000,0.000000,0.489130,0.000000,2.478261,0.000000,0.000000,0.000000,0.000000,0.000000,0.000000,0.000000,0.000000,0.000000,0.000000,0.000000,0.000000,0.000000,0.000000,0.000000
STA.wealth,0.187500,1.218750,0.000000,0.000000,0.000000,7.125000,0.000000,0.000000,0.000000,0.000000,8.187500,0.000000,1.000000,0.625000,4.625000,1.593750,2.156250,0.531250,0.031250,0.750000,1.093750,0.531250,4.843750,0.375000,2.187500,0.312500,1.093750,1.437500,0.250000,0.000000,0.000000,0.000000,0.968750,0.000000,0.000000,0.000000,0.000000,0.000000,0.000000,0.000000,0.000000,0.000000,0.000000,0.000000,0.000000,0.000000,0.000000,0.000000
STA.wound,5.170370,0.992593,0.000000,0.000000,0.000000,8.940741,0.000000,0.000000,0.000000,0.000000,9.251852,0.148148,0.392593,1.362963,1.511111,2.407407,3.200000,2.059259,0.022222,0.222222,2.644444,1.029630,4.074074,0.222222,8.607407,0.000000,0.437037,0.103704,0.022222,0.000000,0.192593,0.066667,2.703704,0.000000,0.000000,0.000000,0.000000,0.000000,0.000000,0.000000,0.000000,0.000000,0.000000,0.000000,0.000000,0.000000,0.000000,0.000000
TIM.appear,7.539683,0.142857,0.000000,0.000000,0.000000,4.015873,0.000000,0.000000,0.000000,0.000000,7.698413,0.809524,0.253968,0.698413,1.063492,2.460317,1.841270,0.476190,0.174603,0.126984,3.444444,0.650794,2.222222,0.000000,0.428571,0.253968,2.111111,2.269841,0.333333,0.000000,2.444444,0.000000,2.000000,0.000000,0.000000,0.000000,0.000000,0.000000,0.000000,0.000000,0.000000,0.000000,0.000000,0.000000,0.000000,0.000000,0.000000,0.000000
TIM.come,0.984848,0.954545,0.000000,0.000000,0.000000,4.742424,0.000000,0.000000,0.000000,0.000000,6.303030,0.181818,1.969697,0.606061,1.696970,1.030303,1.924242,1.242424,0.000000,0.378788,1.333333,1.030303,2.863636,0.106061,0.378788,3.242424,1.136364,0.606061,0.181818,0.000000,0.060606,0.075758,0.954545,0.000000,0.000000,0.000000,0.000000,0.000000,0.000000,0.000000,0.000000,0.000000,0.000000,0.000000,0.000000,0.000000,0.000000,0.000000
TIM.indefinite,0.166667,0.083333,0.000000,0.000000,0.000000,2.916667,0.000000,0.000000,0.000000,0.000000,0.208333,0.750000,0.625000,1.541667,3.791667,2.458333,0.583333,0.000000,0.000000,0.083333,0.875000,0.375000,2.416667,0.916667,0.541667,0.000000,0.625000,0.000000,0.000000,0.000000,1.083333,0.000000,3.416667,0.000000,0.000000,0.000000,0.000000,0.000000,0.000000,0.000000,0.000000,0.000000,0.000000,0.000000,0.000000,0.000000,0.000000,0.000000
TIM.moment,0.657895,0.078947,0.000000,0.000000,0.000000,3.894737,0.000000,0.000000,0.000000,0.000000,1.578947,1.342105,1.868421,1.842105,3.236842,1.578947,1.973684,1.526316,0.578947,0.526316,1.052632,1.184211,2.842105,0.131579,0.210526,0.000000,2.605263,0.500000,0.473684,0.000000,0.473684,0.973684,1.236842,0.000000,0.000000,0.000000,0.000000,0.000000,0.000000,0.000000,0.000000,0.000000,0.000000,0.000000,0.000000,0.000000,0.000000,0.000000
TIM.now,0.062500,0.000000,0.000000,0.000000,0.000000,3.687500,0.000000,0.000000,0.000000,0.000000,0.968750,2.125000,2.156250,0.750000,3.656250,1.562500,1.875000,0.281250,0.000000,0.250000,0.937500,1.031250,2.125000,0.593750,0.250000,0.156250,0.750000,0.437500,0.500000,0.000000,0.000000,0.750000,0.562500,0.000000,0.000000,0.000000,0.000000,0.000000,0.000000,0.000000,0.000000,0.000000,0.000000,0.000000,0.000000,0.000000,0.000000,0.000000
TIM.past,0.238095,0.380952,0.000000,0.000000,0.000000,2.357143,0.000000,0.000000,0.000000,0.000000,0.928571,1.428571,0.761905,1.333333,3.523810,0.642857,1.309524,1.761905,0.000000,0.404762,0.309524,1.309524,3.333333,0.571429,0.047619,0.047619,1.809524,0.119048,1.404762,0.000000,0.000000,0.547619,0.761905,0.000000,0.000000,0.000000,0.000000,0.000000,0.000000,0.000000,0.000000,0.000000,0.000000,0.000000,0.000000,0.000000,0.000000,0.000000
TIM.period,0.963100,2.125461,0.000000,0.000000,0.000000,3.003690,0.000000,0.000000,0.000000,0.000000,1.671587,1.774908,0.955720,3.974170,3.007380,1.752768,1.166052,1.118081,0.335793,0.346863,0.516605,2.464945,2.630996,0.210332,0.302583,0.107011,1.590406,0.981550,3.391144,0.000000,0.036900,0.712177,0.841328,0.000000,0.000000,0.000000,0.000000,0.000000,0.000000,0.000000,0.000000,0.000000,0.000000,0.000000,0.000000,0.000000,0.000000,0.000000
VAL.beauty,0.265060,0.325301,0.000000,0.000000,0.000000,7.614458,0.000000,0.000000,0.000000,0.000000,7.012048,0.060241,0.746988,1.337349,7.590361,2.036145,2.975904,0.000000,0.024096,2.638554,1.228916,0.506024,7.349398,0.096386,0.144578,0.891566,1.867470,1.132530,0.024096,0.000000,0.313253,0.000000,1.385542,0.000000,0.000000,0.000000,0.000000,0.000000,0.000000,0.000000,0.000000,0.000000,0.000000,0.000000,0.000000,0.000000,0.000000,0.000000
VAL.correct,0.142857,1.000000,0.000000,0.000000,0.000000,3.923077,0.000000,0.000000,0.000000,0.000000,0.692308,2.681319,0.725275,1.736264,4.362637,0.967033,1.318681,1.021978,0.021978,0.120879,0.043956,1.109890,4.109890,0.065934,0.252747,0.417582,2.021978,0.483516,0.032967,0.000000,0.010989,0.230769,0.670330,0.000000,0.000000,0.000000,0.000000,0.000000,0.000000,0.000000,0.000000,0.000000,0.000000,0.000000,0.000000,0.000000,0.000000,0.000000
VAL.evil,0.152174,0.467391,0.000000,0.000000,0.000000,6.967391,0.000000,0.000000,0.000000,0.000000,0.956522,0.086957,3.391304,1.630435,7.869565,0.793478,3.467391,1.565217,0.032609,1.717391,0.097826,0.576087,7.684783,1.826087,9.478261,0.054348,0.228261,0.000000,0.021739,0.000000,0.097826,0.358696,1.184783,0.000000,0.000000,0.000000,0.000000,0.000000,0.000000,0.000000,0.000000,0.000000,0.000000,0.000000,0.000000,0.000000,0.000000,0.000000
VAL.falsehood,1.830986,0.211268,0.000000,0.000000,0.000000,5.169014,0.000000,0.000000,0.000000,0.000000,0.070423,3.746479,2.056338,0.309859,5.535211,1.042254,2.760563,1.183099,0.000000,0.422535,1.464789,0.380282,3.929577,0.098592,5.619718,0.000000,0.943662,0.704225,0.000000,0.000000,0.084507,0.070423,1.985915,0.000000,0.000000,0.000000,0.000000,0.000000,0.000000,0.000000,0.000000,0.000000,0.000000,0.000000,0.000000,0.000000,0.000000,0.000000
VAL.good,0.130435,0.847826,0.000000,0.000000,0.000000,7.673913,0.000000,0.000000,0.000000,0.000000,0.065217,0.000000,3.956522,1.000000,8.739130,1.391304,3.369565,0.130435,0.000000,2.826087,0.000000,0.282609,8.173913,1.086957,0.456522,1.608696,2.782609,1.086957,0.021739,0.000000,0.000000,0.282609,0.586957,0.000000,0.000000,0.000000,0.000000,0.000000,0.000000,0.000000,0.000000,0.000000,0.000000,0.000000,0.000000,0.000000,0.000000,0.000000
VAL.incorrect,0.238095,0.000000,0.000000,0.000000,0.000000,4.142857,0.000000,0.000000,0.000000,0.000000,0.000000,4.190476,0.238095,0.571429,5.047619,0.571429,0.619048,1.000000,0.000000,0.000000,0.476190,1.095238,2.333333,0.000000,4.571429,0.000000,0.142857,0.095238,0.142857,0.000000,0.238095,0.000000,2.380952,0.000000,0.000000,0.000000,0.000000,0.000000,0.000000,0.000000,0.000000,0.000000,0.000000,0.000000,0.000000,0.000000,0.000000,0.000000
VAL.profane,0.205479,0.136986,0.000000,0.000000,0.000000,3.739726,0.000000,0.000000,0.000000,0.000000,2.178082,0.301370,2.027397,0.972603,5.438356,0.506849,2.917808,0.561644,0.123288,0.547945,0.397260,0.643836,4.712329,0.356164,4.342466,0.178082,1.684932,0.315068,0.123288,0.000000,0.232877,0.000000,1.205479,0.000000,0.000000,0.000000,0.000000,0.000000,0.000000,0.000000,0.000000,0.000000,0.000000,0.000000,0.000000,0.000000,0.000000,0.000000
VAL.sacred,0.363636,1.704545,0.000000,0.000000,0.000000,2.636364,0.000000,0.000000,0.000000,0.000000,0.750000,0.159091,1.909091,0.772727,8.318182,0.931818,1.204545,0.045455,0.000000,3.590909,0.000000,0.204545,8.181818,2.772727,0.272727,0.659091,3.250000,0.659091,0.000000,0.000000,0.068182,1.613636,0.340909,0.000000,0.000000,0.000000,0.000000,0.000000,0.000000,0.000000,0.000000,0.000000,0.000000,0.000000,0.000000,0.000000,0.000000,0.000000
VAL.truth,0.096774,0.935484,0.000000,0.000000,0.000000,5.258065,0.000000,0.000000,0.000000,0.000000,0.709677,3.000000,2.129032,1.193548,5.419355,1.258065,1.870968,0.387097,0.000000,1.419355,0.000000,0.322581,6.064516,0.580645,0.645161,0.612903,1.225806,0.516129,0.000000,0.000000,0.000000,0.645161,0.548387,0.000000,0.000000,0.000000,0.000000,0.000000,0.000000,0.000000,0.000000,0.000000,0.000000,0.000000,0.000000,0.000000,0.000000,0.000000
VAL.ugliness,0.437500,0.083333,0.000000,0.000000,0.000000,5.729167,0.000000,0.000000,0.000000,0.000000,6.770833,0.000000,0.458333,0.375000,6.458333,2.229167,2.104167,0.229167,0.000000,0.479167,1.708333,0.312500,5.729167,0.062500,9.083333,0.000000,0.083333,0.020833,0.000000,0.000000,0.104167,0.000000,1.145833,0.000000,0.000000,0.000000,0.000000,0.000000,0.000000,0.000000,0.000000,0.000000,0.000000,0.000000,0.000000,0.000000,0.000000,0.000000
WLD.art,1.403509,0.675439,0.000000,0.000000,0.000000,5.763158,0.000000,0.000000,0.000000,0.000000,5.719298,0.324561,0.850877,2.438596,3.631579,3.131579,1.482456,0.043860,0.105263,1.535088,0.377193,0.771930,4.500000,0.000000,0.245614,0.122807,2.508772,4.280702,0.254386,0.000000,0.850877,0.000000,0.587719,0.000000,0.000000,0.000000,0.000000,0.000000,0.000000,0.000000,0.000000,0.000000,0.000000,0.000000,0.000000,0.000000,0.000000,0.000000
WLD.artless,0.357143,0.204082,0.000000,0.000000,0.000000,4.836735,0.000000,0.000000,0.000000,0.000000,3.571429,0.500000,0.775510,0.571429,1.989796,3.306122,0.571429,0.183673,0.163265,0.122449,2.887755,0.255102,1.765306,0.000000,2.693878,0.071429,0.173469,0.122449,0.142857,0.000000,0.163265,0.000000,0.469388,0.000000,0.000000,0.000000,0.000000,0.000000,0.000000,0.000000,0.000000,0.000000,0.000000,0.000000,0.000000,0.000000,0.000000,0.000000
WLD.culture,1.375000,2.250000,0.000000,0.000000,0.000000,0.875000,0.000000,0.000000,0.000000,0.000000,1.250000,1.562500,4.000000,2.562500,3.125000,0.000000,3.062500,0.250000,0.000000,1.687500,0.000000,1.562500,5.875000,0.000000,0.562500,1.562500,2.937500,1.562500,0.000000,0.000000,0.875000,0.000000,1.937500,0.000000,0.000000,0.000000,0.000000,0.000000,0.000000,0.000000,0.000000,0.000000,0.000000,0.000000,0.000000,0.000000,0.000000,0.000000
WLD.nonscience,1.160870,0.813043,0.000000,0.000000,0.000000,3.834783,0.000000,0.000000,0.000000,0.000000,0.347826,0.434783,2.230435,1.056522,6.156522,1.400000,1.991304,0.095652,0.047826,1.965217,0.356522,0.239130,5.230435,1.000000,0.865217,1.234783,2.439130,0.595652,0.178261,0.000000,0.508696,0.100000,1.356522,0.000000,0.000000,0.000000,0.000000,0.000000,0.000000,0.000000,0.000000,0.000000,0.000000,0.000000,0.000000,0.000000,0.000000,0.000000
WLD.outer_realm,0.000000,0.000000,0.000000,0.000000,0.000000,1.200000,0.000000,0.000000,0.000000,0.000000,5.950000,0.250000,1.050000,2.550000,2.200000,3.700000,0.350000,0.000000,0.100000,1.850000,0.250000,1.250000,5.400000,1.700000,0.000000,0.550000,0.450000,0.450000,0.650000,0.000000,0.000000,0.700000,0.900000,0.000000,0.000000,0.000000,0.000000,0.000000,0.000000,0.000000,0.000000,0.000000,0.000000,0.000000,0.000000,0.000000,0.000000,0.000000
WLD.realm,0.440000,1.640000,0.000000,0.000000,0.000000,1.000000,0.000000,0.000000,0.000000,0.000000,1.600000,0.520000,2.440000,4.760000,2.440000,0.920000,0.520000,0.200000,0.160000,0.480000,0.040000,1.800000,3.360000,0.080000,0.200000,1.800000,0.880000,0.560000,0.720000,0.000000,0.120000,0.240000,0.720000,0.000000,0.000000,0.000000,0.000000,0.000000,0.000000,0.000000,0.000000,0.000000,0.000000,0.000000,0.000000,0.000000,0.000000,0.000000
WLD.religion,2.116071,1.892857,0.000000,0.000000,0.000000,2.446429,0.000000,0.000000,0.000000,0.000000,0.553571,1.071429,2.651786,1.910714,6.589286,0.821429,1.071429,0.080357,0.133929,2.232143,0.000000,0.330357,6.000000,1.026786,0.357143,1.651786,2.625000,0.250000,0.392857,0.000000,0.375000,0.008929,0.491071,0.000000,0.000000,0.000000,0.000000,0.000000,0.000000,0.000000,0.000000,0.000000,0.000000,0.000000,0.000000,0.000000,0.000000,0.000000
WLD.science,0.452830,1.358491,0.000000,0.000000,0.000000,2.971698,0.000000,0.000000,0.000000,0.000000,2.000000,4.349057,1.792453,2.971698,1.216981,0.311321,1.735849,0.735849,0.056604,0.801887,0.028302,2.566038,3.150943,0.000000,0.066038,0.113208,2.179245,2.481132,0.066038,0.000000,0.075472,0.150943,0.830189,0.000000,0.000000,0.000000,0.000000,0.000000,0.000000,0.000000,0.000000,0.000000,0.000000,0.000000,0.000000,0.000000,0.000000,0.000000
WLD.secular,0.407407,0.370370,0.000000,0.000000,0.000000,3.222222,0.000000,0.000000,0.000000,0.000000,2.259259,0.296296,0.814815,0.962963,3.629630,2.111111,0.777778,0.148148,0.037037,0.370370,0.444444,1.851852,2.814815,0.000000,0.703704,0.925926,1.555556,0.407407,0.222222,0.000000,0.000000,0.000000,0.518519,0.000000,0.000000,0.000000,0.000000,0.000000,0.000000,0.000000,0.000000,0.000000,0.000000,0.000000,0.000000,0.000000,0.000000,0.000000
WLD.technique,0.548780,1.780488,0.000000,0.000000,0.000000,5.756098,0.000000,0.000000,0.000000,0.000000,2.573171,2.060976,1.426829,3.426829,2.048780,1.902439,1.378049,0.646341,0.134146,0.487805,0.182927,2.060976,3.573171,0.000000,0.085366,0.219512,2.853659,2.341463,0.170732,0.000000,0.024390,0.097561,0.585366,0.000000,0.000000,0.000000,0.000000,0.000000,0.000000,0.000000,0.000000,0.000000,0.000000,0.000000,0.000000,0.000000,0.000000,0.000000
WLD.uncultured,0.153846,0.000000,0.000000,0.000000,0.000000,5.807692,0.000000,0.000000,0.000000,0.000000,0.153846,0.000000,2.038462,0.961538,5.076923,1.192308,0.653846,0.230769,0.000000,0.038462,1.538462,0.730769,3.307692,0.000000,6.307692,0.000000,0.230769,0.000000,0.038462,0.000000,0.000000,0.000000,1.153846,0.000000,0.000000,0.000000,0.000000,0.000000,0.000000,0.000000,0.000000,0.000000,0.000000,0.000000,0.000000,0.000000,0.000000,0.000000
WLD.unskilled,1.968750,0.041667,0.000000,0.000000,0.000000,8.458333,0.000000,0.000000,0.000000,0.000000,0.666667,1.020833,1.854167,0.718750,3.875000,2.864583,0.843750,0.437500,0.000000,0.083333,2.781250,0.739583,3.697917,0.000000,3.270833,0.281250,1.291667,0.250000,0.041667,0.000000,0.000000,0.000000,1.364583,0.000000,0.000000,0.000000,0.000000,0.000000,0.000000,0.000000,0.000000,0.000000,0.000000,0.000000,0.000000,0.000000,0.000000,0.000000
