atom_id,category,seed_count,seed_lemma_count,total_keys,zero_flag,thin_flag,pos_n_pct,pos_v_pct,pos_adj_pct,pos_adv_pct,sibling_ratio_pct,unique_keys,unique_ratio_pct,mean_atoms_per_word,p95_atoms_per_word,generic_at_5pct,generic_at_10pct,generic_at_20pct,top1_overlap_atom,top1_overlap_count,top1_jaccard,top5_overlap_json,sym_pair,sym_overlap_keys,sym_from_antonym,sym_from_sibling,remaining_after_5pct,remaining_after_10pct,remaining_after_20pct
ABS.bound,ABS,6,21,537,False,False,30.0,67.6,2.4,0,47.2,136,25.3,6.39,25,57,9,0,ACT.agitate,182,0.213,"[{""atom"": ""ACT.agitate"", ""overlap"": 182, ""jaccard"": 0.213}, {""atom"": ""ACT.exit"", ""overlap"": 181, ""jaccard"": 0.212}, {""atom"": ""ACT.leave"", ""overlap"": 179, ""jaccard"": 0.265}, {""atom"": ""ACT.move"", ""overlap"": 124, ""jaccard"": 0.035}, {""atom"": ""FND.transformation"", ""overlap"": 79, ""jaccard"": 0.025}]",ABS.release,3,0,2,480,528,537
ABS.exempt,ABS,6,10,698,False,False,91.7,7.2,1.1,0,93.0,9,1.3,13.99,18,125,2,0,SOC.individual,649,0.09,"[{""atom"": ""SOC.individual"", ""overlap"": 649, ""jaccard"": 0.09}, {""atom"": ""EXS.being"", ""overlap"": 645, ""jaccard"": 0.136}, {""atom"": ""LOG.cause"", ""overlap"": 642, ""jaccard"": 0.183}, {""atom"": ""ACT.move"", ""overlap"": 636, ""jaccard"": 0.199}, {""atom"": ""REL.same"", ""overlap"": 632, ""jaccard"": 0.688}]",ABS.responsibility,1,0,2,573,696,698
ABS.foolish,ABS,6,20,102,False,False,8.8,0,91.2,0,0.0,63,61.8,1.81,5,0,0,0,SOC.individual,8,0.001,"[{""atom"": ""SOC.individual"", ""overlap"": 8, ""jaccard"": 0.001}, {""atom"": ""STA.illness"", ""overlap"": 4, ""jaccard"": 0.004}, {""atom"": ""FND.information"", ""overlap"": 3, ""jaccard"": 0.003}, {""atom"": ""ABS.wise"", ""overlap"": 3, ""jaccard"": 0.017}, {""atom"": ""FND.play"", ""overlap"": 3, ""jaccard"": 0.006}]",ABS.wise,3,1,0,102,102,102
ABS.other,ABS,6,4,36,False,False,5.6,2.8,91.7,0,0.0,5,13.9,2.58,6,0,0,0,REL.different,28,0.636,"[{""atom"": ""REL.different"", ""overlap"": 28, ""jaccard"": 0.636}, {""atom"": ""SOC.individual"", ""overlap"": 3, ""jaccard"": 0.0}, {""atom"": ""TIM.past"", ""overlap"": 2, ""jaccard"": 0.008}, {""atom"": ""ELM.morning"", ""overlap"": 2, ""jaccard"": 0.006}, {""atom"": ""PRP.new"", ""overlap"": 2, ""jaccard"": 0.024}]",ABS.self,0,0,0,36,36,36
ABS.release,ABS,6,20,145,False,False,63.4,35.2,1.4,0,31.7,48,33.1,4.74,16,9,2,0,CHG.end,21,0.019,"[{""atom"": ""CHG.end"", ""overlap"": 21, ""jaccard"": 0.019}, {""atom"": ""FND.transformation"", ""overlap"": 21, ""jaccard"": 0.007}, {""atom"": ""ECO.withdraw"", ""overlap"": 20, ""jaccard"": 0.051}, {""atom"": ""ACT.emit"", ""overlap"": 16, ""jaccard"": 0.029}, {""atom"": ""ABS.exempt"", ""overlap"": 14, ""jaccard"": 0.017}]",ABS.bound,3,1,1,136,143,145
ABS.responsibility,ABS,6,8,152,False,False,80.9,5.3,13.8,0,34.9,75,49.3,3.34,15,7,0,0,WLD.realm,18,0.081,"[{""atom"": ""WLD.realm"", ""overlap"": 18, ""jaccard"": 0.081}, {""atom"": ""ECO.save"", ""overlap"": 18, ""jaccard"": 0.052}, {""atom"": ""SPC.place"", ""overlap"": 12, ""jaccard"": 0.011}, {""atom"": ""SOC.work"", ""overlap"": 11, ""jaccard"": 0.008}, {""atom"": ""VAL.truth"", ""overlap"": 8, ""jaccard"": 0.018}]",ABS.exempt,1,0,0,145,152,152
ABS.self,ABS,6,13,890,False,False,99.6,0.3,0.1,0,95.7,6,0.7,11.32,17,122,1,0,SOC.individual,643,0.086,"[{""atom"": ""SOC.individual"", ""overlap"": 643, ""jaccard"": 0.086}, {""atom"": ""EXS.being"", ""overlap"": 639, ""jaccard"": 0.129}, {""atom"": ""LOG.cause"", ""overlap"": 638, ""jaccard"": 0.172}, {""atom"": ""SOC.family"", ""overlap"": 635, ""jaccard"": 0.152}, {""atom"": ""REL.same"", ""overlap"": 633, ""jaccard"": 0.57}]",ABS.other,0,0,0,768,889,890
ABS.wise,ABS,6,10,73,False,False,31.5,0,68.5,0,15.3,26,35.6,3.49,15,3,0,0,SPC.direction,19,0.03,"[{""atom"": ""SPC.direction"", ""overlap"": 19, ""jaccard"": 0.03}, {""atom"": ""PER.touch"", ""overlap"": 7, ""jaccard"": 0.01}, {""atom"": ""FND.spatiality"", ""overlap"": 7, ""jaccard"": 0.013}, {""atom"": ""PRP.bright"", ""overlap"": 5, ""jaccard"": 0.034}, {""atom"": ""PER.fragrance"", ""overlap"": 5, ""jaccard"": 0.022}]",ABS.foolish,3,2,0,70,73,73
ACT.abandon,ACT,6,9,163,False,False,16.6,82.2,1.2,0,47.2,23,14.1,6.13,21,12,4,0,ACT.leave,80,0.2,"[{""atom"": ""ACT.leave"", ""overlap"": 80, ""jaccard"": 0.2}, {""atom"": ""ACT.exit"", ""overlap"": 69, ""jaccard"": 0.117}, {""atom"": ""FND.transformation"", ""overlap"": 29, ""jaccard"": 0.01}, {""atom"": ""ACT.move"", ""overlap"": 26, ""jaccard"": 0.008}, {""atom"": ""SOC.homeless"", ""overlap"": 22, ""jaccard"": 0.014}]",ACT.build,6,0,3,151,159,163
ACT.agitate,ACT,6,24,501,False,False,10.6,88.6,0.8,0,71.7,24,4.8,9.12,27,84,13,0,ACT.move,282,0.084,"[{""atom"": ""ACT.move"", ""overlap"": 282, ""jaccard"": 0.084}, {""atom"": ""SOC.homeless"", ""overlap"": 220, ""jaccard"": 0.129}, {""atom"": ""ACT.rise"", ""overlap"": 191, ""jaccard"": 0.218}, {""atom"": ""ACT.exit"", ""overlap"": 188, ""jaccard"": 0.232}, {""atom"": ""CHG.advance"", ""overlap"": 183, ""jaccard"": 0.234}]",ACT.calm,3,0,3,417,488,501
ACT.arrive,ACT,6,14,166,False,False,13.9,85.5,0.6,0,39.8,3,1.8,9.23,34,29,10,0,TIM.come,125,0.31,"[{""atom"": ""TIM.come"", ""overlap"": 125, ""jaccard"": 0.31}, {""atom"": ""ACT.move"", ""overlap"": 45, ""jaccard"": 0.014}, {""atom"": ""ECO.earn"", ""overlap"": 40, ""jaccard"": 0.115}, {""atom"": ""FND.transformation"", ""overlap"": 33, ""jaccard"": 0.011}, {""atom"": ""EXS.being"", ""overlap"": 32, ""jaccard"": 0.007}]",ACT.exit,13,0,14,137,156,166
ACT.ascend,ACT,6,10,375,False,False,8.5,91.5,0,0,85.5,7,1.9,17.68,31,192,17,0,ACT.rise,325,0.528,"[{""atom"": ""ACT.rise"", ""overlap"": 325, ""jaccard"": 0.528}, {""atom"": ""CHG.grow"", ""overlap"": 316, ""jaccard"": 0.278}, {""atom"": ""FND.transformation"", ""overlap"": 315, ""jaccard"": 0.112}, {""atom"": ""ACT.stand"", ""overlap"": 313, ""jaccard"": 0.511}, {""atom"": ""CHG.retreat"", ""overlap"": 301, ""jaccard"": 0.491}]",ACT.descend,299,0,331,183,358,375
ACT.build,ACT,6,10,1109,False,False,28.0,69.4,2.6,0,10.7,6,0.5,7.52,22,127,11,0,ACT.make,1067,0.644,"[{""atom"": ""ACT.make"", ""overlap"": 1067, ""jaccard"": 0.644}, {""atom"": ""ACT.create"", ""overlap"": 1066, ""jaccard"": 0.557}, {""atom"": ""FND.transformation"", ""overlap"": 172, ""jaccard"": 0.046}, {""atom"": ""ACT.move"", ""overlap"": 153, ""jaccard"": 0.037}, {""atom"": ""SOC.individual"", ""overlap"": 146, ""jaccard"": 0.018}]",ACT.abandon,6,0,3,982,1098,1109
ACT.calm,ACT,6,22,128,False,False,35.9,56.2,7.8,0,20.9,32,25.0,5.3,17,11,0,0,PRP.soft,32,0.158,"[{""atom"": ""PRP.soft"", ""overlap"": 32, ""jaccard"": 0.158}, {""atom"": ""FND.transformation"", ""overlap"": 25, ""jaccard"": 0.009}, {""atom"": ""ACT.create"", ""overlap"": 18, ""jaccard"": 0.009}, {""atom"": ""SOC.rest"", ""overlap"": 16, ""jaccard"": 0.043}, {""atom"": ""EXS.void"", ""overlap"": 15, ""jaccard"": 0.015}]",ACT.agitate,3,1,3,117,128,128
ACT.create,ACT,6,5,1872,False,False,17.9,80.4,1.6,0,40.7,12,0.6,10.7,25,374,21,0,ACT.make,1169,0.504,"[{""atom"": ""ACT.make"", ""overlap"": 1169, ""jaccard"": 0.504}, {""atom"": ""ACT.build"", ""overlap"": 1066, ""jaccard"": 0.557}, {""atom"": ""FND.transformation"", ""overlap"": 808, ""jaccard"": 0.211}, {""atom"": ""CHG.grow"", ""overlap"": 733, ""jaccard"": 0.331}, {""atom"": ""CHG.end"", ""overlap"": 714, ""jaccard"": 0.336}]",ACT.destroy,31,0,22,1498,1851,1872
ACT.descend,ACT,6,15,713,False,False,7.6,91.7,0.7,0,81.0,7,1.0,13.97,28,231,21,0,CHG.retreat,465,0.591,"[{""atom"": ""CHG.retreat"", ""overlap"": 465, ""jaccard"": 0.591}, {""atom"": ""FND.transformation"", ""overlap"": 349, ""jaccard"": 0.112}, {""atom"": ""ACT.make"", ""overlap"": 331, ""jaccard"": 0.166}, {""atom"": ""ACT.rise"", ""overlap"": 322, ""jaccard"": 0.336}, {""atom"": ""SOC.pass"", ""overlap"": 321, ""jaccard"": 0.391}]",ACT.ascend,299,0,359,482,692,713
ACT.destroy,ACT,6,11,251,False,False,26.3,70.5,3.2,0,30.7,78,31.1,5.35,16,21,4,0,FND.transformation,56,0.019,"[{""atom"": ""FND.transformation"", ""overlap"": 56, ""jaccard"": 0.019}, {""atom"": ""SOC.individual"", ""overlap"": 39, ""jaccard"": 0.005}, {""atom"": ""EXS.being"", ""overlap"": 31, ""jaccard"": 0.006}, {""atom"": ""ACT.create"", ""overlap"": 31, ""jaccard"": 0.015}, {""atom"": ""ACT.move"", ""overlap"": 29, ""jaccard"": 0.009}]",ACT.create,31,0,12,230,247,251
ACT.dissolve,ACT,6,14,145,False,False,12.4,85.5,2.1,0,59.5,9,6.2,9.69,28,36,5,0,FND.transformation,97,0.035,"[{""atom"": ""FND.transformation"", ""overlap"": 97, ""jaccard"": 0.035}, {""atom"": ""CHG.decay"", ""overlap"": 68, ""jaccard"": 0.129}, {""atom"": ""COG.separate"", ""overlap"": 63, ""jaccard"": 0.222}, {""atom"": ""CHG.end"", ""overlap"": 54, ""jaccard"": 0.051}, {""atom"": ""CHG.grow"", ""overlap"": 38, ""jaccard"": 0.032}]",ACT.make,23,0,24,109,140,145
ACT.emit,ACT,6,19,432,False,False,39.6,58.1,2.3,0,10.2,150,34.7,4.18,14,14,4,0,COM.speak,63,0.054,"[{""atom"": ""COM.speak"", ""overlap"": 63, ""jaccard"": 0.054}, {""atom"": ""BOD.mouth"", ""overlap"": 53, ""jaccard"": 0.051}, {""atom"": ""SOC.individual"", ""overlap"": 49, ""jaccard"": 0.006}, {""atom"": ""EXS.being"", ""overlap"": 44, ""jaccard"": 0.009}, {""atom"": ""ACT.move"", ""overlap"": 43, ""jaccard"": 0.012}]",ACT.receive,10,0,2,418,428,432
ACT.exit,ACT,6,27,496,False,False,11.1,88.7,0.2,0,74.4,9,1.8,9.47,27,90,14,0,ACT.leave,272,0.502,"[{""atom"": ""ACT.leave"", ""overlap"": 272, ""jaccard"": 0.502}, {""atom"": ""FND.transformation"", ""overlap"": 260, ""jaccard"": 0.087}, {""atom"": ""ACT.agitate"", ""overlap"": 188, ""jaccard"": 0.232}, {""atom"": ""ABS.bound"", ""overlap"": 181, ""jaccard"": 0.212}, {""atom"": ""SOC.awake"", ""overlap"": 179, ""jaccard"": 0.15}]",ACT.arrive,13,0,13,406,482,496
ACT.fall,ACT,6,16,119,False,False,43.7,54.6,1.7,0,52.7,18,15.1,6.41,19,13,1,0,ACT.move,54,0.017,"[{""atom"": ""ACT.move"", ""overlap"": 54, ""jaccard"": 0.017}, {""atom"": ""SOC.homeless"", ""overlap"": 42, ""jaccard"": 0.028}, {""atom"": ""FND.transformation"", ""overlap"": 42, ""jaccard"": 0.015}, {""atom"": ""ACT.sink"", ""overlap"": 38, ""jaccard"": 0.087}, {""atom"": ""ACT.descend"", ""overlap"": 31, ""jaccard"": 0.039}]",ACT.sink,38,0,21,106,118,119
ACT.give,ACT,6,10,754,False,False,36.6,61.8,1.6,0,14.2,214,28.4,5.0,18,51,6,0,ECO.pay,188,0.183,"[{""atom"": ""ECO.pay"", ""overlap"": 188, ""jaccard"": 0.183}, {""atom"": ""SOC.individual"", ""overlap"": 92, ""jaccard"": 0.012}, {""atom"": ""ACT.move"", ""overlap"": 90, ""jaccard"": 0.024}, {""atom"": ""FND.transformation"", ""overlap"": 84, ""jaccard"": 0.024}, {""atom"": ""ACT.create"", ""overlap"": 68, ""jaccard"": 0.027}]",ACT.take,8,0,1,703,748,754
ACT.go,ACT,6,13,667,False,False,36.4,63.4,0.1,0,63.0,102,15.3,9.47,25,110,15,0,ACT.move,335,0.096,"[{""atom"": ""ACT.move"", ""overlap"": 335, ""jaccard"": 0.096}, {""atom"": ""EXS.being"", ""overlap"": 226, ""jaccard"": 0.044}, {""atom"": ""SOC.pass"", ""overlap"": 210, ""jaccard"": 0.237}, {""atom"": ""CHG.advance"", ""overlap"": 210, ""jaccard"": 0.228}, {""atom"": ""CHG.stay"", ""overlap"": 202, ""jaccard"": 0.243}]",TIM.come,193,0,238,557,652,667
ACT.leave,ACT,6,13,318,False,False,6.3,93.4,0.3,0,56.3,8,2.5,8.94,27,46,11,0,ACT.exit,272,0.502,"[{""atom"": ""ACT.exit"", ""overlap"": 272, ""jaccard"": 0.502}, {""atom"": ""ACT.agitate"", ""overlap"": 181, ""jaccard"": 0.284}, {""atom"": ""ABS.bound"", ""overlap"": 179, ""jaccard"": 0.265}, {""atom"": ""ACT.move"", ""overlap"": 105, ""jaccard"": 0.031}, {""atom"": ""FND.transformation"", ""overlap"": 82, ""jaccard"": 0.027}]",TIM.appear,22,1,22,272,307,318
ACT.lie_down,ACT,6,15,218,False,False,27.5,72.0,0.5,0,58.4,32,14.7,8.05,23,26,2,0,ACT.move,125,0.039,"[{""atom"": ""ACT.move"", ""overlap"": 125, ""jaccard"": 0.039}, {""atom"": ""SOC.homeless"", ""overlap"": 118, ""jaccard"": 0.077}, {""atom"": ""ACT.stand"", ""overlap"": 111, ""jaccard"": 0.169}, {""atom"": ""ACT.sit"", ""overlap"": 104, ""jaccard"": 0.183}, {""atom"": ""ACT.lose"", ""overlap"": 96, ""jaccard"": 0.308}]",ACT.rise,34,1,32,192,216,218
ACT.lose,ACT,6,6,190,False,False,41.6,58.4,0,0,84.6,3,1.6,8.72,22,19,0,0,ACT.move,102,0.032,"[{""atom"": ""ACT.move"", ""overlap"": 102, ""jaccard"": 0.032}, {""atom"": ""SOC.homeless"", ""overlap"": 102, ""jaccard"": 0.067}, {""atom"": ""BEI.plant"", ""overlap"": 99, ""jaccard"": 0.041}, {""atom"": ""ACT.sit"", ""overlap"": 98, ""jaccard"": 0.18}, {""atom"": ""ACT.lie_down"", ""overlap"": 96, ""jaccard"": 0.308}]",ACT.obtain,10,0,11,171,190,190
ACT.make,ACT,6,14,1616,False,False,33.4,64.4,2.2,0,19.4,161,10.0,8.8,25,281,22,0,ACT.create,1169,0.504,"[{""atom"": ""ACT.create"", ""overlap"": 1169, ""jaccard"": 0.504}, {""atom"": ""ACT.build"", ""overlap"": 1067, ""jaccard"": 0.644}, {""atom"": ""FND.transformation"", ""overlap"": 456, ""jaccard"": 0.116}, {""atom"": ""CHG.grow"", ""overlap"": 377, ""jaccard"": 0.163}, {""atom"": ""COG.learn"", ""overlap"": 344, ""jaccard"": 0.176}]",ACT.dissolve,23,0,21,1335,1594,1616
ACT.move,ACT,6,17,3142,False,False,51.2,47.5,1.3,0,18.5,295,9.4,7.45,18,280,21,0,SOC.homeless,1368,0.427,"[{""atom"": ""SOC.homeless"", ""overlap"": 1368, ""jaccard"": 0.427}, {""atom"": ""SOC.individual"", ""overlap"": 916, ""jaccard"": 0.097}, {""atom"": ""EXS.being"", ""overlap"": 827, ""jaccard"": 0.118}, {""atom"": ""LOG.cause"", ""overlap"": 741, ""jaccard"": 0.127}, {""atom"": ""SOC.family"", ""overlap"": 650, ""jaccard"": 0.102}]",ACT.stop,24,0,2,2862,3121,3142
ACT.obtain,ACT,6,11,674,False,False,19.1,79.7,1.2,0,43.1,63,9.3,12.27,28,211,21,0,ECO.buy,411,0.552,"[{""atom"": ""ECO.buy"", ""overlap"": 411, ""jaccard"": 0.552}, {""atom"": ""FND.transformation"", ""overlap"": 347, ""jaccard"": 0.112}, {""atom"": ""ACT.make"", ""overlap"": 343, ""jaccard"": 0.176}, {""atom"": ""COG.learn"", ""overlap"": 334, ""jaccard"": 0.326}, {""atom"": ""CHG.grow"", ""overlap"": 328, ""jaccard"": 0.23}]",ACT.lose,10,0,3,463,653,674
ACT.receive,ACT,6,16,284,False,False,6.0,93.7,0.4,0,71.7,3,1.1,13.02,28,78,10,0,EXS.being,206,0.043,"[{""atom"": ""EXS.being"", ""overlap"": 206, ""jaccard"": 0.043}, {""atom"": ""CHG.stay"", ""overlap"": 195, ""jaccard"": 0.428}, {""atom"": ""COG.confusion"", ""overlap"": 194, ""jaccard"": 0.438}, {""atom"": ""TIM.appear"", ""overlap"": 194, ""jaccard"": 0.53}, {""atom"": ""PER.stench"", ""overlap"": 193, ""jaccard"": 0.452}]",ACT.emit,10,0,15,206,274,284
ACT.rise,ACT,6,17,566,False,False,6.4,93.6,0,0,81.3,5,0.9,15.38,29,233,22,0,FND.transformation,361,0.122,"[{""atom"": ""FND.transformation"", ""overlap"": 361, ""jaccard"": 0.122}, {""atom"": ""CHG.grow"", ""overlap"": 335, ""jaccard"": 0.256}, {""atom"": ""ACT.stand"", ""overlap"": 334, ""jaccard"": 0.427}, {""atom"": ""ACT.make"", ""overlap"": 331, ""jaccard"": 0.179}, {""atom"": ""ACT.ascend"", ""overlap"": 325, ""jaccard"": 0.528}]",ACT.lie_down,34,1,35,333,544,566
ACT.sink,ACT,6,9,355,False,False,39.7,59.7,0.6,0,82.9,11,3.1,7.28,18,33,4,0,ACT.descend,170,0.189,"[{""atom"": ""ACT.descend"", ""overlap"": 170, ""jaccard"": 0.189}, {""atom"": ""ACT.create"", ""overlap"": 154, ""jaccard"": 0.074}, {""atom"": ""SOC.pass"", ""overlap"": 150, ""jaccard"": 0.237}, {""atom"": ""SOC.attack"", ""overlap"": 145, ""jaccard"": 0.332}, {""atom"": ""CHG.begin"", ""overlap"": 145, ""jaccard"": 0.229}]",ACT.fall,38,0,21,322,351,355
ACT.sit,ACT,6,33,453,False,False,32.2,67.5,0.2,0,78.1,5,1.1,9.84,25,65,10,0,ACT.move,315,0.096,"[{""atom"": ""ACT.move"", ""overlap"": 315, ""jaccard"": 0.096}, {""atom"": ""ACT.go"", ""overlap"": 198, ""jaccard"": 0.215}, {""atom"": ""CHG.advance"", ""overlap"": 195, ""jaccard"": 0.27}, {""atom"": ""ACT.descend"", ""overlap"": 191, ""jaccard"": 0.196}, {""atom"": ""CHG.retreat"", ""overlap"": 190, ""jaccard"": 0.237}]",ACT.stand,114,1,128,388,443,453
ACT.stand,ACT,6,14,551,False,False,13.2,86.6,0.2,0,86.2,13,2.4,15.01,28,216,17,0,FND.transformation,344,0.116,"[{""atom"": ""FND.transformation"", ""overlap"": 344, ""jaccard"": 0.116}, {""atom"": ""ACT.rise"", ""overlap"": 334, ""jaccard"": 0.427}, {""atom"": ""ACT.make"", ""overlap"": 314, ""jaccard"": 0.169}, {""atom"": ""ACT.ascend"", ""overlap"": 313, ""jaccard"": 0.511}, {""atom"": ""COG.learn"", ""overlap"": 305, ""jaccard"": 0.327}]",ACT.sit,114,1,124,335,534,551
ACT.stop,ACT,6,17,192,False,False,60.4,39.1,0.5,0,27.9,50,26.0,6.3,23,19,3,0,SPC.place,44,0.04,"[{""atom"": ""SPC.place"", ""overlap"": 44, ""jaccard"": 0.04}, {""atom"": ""COG.forget"", ""overlap"": 39, ""jaccard"": 0.162}, {""atom"": ""VAL.sacred"", ""overlap"": 38, ""jaccard"": 0.158}, {""atom"": ""FND.transformation"", ""overlap"": 36, ""jaccard"": 0.012}, {""atom"": ""CHG.end"", ""overlap"": 30, ""jaccard"": 0.027}]",ACT.move,24,0,4,173,189,192
ACT.take,ACT,6,12,259,False,False,39.4,59.1,1.5,0,17.4,88,34.0,4.91,18,19,5,0,SOC.individual,45,0.006,"[{""atom"": ""SOC.individual"", ""overlap"": 45, ""jaccard"": 0.006}, {""atom"": ""ACT.move"", ""overlap"": 37, ""jaccard"": 0.011}, {""atom"": ""EXS.being"", ""overlap"": 31, ""jaccard"": 0.006}, {""atom"": ""ACT.obtain"", ""overlap"": 26, ""jaccard"": 0.029}, {""atom"": ""LOG.cause"", ""overlap"": 24, ""jaccard"": 0.007}]",ACT.give,8,0,4,240,254,259
BEI.beast,BEI,6,17,1228,False,False,94.8,1.9,3.3,0.1,58.0,254,20.7,9.12,17,127,1,0,EXS.being,912,0.182,"[{""atom"": ""EXS.being"", ""overlap"": 912, ""jaccard"": 0.182}, {""atom"": ""SOC.individual"", ""overlap"": 761, ""jaccard"": 0.099}, {""atom"": ""BEI.male"", ""overlap"": 709, ""jaccard"": 0.486}, {""atom"": ""SOC.family"", ""overlap"": 701, ""jaccard"": 0.158}, {""atom"": ""LOG.cause"", ""overlap"": 670, ""jaccard"": 0.167}]",BEI.human,3,0,4,1101,1227,1228
BEI.child,BEI,6,18,221,False,False,92.8,3.2,4.1,0,24.5,39,17.6,4.33,15,8,0,0,SOC.individual,133,0.018,"[{""atom"": ""SOC.individual"", ""overlap"": 133, ""jaccard"": 0.018}, {""atom"": ""EXS.being"", ""overlap"": 93, ""jaccard"": 0.019}, {""atom"": ""LOG.cause"", ""overlap"": 92, ""jaccard"": 0.026}, {""atom"": ""PRP.young"", ""overlap"": 88, ""jaccard"": 0.098}, {""atom"": ""SOC.family"", ""overlap"": 84, ""jaccard"": 0.021}]",BEI.parent,1,0,0,213,221,221
BEI.female,BEI,6,9,1000,False,False,96.5,1.5,2.0,0,59.3,91,9.1,10.63,17,122,1,0,SOC.individual,851,0.116,"[{""atom"": ""SOC.individual"", ""overlap"": 851, ""jaccard"": 0.116}, {""atom"": ""EXS.being"", ""overlap"": 736, ""jaccard"": 0.149}, {""atom"": ""LOG.cause"", ""overlap"": 734, ""jaccard"": 0.197}, {""atom"": ""SOC.family"", ""overlap"": 661, ""jaccard"": 0.156}, {""atom"": ""BEI.male"", ""overlap"": 649, ""jaccard"": 0.502}]",BEI.male,649,1,655,878,999,1000
BEI.human,BEI,6,6,151,False,False,85.4,1.3,13.2,0,43.8,44,29.1,3.36,11,4,0,0,BEI.male,46,0.044,"[{""atom"": ""BEI.male"", ""overlap"": 46, ""jaccard"": 0.044}, {""atom"": ""SOC.family"", ""overlap"": 27, ""jaccard"": 0.007}, {""atom"": ""SOC.individual"", ""overlap"": 23, ""jaccard"": 0.003}, {""atom"": ""EXS.physical_body"", ""overlap"": 20, ""jaccard"": 0.068}, {""atom"": ""PRP.whole"", ""overlap"": 18, ""jaccard"": 0.011}]",BEI.beast,3,0,2,147,151,151
BEI.male,BEI,6,8,941,False,False,97.2,1.2,1.6,0,74.2,27,2.9,11.03,17,124,1,0,SOC.individual,789,0.107,"[{""atom"": ""SOC.individual"", ""overlap"": 789, ""jaccard"": 0.107}, {""atom"": ""EXS.being"", ""overlap"": 734, ""jaccard"": 0.15}, {""atom"": ""BEI.beast"", ""overlap"": 709, ""jaccard"": 0.486}, {""atom"": ""LOG.cause"", ""overlap"": 674, ""jaccard"": 0.181}, {""atom"": ""BEI.female"", ""overlap"": 649, ""jaccard"": 0.502}]",BEI.female,649,1,658,817,940,941
BEI.parent,BEI,6,9,209,False,False,91.9,5.7,2.4,0,59.2,38,18.2,6.02,18,14,1,0,EXS.being,146,0.031,"[{""atom"": ""EXS.being"", ""overlap"": 146, ""jaccard"": 0.031}, {""atom"": ""SOC.individual"", ""overlap"": 146, ""jaccard"": 0.02}, {""atom"": ""SOC.family"", ""overlap"": 82, ""jaccard"": 0.02}, {""atom"": ""LOG.cause"", ""overlap"": 81, ""jaccard"": 0.023}, {""atom"": ""PRP.whole"", ""overlap"": 81, ""jaccard"": 0.049}]",BEI.child,1,0,1,195,208,209
BEI.plant,BEI,6,8,2311,False,False,93.9,4.7,1.4,0,17.9,1591,68.8,2.26,8,33,0,0,EXS.being,322,0.048,"[{""atom"": ""EXS.being"", ""overlap"": 322, ""jaccard"": 0.048}, {""atom"": ""SOC.family"", ""overlap"": 215, ""jaccard"": 0.036}, {""atom"": ""FND.information"", ""overlap"": 137, ""jaccard"": 0.045}, {""atom"": ""ACT.move"", ""overlap"": 135, ""jaccard"": 0.025}, {""atom"": ""SOC.homeless"", ""overlap"": 114, ""jaccard"": 0.031}]",BEI.root,12,0,2,2278,2311,2311
BEI.root,BEI,6,11,253,False,False,98.0,1.6,0.4,0,66.4,78,30.8,3.21,10,4,0,0,PRP.part,93,0.079,"[{""atom"": ""PRP.part"", ""overlap"": 93, ""jaccard"": 0.079}, {""atom"": ""BOD.head"", ""overlap"": 91, ""jaccard"": 0.211}, {""atom"": ""MAT.clothing"", ""overlap"": 34, ""jaccard"": 0.027}, {""atom"": ""PRP.whole"", ""overlap"": 21, ""jaccard"": 0.012}, {""atom"": ""COG.enlightenment"", ""overlap"": 13, ""jaccard"": 0.027}]",BEI.plant,12,0,4,249,253,253
BOD.ear,BOD,6,8,166,False,False,71.1,25.9,3.0,0,57.8,46,27.7,5.74,25,15,3,0,PER.hear,59,0.265,"[{""atom"": ""PER.hear"", ""overlap"": 59, ""jaccard"": 0.265}, {""atom"": ""PER.feel"", ""overlap"": 54, ""jaccard"": 0.153}, {""atom"": ""BOD.eye"", ""overlap"": 45, ""jaccard"": 0.153}, {""atom"": ""PER.touch"", ""overlap"": 29, ""jaccard"": 0.037}, {""atom"": ""SOC.request"", ""overlap"": 26, ""jaccard"": 0.055}]",BOD.eye,45,0,38,151,163,166
BOD.eye,BOD,6,8,173,False,False,66.5,32.9,0.6,0,34.5,33,19.1,5.8,22,13,2,0,PER.see,75,0.281,"[{""atom"": ""PER.see"", ""overlap"": 75, ""jaccard"": 0.281}, {""atom"": ""PER.feel"", ""overlap"": 56, ""jaccard"": 0.157}, {""atom"": ""BOD.ear"", ""overlap"": 45, ""jaccard"": 0.153}, {""atom"": ""PER.taste"", ""overlap"": 35, ""jaccard"": 0.119}, {""atom"": ""PER.smell"", ""overlap"": 35, ""jaccard"": 0.148}]",BOD.ear,45,0,37,160,171,173
BOD.face,BOD,6,13,215,False,False,90.2,7.4,2.3,0,46.1,33,15.3,5.33,17,11,0,0,VAL.ugliness,46,0.16,"[{""atom"": ""VAL.ugliness"", ""overlap"": 46, ""jaccard"": 0.16}, {""atom"": ""VAL.beauty"", ""overlap"": 46, ""jaccard"": 0.106}, {""atom"": ""ABS.bound"", ""overlap"": 45, ""jaccard"": 0.064}, {""atom"": ""PRP.low"", ""overlap"": 42, ""jaccard"": 0.149}, {""atom"": ""PRP.part"", ""overlap"": 32, ""jaccard"": 0.027}]",BOD.head,17,0,18,204,215,215
BOD.foot,BOD,6,7,187,False,False,76.5,23.0,0.5,0,23.0,38,20.3,3.91,13,6,0,0,ACT.move,113,0.035,"[{""atom"": ""ACT.move"", ""overlap"": 113, ""jaccard"": 0.035}, {""atom"": ""ACT.go"", ""overlap"": 76, ""jaccard"": 0.098}, {""atom"": ""ACT.sit"", ""overlap"": 14, ""jaccard"": 0.022}, {""atom"": ""CHG.advance"", ""overlap"": 13, ""jaccard"": 0.02}, {""atom"": ""SOC.homeless"", ""overlap"": 12, ""jaccard"": 0.007}]",BOD.hand,5,0,0,181,187,187
BOD.hand,BOD,6,15,112,False,False,83.0,16.1,0.9,0,20.2,41,36.6,3.57,10,3,0,0,ACT.take,13,0.036,"[{""atom"": ""ACT.take"", ""overlap"": 13, ""jaccard"": 0.036}, {""atom"": ""COG.know"", ""overlap"": 13, ""jaccard"": 0.046}, {""atom"": ""SPC.place"", ""overlap"": 13, ""jaccard"": 0.012}, {""atom"": ""PER.touch"", ""overlap"": 9, ""jaccard"": 0.012}, {""atom"": ""COG.enlightenment"", ""overlap"": 9, ""jaccard"": 0.026}]",BOD.foot,5,0,2,109,112,112
BOD.head,BOD,6,9,270,False,False,88.5,10.4,1.1,0,79.2,71,26.3,4.63,13,9,2,0,PRP.part,114,0.097,"[{""atom"": ""PRP.part"", ""overlap"": 114, ""jaccard"": 0.097}, {""atom"": ""BEI.root"", ""overlap"": 91, ""jaccard"": 0.211}, {""atom"": ""FND.mind"", ""overlap"": 74, ""jaccard"": 0.139}, {""atom"": ""EXS.spirit"", ""overlap"": 48, ""jaccard"": 0.119}, {""atom"": ""FND.information"", ""overlap"": 37, ""jaccard"": 0.033}]",BOD.face,17,0,17,261,268,270
BOD.hip,BOD,6,11,248,False,False,99.6,0,0.4,0,88.1,73,29.4,4.0,10,3,0,0,PRP.part,168,0.153,"[{""atom"": ""PRP.part"", ""overlap"": 168, ""jaccard"": 0.153}, {""atom"": ""ACT.sit"", ""overlap"": 98, ""jaccard"": 0.163}, {""atom"": ""PRP.small"", ""overlap"": 98, ""jaccard"": 0.274}, {""atom"": ""PRP.short"", ""overlap"": 39, ""jaccard"": 0.092}, {""atom"": ""PRP.fast"", ""overlap"": 38, ""jaccard"": 0.12}]",BOD.mouth,2,0,2,245,248,248
BOD.mouth,BOD,6,12,656,False,False,44.5,54.6,0.9,0,21.8,46,7.0,4.77,14,26,5,0,COM.speak,509,0.536,"[{""atom"": ""COM.speak"", ""overlap"": 509, ""jaccard"": 0.536}, {""atom"": ""CHG.begin"", ""overlap"": 109, ""jaccard"": 0.112}, {""atom"": ""SOC.individual"", ""overlap"": 86, ""jaccard"": 0.011}, {""atom"": ""EXS.being"", ""overlap"": 61, ""jaccard"": 0.012}, {""atom"": ""FND.language"", ""overlap"": 56, ""jaccard"": 0.039}]",BOD.hip,2,0,1,630,651,656
CHG.advance,CHG,6,17,463,False,False,10.2,89.8,0,0,73.6,8,1.7,10.63,27,84,15,0,ACT.move,410,0.128,"[{""atom"": ""ACT.move"", ""overlap"": 410, ""jaccard"": 0.128}, {""atom"": ""SOC.pass"", ""overlap"": 213, ""jaccard"": 0.314}, {""atom"": ""ACT.go"", ""overlap"": 210, ""jaccard"": 0.228}, {""atom"": ""SOC.homeless"", ""overlap"": 209, ""jaccard"": 0.124}, {""atom"": ""ACT.descend"", ""overlap"": 204, ""jaccard"": 0.21}]",CHG.retreat,193,1,255,379,448,463
CHG.begin,CHG,6,15,423,False,False,32.4,66.7,0.9,0,68.4,11,2.6,7.7,18,32,6,0,SOC.attack,170,0.354,"[{""atom"": ""SOC.attack"", ""overlap"": 170, ""jaccard"": 0.354}, {""atom"": ""ACT.create"", ""overlap"": 159, ""jaccard"": 0.074}, {""atom"": ""ACT.descend"", ""overlap"": 153, ""jaccard"": 0.156}, {""atom"": ""SOC.pass"", ""overlap"": 150, ""jaccard"": 0.214}, {""atom"": ""ACT.sink"", ""overlap"": 145, ""jaccard"": 0.229}]",CHG.end,9,0,6,391,417,423
CHG.decay,CHG,6,13,450,False,False,10.7,88.0,1.3,0,79.4,10,2.2,15.65,29,202,17,0,FND.transformation,424,0.152,"[{""atom"": ""FND.transformation"", ""overlap"": 424, ""jaccard"": 0.152}, {""atom"": ""CHG.grow"", ""overlap"": 310, ""jaccard"": 0.255}, {""atom"": ""COG.learn"", ""overlap"": 296, ""jaccard"": 0.352}, {""atom"": ""ACT.make"", ""overlap"": 296, ""jaccard"": 0.167}, {""atom"": ""CHG.retreat"", ""overlap"": 296, ""jaccard"": 0.427}]",CHG.grow,310,0,349,248,433,450
CHG.end,CHG,6,7,967,False,False,15.4,83.8,0.8,0,72.9,31,3.2,14.3,27,311,17,0,FND.transformation,718,0.238,"[{""atom"": ""FND.transformation"", ""overlap"": 718, ""jaccard"": 0.238}, {""atom"": ""ACT.create"", ""overlap"": 714, ""jaccard"": 0.336}, {""atom"": ""CHG.grow"", ""overlap"": 697, ""jaccard"": 0.517}, {""atom"": ""EXS.nonbeing"", ""overlap"": 696, ""jaccard"": 0.608}, {""atom"": ""PRP.smooth"", ""overlap"": 695, ""jaccard"": 0.638}]",CHG.begin,9,1,4,656,950,967
CHG.grow,CHG,6,15,1078,False,False,5.8,93.3,0.8,0,82.1,49,4.5,14.82,27,368,23,0,FND.transformation,935,0.322,"[{""atom"": ""FND.transformation"", ""overlap"": 935, ""jaccard"": 0.322}, {""atom"": ""ACT.create"", ""overlap"": 733, ""jaccard"": 0.331}, {""atom"": ""EXS.void"", ""overlap"": 707, ""jaccard"": 0.55}, {""atom"": ""SOC.awake"", ""overlap"": 707, ""jaccard"": 0.567}, {""atom"": ""PRP.smooth"", ""overlap"": 699, ""jaccard"": 0.584}]",CHG.decay,310,1,469,710,1055,1078
CHG.retreat,CHG,6,13,539,False,False,3.7,95.9,0.4,0,88.8,7,1.3,15.83,29,221,20,0,ACT.descend,465,0.591,"[{""atom"": ""ACT.descend"", ""overlap"": 465, ""jaccard"": 0.591}, {""atom"": ""FND.transformation"", ""overlap"": 357, ""jaccard"": 0.121}, {""atom"": ""ACT.rise"", ""overlap"": 317, ""jaccard"": 0.402}, {""atom"": ""ACT.make"", ""overlap"": 314, ""jaccard"": 0.171}, {""atom"": ""CHG.grow"", ""overlap"": 303, ""jaccard"": 0.231}]",CHG.advance,193,1,243,318,519,539
CHG.stay,CHG,6,18,367,False,False,28.9,70.3,0.8,0,67.7,26,7.1,10.58,26,70,10,0,EXS.being,231,0.048,"[{""atom"": ""EXS.being"", ""overlap"": 231, ""jaccard"": 0.048}, {""atom"": ""ACT.go"", ""overlap"": 202, ""jaccard"": 0.243}, {""atom"": ""TIM.appear"", ""overlap"": 197, ""jaccard"": 0.442}, {""atom"": ""FND.number"", ""overlap"": 196, ""jaccard"": 0.196}, {""atom"": ""ACT.receive"", ""overlap"": 195, ""jaccard"": 0.428}]",COG.separate,2,0,2,297,357,367
COG.confusion,COG,6,34,353,False,False,31.2,64.9,4.0,0,62.2,19,5.4,10.22,27,66,10,0,EXS.being,237,0.049,"[{""atom"": ""EXS.being"", ""overlap"": 237, ""jaccard"": 0.049}, {""atom"": ""ACT.receive"", ""overlap"": 194, ""jaccard"": 0.438}, {""atom"": ""PER.stench"", ""overlap"": 193, ""jaccard"": 0.389}, {""atom"": ""TIM.appear"", ""overlap"": 193, ""jaccard"": 0.443}, {""atom"": ""FND.number"", ""overlap"": 193, ""jaccard"": 0.195}]",COG.enlightenment,7,0,6,287,343,353
COG.enlightenment,COG,6,7,247,False,False,55.9,38.1,6.1,0,31.3,13,5.3,7.26,18,25,6,0,COG.know,132,0.439,"[{""atom"": ""COG.know"", ""overlap"": 132, ""jaccard"": 0.439}, {""atom"": ""CHG.begin"", ""overlap"": 82, ""jaccard"": 0.139}, {""atom"": ""SOC.nation"", ""overlap"": 76, ""jaccard"": 0.135}, {""atom"": ""SOC.public"", ""overlap"": 76, ""jaccard"": 0.273}, {""atom"": ""STA.poverty"", ""overlap"": 76, ""jaccard"": 0.228}]",COG.confusion,7,0,0,222,241,247
COG.forget,COG,6,9,88,False,False,58.0,42.0,0,0,38.8,7,8.0,7.27,25,7,2,0,ACT.stop,39,0.162,"[{""atom"": ""ACT.stop"", ""overlap"": 39, ""jaccard"": 0.162}, {""atom"": ""SPC.place"", ""overlap"": 39, ""jaccard"": 0.039}, {""atom"": ""VAL.sacred"", ""overlap"": 38, ""jaccard"": 0.279}, {""atom"": ""FND.memoryless"", ""overlap"": 21, ""jaccard"": 0.108}, {""atom"": ""ACT.move"", ""overlap"": 12, ""jaccard"": 0.004}]",COG.remember,1,1,0,81,86,88
COG.ignorance,COG,6,10,97,False,False,69.1,1.0,29.9,0,43.3,3,3.1,8.21,22,10,0,0,FND.history,55,0.333,"[{""atom"": ""FND.history"", ""overlap"": 55, ""jaccard"": 0.333}, {""atom"": ""CHG.end"", ""overlap"": 55, ""jaccard"": 0.055}, {""atom"": ""EXS.matter"", ""overlap"": 55, ""jaccard"": 0.024}, {""atom"": ""WLD.culture"", ""overlap"": 55, ""jaccard"": 0.348}, {""atom"": ""MAT.food"", ""overlap"": 55, ""jaccard"": 0.032}]",COG.know,3,0,0,87,97,97
COG.instinct,COG,6,12,62,False,False,77.4,3.2,19.4,0,35.3,0,0.0,5.06,13,2,0,0,FND.intuition,53,0.5,"[{""atom"": ""FND.intuition"", ""overlap"": 53, ""jaccard"": 0.5}, {""atom"": ""FND.memory"", ""overlap"": 19, ""jaccard"": 0.112}, {""atom"": ""WLD.nonscience"", ""overlap"": 16, ""jaccard"": 0.02}, {""atom"": ""COG.unlearned"", ""overlap"": 6, ""jaccard"": 0.055}, {""atom"": ""PER.feel"", ""overlap"": 5, ""jaccard"": 0.017}]",COG.intention,0,0,0,60,62,62
COG.intention,COG,6,15,111,False,False,30.6,67.6,1.8,0,40.5,6,5.4,7.48,19,13,3,0,ACT.build,58,0.05,"[{""atom"": ""ACT.build"", ""overlap"": 58, ""jaccard"": 0.05}, {""atom"": ""ACT.make"", ""overlap"": 57, ""jaccard"": 0.034}, {""atom"": ""ACT.create"", ""overlap"": 57, ""jaccard"": 0.03}, {""atom"": ""COG.think"", ""overlap"": 41, ""jaccard"": 0.054}, {""atom"": ""CHG.end"", ""overlap"": 35, ""jaccard"": 0.034}]",COG.instinct,0,0,0,98,108,111
COG.know,COG,6,9,186,False,False,28.0,55.9,16.1,0,6.5,7,3.8,7.11,20,20,6,0,COG.enlightenment,132,0.439,"[{""atom"": ""COG.enlightenment"", ""overlap"": 132, ""jaccard"": 0.439}, {""atom"": ""FND.consciousness"", ""overlap"": 41, ""jaccard"": 0.166}, {""atom"": ""ACT.create"", ""overlap"": 30, ""jaccard"": 0.015}, {""atom"": ""SOC.individual"", ""overlap"": 25, ""jaccard"": 0.003}, {""atom"": ""FND.transformation"", ""overlap"": 23, ""jaccard"": 0.008}]",COG.ignorance,3,2,1,166,180,186
COG.learn,COG,6,23,686,False,False,19.8,78.9,1.3,0,48.8,54,7.9,12.27,28,214,19,0,FND.transformation,352,0.114,"[{""atom"": ""FND.transformation"", ""overlap"": 352, ""jaccard"": 0.114}, {""atom"": ""ACT.make"", ""overlap"": 344, ""jaccard"": 0.176}, {""atom"": ""CHG.grow"", ""overlap"": 338, ""jaccard"": 0.237}, {""atom"": ""ACT.obtain"", ""overlap"": 334, ""jaccard"": 0.326}, {""atom"": ""ECO.buy"", ""overlap"": 329, ""jaccard"": 0.392}]",COG.unlearned,23,0,4,472,667,686
COG.mindless,COG,6,9,24,False,False,20.8,0,79.2,0,0.0,11,45.8,2.0,3,0,0,0,FND.unconscious,6,0.076,"[{""atom"": ""FND.unconscious"", ""overlap"": 6, ""jaccard"": 0.076}, {""atom"": ""FND.memoryless"", ""overlap"": 3, ""jaccard"": 0.02}, {""atom"": ""SOC.individual"", ""overlap"": 3, ""jaccard"": 0.0}, {""atom"": ""COM.answer"", ""overlap"": 2, ""jaccard"": 0.004}, {""atom"": ""ABS.foolish"", ""overlap"": 2, ""jaccard"": 0.016}]",COG.think,0,0,0,24,24,24
COG.remember,COG,5,13,102,False,False,30.4,66.7,2.9,0,17.5,11,10.8,5.81,16,6,0,0,COG.think,37,0.049,"[{""atom"": ""COG.think"", ""overlap"": 37, ""jaccard"": 0.049}, {""atom"": ""COG.learn"", ""overlap"": 28, ""jaccard"": 0.037}, {""atom"": ""FND.memory"", ""overlap"": 26, ""jaccard"": 0.129}, {""atom"": ""SOC.individual"", ""overlap"": 18, ""jaccard"": 0.002}, {""atom"": ""FND.transformation"", ""overlap"": 17, ""jaccard"": 0.006}]",COG.forget,1,0,0,96,102,102
COG.separate,COG,6,14,202,False,False,36.6,60.9,2.5,0,33.7,35,17.3,6.49,20,27,1,0,FND.transformation,116,0.041,"[{""atom"": ""FND.transformation"", ""overlap"": 116, ""jaccard"": 0.041}, {""atom"": ""CHG.decay"", ""overlap"": 92, ""jaccard"": 0.164}, {""atom"": ""ACT.dissolve"", ""overlap"": 63, ""jaccard"": 0.222}, {""atom"": ""CHG.grow"", ""overlap"": 32, ""jaccard"": 0.026}, {""atom"": ""COM.conduct"", ""overlap"": 30, ""jaccard"": 0.025}]",CHG.stay,2,0,0,175,201,202
COG.think,COG,6,11,691,False,False,30.2,64.4,5.4,0,7.0,151,21.9,5.63,18,52,5,0,SOC.individual,132,0.017,"[{""atom"": ""SOC.individual"", ""overlap"": 132, ""jaccard"": 0.017}, {""atom"": ""EXS.being"", ""overlap"": 110, ""jaccard"": 0.021}, {""atom"": ""ACT.create"", ""overlap"": 90, ""jaccard"": 0.036}, {""atom"": ""COM.announce"", ""overlap"": 85, ""jaccard"": 0.089}, {""atom"": ""ACT.make"", ""overlap"": 74, ""jaccard"": 0.033}]",COG.mindless,0,0,0,639,686,691
COG.unlearned,COG,6,10,53,False,False,7.5,54.7,37.7,0,37.9,6,11.3,5.15,15,2,1,0,COG.learn,23,0.032,"[{""atom"": ""COG.learn"", ""overlap"": 23, ""jaccard"": 0.032}, {""atom"": ""COM.teach"", ""overlap"": 22, ""jaccard"": 0.078}, {""atom"": ""FND.uninformed"", ""overlap"": 12, ""jaccard"": 0.162}, {""atom"": ""COG.ignorance"", ""overlap"": 10, ""jaccard"": 0.071}, {""atom"": ""CHG.grow"", ""overlap"": 6, ""jaccard"": 0.005}]",COG.learn,23,0,24,51,52,53
COM.announce,COM,6,6,352,False,False,22.7,74.7,2.6,0,38.6,62,17.6,6.58,19,38,4,0,COG.think,85,0.089,"[{""atom"": ""COG.think"", ""overlap"": 85, ""jaccard"": 0.089}, {""atom"": ""COG.learn"", ""overlap"": 83, ""jaccard"": 0.087}, {""atom"": ""COM.teach"", ""overlap"": 73, ""jaccard"": 0.138}, {""atom"": ""PRP.sharp"", ""overlap"": 72, ""jaccard"": 0.153}, {""atom"": ""COM.speak"", ""overlap"": 71, ""jaccard"": 0.066}]",COM.secret,4,0,3,314,348,352
COM.answer,COM,6,8,486,False,False,86.0,10.7,3.3,0,36.5,189,38.9,3.43,11,15,1,0,LOG.effect,76,0.092,"[{""atom"": ""LOG.effect"", ""overlap"": 76, ""jaccard"": 0.092}, {""atom"": ""VAL.falsehood"", ""overlap"": 63, ""jaccard"": 0.102}, {""atom"": ""STA.healing"", ""overlap"": 61, ""jaccard"": 0.072}, {""atom"": ""FND.language"", ""overlap"": 49, ""jaccard"": 0.038}, {""atom"": ""COM.speak"", ""overlap"": 45, ""jaccard"": 0.036}]",COM.question,3,0,3,471,485,486
COM.conduct,COM,6,14,1026,False,False,76.9,20.7,2.4,0,30.9,264,25.7,5.73,18,81,7,0,FND.transformation,208,0.058,"[{""atom"": ""FND.transformation"", ""overlap"": 208, ""jaccard"": 0.058}, {""atom"": ""COM.practice"", ""overlap"": 192, ""jaccard"": 0.154}, {""atom"": ""SOC.work"", ""overlap"": 178, ""jaccard"": 0.082}, {""atom"": ""EXS.being"", ""overlap"": 166, ""jaccard"": 0.03}, {""atom"": ""ECO.waste"", ""overlap"": 162, ""jaccard"": 0.119}]",COM.muteness,17,0,15,945,1019,1026
COM.conflict,COM,6,17,349,False,False,86.5,11.2,2.3,0,65.5,103,29.5,4.69,15,16,0,0,EXS.being,136,0.028,"[{""atom"": ""EXS.being"", ""overlap"": 136, ""jaccard"": 0.028}, {""atom"": ""COM.conduct"", ""overlap"": 118, ""jaccard"": 0.094}, {""atom"": ""EXS.death"", ""overlap"": 117, ""jaccard"": 0.21}, {""atom"": ""EXS.nonbeing"", ""overlap"": 116, ""jaccard"": 0.105}, {""atom"": ""BOD.mouth"", ""overlap"": 34, ""jaccard"": 0.035}]",COM.cooperate,1,0,1,333,349,349
COM.cooperate,COM,4,6,818,False,False,3.1,96.5,0.5,0,88.2,2,0.2,15.16,27,293,16,0,ACT.create,702,0.353,"[{""atom"": ""ACT.create"", ""overlap"": 702, ""jaccard"": 0.353}, {""atom"": ""FND.transformation"", ""overlap"": 700, ""jaccard"": 0.243}, {""atom"": ""CHG.grow"", ""overlap"": 697, ""jaccard"": 0.581}, {""atom"": ""EXS.nonbeing"", ""overlap"": 694, ""jaccard"": 0.696}, {""atom"": ""CHG.end"", ""overlap"": 694, ""jaccard"": 0.636}]",COM.conflict,1,0,0,525,802,818
COM.muteness,COM,6,8,210,False,False,94.8,1.0,4.3,0,84.6,12,5.7,9.7,18,18,0,0,COM.silence,184,0.641,"[{""atom"": ""COM.silence"", ""overlap"": 184, ""jaccard"": 0.641}, {""atom"": ""STA.health"", ""overlap"": 174, ""jaccard"": 0.659}, {""atom"": ""EMO.despair"", ""overlap"": 174, ""jaccard"": 0.535}, {""atom"": ""SPC.direction"", ""overlap"": 174, ""jaccard"": 0.285}, {""atom"": ""STA.danger"", ""overlap"": 174, ""jaccard"": 0.527}]",COM.conduct,17,0,15,192,210,210
COM.practice,COM,6,8,414,False,False,77.1,19.1,3.9,0,49.5,120,29.0,5.91,17,29,3,0,COM.conduct,192,0.154,"[{""atom"": ""COM.conduct"", ""overlap"": 192, ""jaccard"": 0.154}, {""atom"": ""SOC.work"", ""overlap"": 170, ""jaccard"": 0.109}, {""atom"": ""FND.play"", ""overlap"": 160, ""jaccard"": 0.237}, {""atom"": ""FND.spatiality"", ""overlap"": 156, ""jaccard"": 0.218}, {""atom"": ""ECO.waste"", ""overlap"": 155, ""jaccard"": 0.205}]",COM.teach,10,0,9,385,411,414
COM.question,COM,6,11,116,False,False,68.1,29.3,2.6,0,10.3,40,34.5,3.66,11,2,0,0,COG.learn,23,0.03,"[{""atom"": ""COG.learn"", ""overlap"": 23, ""jaccard"": 0.03}, {""atom"": ""FND.mind"", ""overlap"": 20, ""jaccard"": 0.046}, {""atom"": ""EMO.doubt"", ""overlap"": 19, ""jaccard"": 0.093}, {""atom"": ""SOC.work"", ""overlap"": 18, ""jaccard"": 0.013}, {""atom"": ""COG.think"", ""overlap"": 17, ""jaccard"": 0.022}]",COM.answer,3,0,1,114,116,116
COM.secret,COM,6,11,138,False,False,54.3,38.4,7.2,0,28.0,18,13.0,4.07,14,2,0,0,FND.information,46,0.047,"[{""atom"": ""FND.information"", ""overlap"": 46, ""jaccard"": 0.047}, {""atom"": ""SOC.obstruct"", ""overlap"": 33, ""jaccard"": 0.116}, {""atom"": ""COG.confusion"", ""overlap"": 18, ""jaccard"": 0.038}, {""atom"": ""PRP.whole"", ""overlap"": 15, ""jaccard"": 0.009}, {""atom"": ""MAT.clothing"", ""overlap"": 13, ""jaccard"": 0.011}]",COM.announce,4,1,1,136,138,138
COM.silence,COM,6,9,261,False,False,92.7,1.5,5.7,0,79.8,25,9.6,8.51,17,20,0,0,COM.muteness,184,0.641,"[{""atom"": ""COM.muteness"", ""overlap"": 184, ""jaccard"": 0.641}, {""atom"": ""SPC.direction"", ""overlap"": 176, ""jaccard"": 0.267}, {""atom"": ""STA.comfort"", ""overlap"": 175, ""jaccard"": 0.312}, {""atom"": ""PRP.dark"", ""overlap"": 175, ""jaccard"": 0.274}, {""atom"": ""ELM.darkness"", ""overlap"": 174, ""jaccard"": 0.532}]",COM.speak,2,0,2,241,261,261
COM.speak,COM,6,11,802,False,False,35.8,61.7,2.5,0,11.1,58,7.2,5.02,15,38,7,0,BOD.mouth,509,0.536,"[{""atom"": ""BOD.mouth"", ""overlap"": 509, ""jaccard"": 0.536}, {""atom"": ""SOC.individual"", ""overlap"": 133, ""jaccard"": 0.017}, {""atom"": ""CHG.begin"", ""overlap"": 109, ""jaccard"": 0.098}, {""atom"": ""EXS.being"", ""overlap"": 78, ""jaccard"": 0.014}, {""atom"": ""ACT.move"", ""overlap"": 75, ""jaccard"": 0.019}]",COM.silence,2,0,0,764,795,802
COM.teach,COM,6,12,251,False,False,21.9,76.1,2.0,0,43.5,25,10.0,7.44,21,35,4,0,COG.learn,154,0.197,"[{""atom"": ""COG.learn"", ""overlap"": 154, ""jaccard"": 0.197}, {""atom"": ""COM.announce"", ""overlap"": 73, ""jaccard"": 0.138}, {""atom"": ""PRP.sharp"", ""overlap"": 67, ""jaccard"": 0.179}, {""atom"": ""FND.transformation"", ""overlap"": 54, ""jaccard"": 0.018}, {""atom"": ""ACT.create"", ""overlap"": 54, ""jaccard"": 0.026}]",COM.practice,10,0,2,216,247,251
ECO.buy,ECO,6,12,482,False,False,13.1,86.3,0.6,0,79.9,11,2.3,15.52,30,207,19,0,ACT.obtain,411,0.552,"[{""atom"": ""ACT.obtain"", ""overlap"": 411, ""jaccard"": 0.552}, {""atom"": ""FND.transformation"", ""overlap"": 342, ""jaccard"": 0.118}, {""atom"": ""ACT.make"", ""overlap"": 334, ""jaccard"": 0.189}, {""atom"": ""CHG.grow"", ""overlap"": 330, ""jaccard"": 0.268}, {""atom"": ""COG.learn"", ""overlap"": 329, ""jaccard"": 0.392}]",ECO.sell,9,0,10,275,463,482
ECO.currency,ECO,6,15,158,False,False,96.2,0,3.8,0,22.5,70,44.3,3.23,8,1,1,0,ECO.money,66,0.239,"[{""atom"": ""ECO.money"", ""overlap"": 66, ""jaccard"": 0.239}, {""atom"": ""EMO.satisfaction"", ""overlap"": 39, ""jaccard"": 0.121}, {""atom"": ""ECO.pay"", ""overlap"": 38, ""jaccard"": 0.065}, {""atom"": ""ECO.price"", ""overlap"": 38, ""jaccard"": 0.082}, {""atom"": ""ACT.give"", ""overlap"": 13, ""jaccard"": 0.014}]",ECO.money,66,1,49,157,157,158
ECO.earn,ECO,6,25,223,False,False,48.0,51.6,0.4,0,42.0,13,5.8,7.04,25,27,5,0,ACT.obtain,103,0.13,"[{""atom"": ""ACT.obtain"", ""overlap"": 103, ""jaccard"": 0.13}, {""atom"": ""ECO.income"", ""overlap"": 87, ""jaccard"": 0.299}, {""atom"": ""ECO.buy"", ""overlap"": 71, ""jaccard"": 0.112}, {""atom"": ""STA.healing"", ""overlap"": 66, ""jaccard"": 0.114}, {""atom"": ""ACT.arrive"", ""overlap"": 40, ""jaccard"": 0.115}]",ECO.loss,1,0,0,196,218,223
ECO.income,ECO,5,17,155,False,False,89.0,10.3,0.6,0,25.5,13,8.4,4.1,13,6,1,0,ECO.earn,87,0.299,"[{""atom"": ""ECO.earn"", ""overlap"": 87, ""jaccard"": 0.299}, {""atom"": ""ECO.pay"", ""overlap"": 33, ""jaccard"": 0.057}, {""atom"": ""ECO.save"", ""overlap"": 24, ""jaccard"": 0.07}, {""atom"": ""ECO.loss"", ""overlap"": 23, ""jaccard"": 0.102}, {""atom"": ""ECO.price"", ""overlap"": 19, ""jaccard"": 0.04}]",ECO.pay,33,0,11,149,154,155
ECO.loss,ECO,6,8,94,False,False,87.2,12.8,0,0,66.3,26,27.7,4.23,14,3,1,0,ECO.income,23,0.102,"[{""atom"": ""ECO.income"", ""overlap"": 23, ""jaccard"": 0.102}, {""atom"": ""FND.number"", ""overlap"": 10, ""jaccard"": 0.011}, {""atom"": ""SOC.individual"", ""overlap"": 10, ""jaccard"": 0.001}, {""atom"": ""FND.transformation"", ""overlap"": 10, ""jaccard"": 0.004}, {""atom"": ""PER.touch"", ""overlap"": 9, ""jaccard"": 0.012}]",ECO.earn,1,0,1,91,93,94
ECO.money,ECO,6,9,184,False,False,94.6,3.8,1.6,0,41.8,78,42.4,3.33,10,1,0,0,ECO.currency,66,0.239,"[{""atom"": ""ECO.currency"", ""overlap"": 66, ""jaccard"": 0.239}, {""atom"": ""ECO.pay"", ""overlap"": 46, ""jaccard"": 0.077}, {""atom"": ""EMO.satisfaction"", ""overlap"": 40, ""jaccard"": 0.116}, {""atom"": ""ECO.price"", ""overlap"": 39, ""jaccard"": 0.08}, {""atom"": ""ACT.give"", ""overlap"": 24, ""jaccard"": 0.026}]",ECO.currency,66,1,52,183,184,184
ECO.pay,ECO,6,9,462,False,False,53.0,45.5,1.5,0,20.0,73,15.8,4.88,18,32,4,0,ACT.give,188,0.183,"[{""atom"": ""ACT.give"", ""overlap"": 188, ""jaccard"": 0.183}, {""atom"": ""ECO.price"", ""overlap"": 129, ""jaccard"": 0.191}, {""atom"": ""ECO.buy"", ""overlap"": 62, ""jaccard"": 0.07}, {""atom"": ""ECO.money"", ""overlap"": 46, ""jaccard"": 0.077}, {""atom"": ""FND.transformation"", ""overlap"": 45, ""jaccard"": 0.014}]",ECO.income,33,0,3,430,458,462
ECO.price,ECO,6,9,344,False,False,89.8,6.1,4.1,0,21.9,133,38.7,3.13,8,6,0,0,ECO.pay,129,0.191,"[{""atom"": ""ECO.pay"", ""overlap"": 129, ""jaccard"": 0.191}, {""atom"": ""EMO.satisfaction"", ""overlap"": 41, ""jaccard"": 0.081}, {""atom"": ""ECO.money"", ""overlap"": 39, ""jaccard"": 0.08}, {""atom"": ""ECO.currency"", ""overlap"": 38, ""jaccard"": 0.082}, {""atom"": ""ACT.give"", ""overlap"": 36, ""jaccard"": 0.034}]",ECO.waste,8,0,1,338,344,344
ECO.save,ECO,6,18,211,False,False,40.8,58.8,0.5,0,12.2,52,24.6,5.5,17,14,3,0,ECO.earn,30,0.074,"[{""atom"": ""ECO.earn"", ""overlap"": 30, ""jaccard"": 0.074}, {""atom"": ""SOC.individual"", ""overlap"": 29, ""jaccard"": 0.004}, {""atom"": ""SOC.refuse"", ""overlap"": 26, ""jaccard"": 0.059}, {""atom"": ""ECO.income"", ""overlap"": 24, ""jaccard"": 0.07}, {""atom"": ""ACT.give"", ""overlap"": 22, ""jaccard"": 0.023}]",ECO.withdraw,2,0,0,197,208,211
ECO.sell,ECO,6,13,167,False,False,46.1,52.7,1.2,0,39.5,71,42.5,4.63,16,9,3,0,ECO.pay,32,0.054,"[{""atom"": ""ECO.pay"", ""overlap"": 32, ""jaccard"": 0.054}, {""atom"": ""ACT.create"", ""overlap"": 23, ""jaccard"": 0.011}, {""atom"": ""ACT.move"", ""overlap"": 19, ""jaccard"": 0.006}, {""atom"": ""SOC.individual"", ""overlap"": 18, ""jaccard"": 0.002}, {""atom"": ""ACT.make"", ""overlap"": 17, ""jaccard"": 0.01}]",ECO.buy,9,0,6,158,164,167
ECO.waste,ECO,6,19,497,False,False,94.4,3.4,2.2,0,69.3,65,13.1,5.5,14,19,0,0,EXS.matter,168,0.065,"[{""atom"": ""EXS.matter"", ""overlap"": 168, ""jaccard"": 0.065}, {""atom"": ""COM.conduct"", ""overlap"": 162, ""jaccard"": 0.119}, {""atom"": ""SOC.work"", ""overlap"": 159, ""jaccard"": 0.096}, {""atom"": ""FND.spatiality"", ""overlap"": 157, ""jaccard"": 0.197}, {""atom"": ""COM.practice"", ""overlap"": 155, ""jaccard"": 0.205}]",ECO.price,8,0,6,478,497,497
ECO.withdraw,ECO,6,14,268,False,False,8.6,91.0,0.4,0,58.5,88,32.8,5.49,20,26,5,0,ACT.move,67,0.02,"[{""atom"": ""ACT.move"", ""overlap"": 67, ""jaccard"": 0.02}, {""atom"": ""SOC.homeless"", ""overlap"": 50, ""jaccard"": 0.03}, {""atom"": ""FND.transformation"", ""overlap"": 36, ""jaccard"": 0.012}, {""atom"": ""ACT.create"", ""overlap"": 29, ""jaccard"": 0.014}, {""atom"": ""ACT.agitate"", ""overlap"": 28, ""jaccard"": 0.038}]",ECO.save,2,0,1,242,263,268
ELM.darkness,ELM,6,9,240,False,False,90.8,2.1,7.1,0,67.5,10,4.2,9.3,18,20,0,0,PRP.dark,216,0.374,"[{""atom"": ""PRP.dark"", ""overlap"": 216, ""jaccard"": 0.374}, {""atom"": ""EMO.despair"", ""overlap"": 175, ""jaccard"": 0.494}, {""atom"": ""COM.silence"", ""overlap"": 174, ""jaccard"": 0.532}, {""atom"": ""STA.health"", ""overlap"": 173, ""jaccard"": 0.586}, {""atom"": ""SPC.direction"", ""overlap"": 173, ""jaccard"": 0.27}]",ELM.light,2,0,2,220,240,240
ELM.earth,ELM,6,14,327,False,False,91.7,3.1,5.2,0,48.9,81,24.8,3.94,12,9,0,0,EXS.matter,163,0.068,"[{""atom"": ""EXS.matter"", ""overlap"": 163, ""jaccard"": 0.068}, {""atom"": ""ECO.waste"", ""overlap"": 97, ""jaccard"": 0.133}, {""atom"": ""PRP.whole"", ""overlap"": 76, ""jaccard"": 0.042}, {""atom"": ""SPC.place"", ""overlap"": 68, ""jaccard"": 0.056}, {""atom"": ""PRP.part"", ""overlap"": 67, ""jaccard"": 0.052}]",ELM.wind,0,0,0,318,327,327
ELM.fire,ELM,6,10,222,False,False,85.1,14.0,0.9,0,48.0,84,37.8,3.67,12,4,0,0,PER.touch,85,0.107,"[{""atom"": ""PER.touch"", ""overlap"": 85, ""jaccard"": 0.107}, {""atom"": ""FND.transformation"", ""overlap"": 40, ""jaccard"": 0.014}, {""atom"": ""ACT.move"", ""overlap"": 20, ""jaccard"": 0.006}, {""atom"": ""EXS.being"", ""overlap"": 14, ""jaccard"": 0.003}, {""atom"": ""SOC.individual"", ""overlap"": 10, ""jaccard"": 0.001}]",ELM.water,2,0,2,218,222,222
ELM.light,ELM,6,15,282,False,False,63.1,11.0,25.9,0,17.4,87,30.9,3.21,10,5,0,0,PRP.bright,68,0.234,"[{""atom"": ""PRP.bright"", ""overlap"": 68, ""jaccard"": 0.234}, {""atom"": ""ELM.sun"", ""overlap"": 45, ""jaccard"": 0.09}, {""atom"": ""ELM.moon"", ""overlap"": 42, ""jaccard"": 0.115}, {""atom"": ""EXS.being"", ""overlap"": 23, ""jaccard"": 0.005}, {""atom"": ""FND.transformation"", ""overlap"": 23, ""jaccard"": 0.008}]",ELM.darkness,2,0,0,277,282,282
ELM.moon,ELM,6,6,125,False,False,71.2,26.4,2.4,0,85.0,33,26.4,4.54,14,5,2,0,ELM.light,42,0.115,"[{""atom"": ""ELM.light"", ""overlap"": 42, ""jaccard"": 0.115}, {""atom"": ""ELM.sun"", ""overlap"": 39, ""jaccard"": 0.112}, {""atom"": ""SOC.individual"", ""overlap"": 20, ""jaccard"": 0.003}, {""atom"": ""FND.transformation"", ""overlap"": 14, ""jaccard"": 0.005}, {""atom"": ""FND.labor"", ""overlap"": 13, ""jaccard"": 0.017}]",ELM.sun,39,0,37,120,123,125
ELM.morning,ELM,6,18,280,False,False,88.9,0.4,10.7,0,79.5,77,27.5,6.95,15,11,1,0,TIM.past,176,0.525,"[{""atom"": ""TIM.past"", ""overlap"": 176, ""jaccard"": 0.525}, {""atom"": ""TIM.period"", ""overlap"": 172, ""jaccard"": 0.172}, {""atom"": ""ELM.sun"", ""overlap"": 171, ""jaccard"": 0.461}, {""atom"": ""FND.time"", ""overlap"": 170, ""jaccard"": 0.314}, {""atom"": ""FND.temporality"", ""overlap"": 170, ""jaccard"": 0.328}]",ELM.night,167,0,170,269,279,280
ELM.night,ELM,6,8,220,False,False,92.3,1.4,6.4,0,71.9,0,0.0,9.11,18,15,1,0,TIM.period,178,0.191,"[{""atom"": ""TIM.period"", ""overlap"": 178, ""jaccard"": 0.191}, {""atom"": ""ELM.sun"", ""overlap"": 175, ""jaccard"": 0.57}, {""atom"": ""TIM.past"", ""overlap"": 170, ""jaccard"": 0.605}, {""atom"": ""FND.time"", ""overlap"": 170, ""jaccard"": 0.353}, {""atom"": ""FND.temporality"", ""overlap"": 170, ""jaccard"": 0.37}]",ELM.morning,167,0,173,205,219,220
ELM.sky,ELM,6,18,170,False,False,90.0,5.3,4.7,0,64.6,68,40.0,4.58,13,7,0,0,WLD.outer_realm,73,0.39,"[{""atom"": ""WLD.outer_realm"", ""overlap"": 73, ""jaccard"": 0.39}, {""atom"": ""SPC.outside"", ""overlap"": 72, ""jaccard"": 0.381}, {""atom"": ""SPC.inside"", ""overlap"": 72, ""jaccard"": 0.383}, {""atom"": ""SPC.place"", ""overlap"": 65, ""jaccard"": 0.062}, {""atom"": ""ABS.bound"", ""overlap"": 32, ""jaccard"": 0.047}]",ELM.star,2,0,1,163,170,170
ELM.star,ELM,6,11,98,False,False,85.7,4.1,10.2,0,37.8,39,39.8,2.85,9,3,0,0,BEI.plant,38,0.016,"[{""atom"": ""BEI.plant"", ""overlap"": 38, ""jaccard"": 0.016}, {""atom"": ""SOC.individual"", ""overlap"": 19, ""jaccard"": 0.003}, {""atom"": ""PRP.whole"", ""overlap"": 16, ""jaccard"": 0.01}, {""atom"": ""EXS.being"", ""overlap"": 10, ""jaccard"": 0.002}, {""atom"": ""LOG.cause"", ""overlap"": 10, ""jaccard"": 0.003}]",ELM.sky,2,0,0,95,98,98
ELM.sun,ELM,6,13,262,False,False,96.2,0.8,3.1,0,82.5,15,5.7,8.38,16,15,1,0,FND.time,196,0.394,"[{""atom"": ""FND.time"", ""overlap"": 196, ""jaccard"": 0.394}, {""atom"": ""FND.temporality"", ""overlap"": 196, ""jaccard"": 0.413}, {""atom"": ""TIM.period"", ""overlap"": 180, ""jaccard"": 0.185}, {""atom"": ""ELM.night"", ""overlap"": 175, ""jaccard"": 0.57}, {""atom"": ""TIM.past"", ""overlap"": 172, ""jaccard"": 0.536}]",ELM.moon,39,0,37,247,261,262
ELM.water,ELM,6,8,513,False,False,82.7,5.3,12.1,0,15.0,61,11.9,3.67,9,10,2,0,MAT.drink,302,0.422,"[{""atom"": ""MAT.drink"", ""overlap"": 302, ""jaccard"": 0.422}, {""atom"": ""MAT.food"", ""overlap"": 218, ""jaccard"": 0.109}, {""atom"": ""EXS.matter"", ""overlap"": 70, ""jaccard"": 0.026}, {""atom"": ""NAT.river"", ""overlap"": 58, ""jaccard"": 0.081}, {""atom"": ""PRP.wet"", ""overlap"": 41, ""jaccard"": 0.07}]",ELM.fire,2,0,1,503,511,513
ELM.wind,ELM,6,19,308,False,False,87.7,5.2,7.1,0,27.5,211,68.5,2.15,7,3,0,0,SOC.work,38,0.024,"[{""atom"": ""SOC.work"", ""overlap"": 38, ""jaccard"": 0.024}, {""atom"": ""FND.labor"", ""overlap"": 37, ""jaccard"": 0.04}, {""atom"": ""ACT.move"", ""overlap"": 14, ""jaccard"": 0.004}, {""atom"": ""FND.transformation"", ""overlap"": 9, ""jaccard"": 0.003}, {""atom"": ""COM.conduct"", ""overlap"": 8, ""jaccard"": 0.006}]",ELM.earth,0,0,0,305,308,308
EMO.anger,EMO,6,14,147,False,False,65.3,9.5,25.2,0,21.7,75,51.0,3.55,11,4,0,0,EMO.anxiety,25,0.092,"[{""atom"": ""EMO.anxiety"", ""overlap"": 25, ""jaccard"": 0.092}, {""atom"": ""EMO.joy"", ""overlap"": 25, ""jaccard"": 0.093}, {""atom"": ""EMO.hate"", ""overlap"": 22, ""jaccard"": 0.089}, {""atom"": ""EXS.spirit"", ""overlap"": 22, ""jaccard"": 0.071}, {""atom"": ""EMO.fear"", ""overlap"": 22, ""jaccard"": 0.069}]",EMO.compassion,0,0,0,143,147,147
EMO.anxiety,EMO,6,10,150,False,False,68.7,20.0,11.3,0,29.7,41,27.3,4.41,10,3,0,0,EMO.fear,55,0.189,"[{""atom"": ""EMO.fear"", ""overlap"": 55, ""jaccard"": 0.189}, {""atom"": ""EMO.worry"", ""overlap"": 52, ""jaccard"": 0.201}, {""atom"": ""EMO.anger"", ""overlap"": 25, ""jaccard"": 0.092}, {""atom"": ""EMO.joy"", ""overlap"": 24, ""jaccard"": 0.088}, {""atom"": ""EMO.love"", ""overlap"": 22, ""jaccard"": 0.09}]",EMO.wish,3,0,1,147,150,150
EMO.apology,EMO,3,3,44,False,False,93.2,4.5,2.3,0,58.8,15,34.1,3.32,10,0,0,0,FND.information,17,0.018,"[{""atom"": ""FND.information"", ""overlap"": 17, ""jaccard"": 0.018}, {""atom"": ""LOG.cause"", ""overlap"": 5, ""jaccard"": 0.001}, {""atom"": ""PRP.whole"", ""overlap"": 5, ""jaccard"": 0.003}, {""atom"": ""SOC.defend"", ""overlap"": 5, ""jaccard"": 0.024}, {""atom"": ""CHG.grow"", ""overlap"": 3, ""jaccard"": 0.003}]",EMO.forgiveness,1,0,1,44,44,44
EMO.compassion,EMO,6,8,106,False,False,76.4,7.5,16.0,0,19.3,38,35.8,3.24,11,3,1,0,VAL.good,36,0.198,"[{""atom"": ""VAL.good"", ""overlap"": 36, ""jaccard"": 0.198}, {""atom"": ""EMO.forgiveness"", ""overlap"": 19, ""jaccard"": 0.147}, {""atom"": ""STA.comfort"", ""overlap"": 8, ""jaccard"": 0.014}, {""atom"": ""EMO.pride"", ""overlap"": 5, ""jaccard"": 0.015}, {""atom"": ""VAL.truth"", ""overlap"": 5, ""jaccard"": 0.013}]",EMO.anger,0,0,0,103,105,106
EMO.contempt,EMO,5,11,91,False,False,80.2,17.6,2.2,0,54.8,31,34.1,2.86,8,1,0,0,EMO.dislike,35,0.146,"[{""atom"": ""EMO.dislike"", ""overlap"": 35, ""jaccard"": 0.146}, {""atom"": ""EMO.hate"", ""overlap"": 18, ""jaccard"": 0.092}, {""atom"": ""SOC.individual"", ""overlap"": 7, ""jaccard"": 0.001}, {""atom"": ""SOC.criticize"", ""overlap"": 6, ""jaccard"": 0.017}, {""atom"": ""COM.conduct"", ""overlap"": 6, ""jaccard"": 0.005}]",EMO.respect,3,0,0,90,91,91
EMO.courage,EMO,6,17,128,False,False,56.2,2.3,41.4,0,10.0,100,78.1,2.13,9,4,0,0,SOC.individual,4,0.001,"[{""atom"": ""SOC.individual"", ""overlap"": 4, ""jaccard"": 0.001}, {""atom"": ""EMO.happiness"", ""overlap"": 4, ""jaccard"": 0.012}, {""atom"": ""EMO.unhappiness"", ""overlap"": 4, ""jaccard"": 0.012}, {""atom"": ""EMO.despair"", ""overlap"": 4, ""jaccard"": 0.01}, {""atom"": ""EMO.pride"", ""overlap"": 4, ""jaccard"": 0.011}]",EMO.fear,3,1,0,124,128,128
EMO.desire,EMO,6,14,271,False,False,62.7,29.2,8.1,0,37.6,45,16.6,6.46,17,18,0,0,EMO.wish,119,0.358,"[{""atom"": ""EMO.wish"", ""overlap"": 119, ""jaccard"": 0.358}, {""atom"": ""EMO.unhappiness"", ""overlap"": 72, ""jaccard"": 0.175}, {""atom"": ""EMO.pleasure"", ""overlap"": 71, ""jaccard"": 0.189}, {""atom"": ""EMO.shame"", ""overlap"": 69, ""jaccard"": 0.166}, {""atom"": ""EMO.hope"", ""overlap"": 69, ""jaccard"": 0.212}]",EMO.satisfaction,4,0,3,253,271,271
EMO.despair,EMO,6,12,289,False,False,88.2,5.2,6.6,0,77.9,19,6.6,10.1,19,27,0,0,STA.comfort,178,0.304,"[{""atom"": ""STA.comfort"", ""overlap"": 178, ""jaccard"": 0.304}, {""atom"": ""SPC.direction"", ""overlap"": 178, ""jaccard"": 0.26}, {""atom"": ""PRP.dark"", ""overlap"": 177, ""jaccard"": 0.266}, {""atom"": ""ELM.darkness"", ""overlap"": 175, ""jaccard"": 0.494}, {""atom"": ""STA.danger"", ""overlap"": 175, ""jaccard"": 0.429}]",EMO.hope,68,0,67,262,289,289
EMO.dislike,EMO,5,9,183,False,False,80.9,13.1,6.0,0,47.0,16,8.7,7.32,17,16,0,0,EMO.shame,69,0.211,"[{""atom"": ""EMO.shame"", ""overlap"": 69, ""jaccard"": 0.211}, {""atom"": ""EMO.pleasure"", ""overlap"": 68, ""jaccard"": 0.234}, {""atom"": ""EMO.desire"", ""overlap"": 68, ""jaccard"": 0.176}, {""atom"": ""EMO.wish"", ""overlap"": 68, ""jaccard"": 0.231}, {""atom"": ""EMO.despair"", ""overlap"": 67, ""jaccard"": 0.165}]",EMO.like,0,0,0,167,183,183
EMO.doubt,EMO,6,14,107,False,False,75.7,9.3,15.0,0,33.3,24,22.4,3.8,9,1,0,0,COG.confusion,35,0.082,"[{""atom"": ""COG.confusion"", ""overlap"": 35, ""jaccard"": 0.082}, {""atom"": ""FND.memoryless"", ""overlap"": 35, ""jaccard"": 0.175}, {""atom"": ""FND.consciousness"", ""overlap"": 35, ""jaccard"": 0.201}, {""atom"": ""COM.question"", ""overlap"": 19, ""jaccard"": 0.093}, {""atom"": ""FND.language"", ""overlap"": 12, ""jaccard"": 0.013}]",EMO.trust,2,0,0,106,107,107
EMO.fear,EMO,6,11,196,False,False,55.1,36.2,8.7,0,26.7,58,29.6,4.99,17,11,0,0,EMO.anxiety,55,0.189,"[{""atom"": ""EMO.anxiety"", ""overlap"": 55, ""jaccard"": 0.189}, {""atom"": ""ACT.create"", ""overlap"": 37, ""jaccard"": 0.018}, {""atom"": ""ACT.make"", ""overlap"": 36, ""jaccard"": 0.02}, {""atom"": ""ACT.build"", ""overlap"": 35, ""jaccard"": 0.028}, {""atom"": ""EMO.worry"", ""overlap"": 29, ""jaccard"": 0.088}]",EMO.courage,3,1,1,185,196,196
EMO.forgiveness,EMO,4,5,42,False,False,57.1,42.9,0,0,52.1,10,23.8,4.67,12,2,1,0,EMO.compassion,19,0.147,"[{""atom"": ""EMO.compassion"", ""overlap"": 19, ""jaccard"": 0.147}, {""atom"": ""VAL.good"", ""overlap"": 7, ""jaccard"": 0.048}, {""atom"": ""EXS.being"", ""overlap"": 5, ""jaccard"": 0.001}, {""atom"": ""SOC.individual"", ""overlap"": 5, ""jaccard"": 0.001}, {""atom"": ""ACT.give"", ""overlap"": 4, ""jaccard"": 0.005}]",EMO.apology,1,0,0,40,41,42
EMO.happiness,EMO,6,6,218,False,False,60.1,23.9,16.1,0,42.2,42,19.3,7.23,20,18,1,0,EMO.unhappiness,79,0.224,"[{""atom"": ""EMO.unhappiness"", ""overlap"": 79, ""jaccard"": 0.224}, {""atom"": ""EMO.pride"", ""overlap"": 76, ""jaccard"": 0.199}, {""atom"": ""EMO.pleasure"", ""overlap"": 68, ""jaccard"": 0.209}, {""atom"": ""EMO.desire"", ""overlap"": 68, ""jaccard"": 0.162}, {""atom"": ""EMO.despair"", ""overlap"": 67, ""jaccard"": 0.152}]",EMO.unhappiness,79,1,74,200,217,218
EMO.hate,EMO,4,12,123,False,False,69.1,13.8,17.1,0,16.8,35,28.5,4.2,11,5,0,0,EMO.dislike,40,0.15,"[{""atom"": ""EMO.dislike"", ""overlap"": 40, ""jaccard"": 0.15}, {""atom"": ""EMO.anger"", ""overlap"": 22, ""jaccard"": 0.089}, {""atom"": ""EMO.love"", ""overlap"": 21, ""jaccard"": 0.096}, {""atom"": ""EXS.spirit"", ""overlap"": 21, ""jaccard"": 0.074}, {""atom"": ""EMO.fear"", ""overlap"": 21, ""jaccard"": 0.07}]",EMO.love,21,0,19,118,123,123
EMO.hope,EMO,6,9,124,False,False,83.1,3.2,13.7,0,57.1,9,7.3,9.38,20,15,0,0,EMO.wish,82,0.369,"[{""atom"": ""EMO.wish"", ""overlap"": 82, ""jaccard"": 0.369}, {""atom"": ""EMO.desire"", ""overlap"": 69, ""jaccard"": 0.212}, {""atom"": ""EMO.despair"", ""overlap"": 68, ""jaccard"": 0.197}, {""atom"": ""EMO.pleasure"", ""overlap"": 67, ""jaccard"": 0.289}, {""atom"": ""EMO.dislike"", ""overlap"": 67, ""jaccard"": 0.279}]",EMO.despair,68,1,65,109,124,124
EMO.joy,EMO,6,13,148,False,False,40.5,48.6,10.8,0,27.8,33,22.3,5.84,20,14,0,0,EXS.spirit,29,0.096,"[{""atom"": ""EXS.spirit"", ""overlap"": 29, ""jaccard"": 0.096}, {""atom"": ""EMO.fear"", ""overlap"": 28, ""jaccard"": 0.089}, {""atom"": ""EMO.satisfaction"", ""overlap"": 25, ""jaccard"": 0.077}, {""atom"": ""EMO.anger"", ""overlap"": 25, ""jaccard"": 0.093}, {""atom"": ""EMO.anxiety"", ""overlap"": 24, ""jaccard"": 0.088}]",EMO.sorrow,4,1,3,134,148,148
EMO.like,EMO,6,12,91,False,False,34.1,58.2,7.7,0,60.2,6,6.6,7.4,27,11,3,0,EMO.pleasure,51,0.237,"[{""atom"": ""EMO.pleasure"", ""overlap"": 51, ""jaccard"": 0.237}, {""atom"": ""PER.taste"", ""overlap"": 28, ""jaccard"": 0.128}, {""atom"": ""SOC.individual"", ""overlap"": 18, ""jaccard"": 0.002}, {""atom"": ""ACT.create"", ""overlap"": 13, ""jaccard"": 0.007}, {""atom"": ""EXS.being"", ""overlap"": 13, ""jaccard"": 0.003}]",EMO.dislike,0,0,0,80,88,91
EMO.love,EMO,6,9,116,False,False,73.3,19.0,7.8,0,40.5,27,23.3,4.16,12,3,0,0,EMO.desire,33,0.093,"[{""atom"": ""EMO.desire"", ""overlap"": 33, ""jaccard"": 0.093}, {""atom"": ""EMO.fear"", ""overlap"": 22, ""jaccard"": 0.076}, {""atom"": ""EMO.anxiety"", ""overlap"": 22, ""jaccard"": 0.09}, {""atom"": ""EMO.anger"", ""overlap"": 22, ""jaccard"": 0.091}, {""atom"": ""EMO.hate"", ""overlap"": 21, ""jaccard"": 0.096}]",EMO.hate,21,0,21,113,116,116
EMO.manifest,EMO,6,16,209,False,False,78.9,16.3,4.8,0,36.5,67,32.1,3.58,13,3,0,0,PRP.short,62,0.171,"[{""atom"": ""PRP.short"", ""overlap"": 62, ""jaccard"": 0.171}, {""atom"": ""ACT.create"", ""overlap"": 21, ""jaccard"": 0.01}, {""atom"": ""ACT.make"", ""overlap"": 20, ""jaccard"": 0.011}, {""atom"": ""ACT.build"", ""overlap"": 20, ""jaccard"": 0.015}, {""atom"": ""FND.information"", ""overlap"": 15, ""jaccard"": 0.014}]",EMO.patience,1,0,0,206,209,209
EMO.patience,EMO,6,16,198,False,False,76.3,22.2,1.5,0,57.1,60,30.3,4.62,19,11,2,0,SOC.individual,78,0.011,"[{""atom"": ""SOC.individual"", ""overlap"": 78, ""jaccard"": 0.011}, {""atom"": ""EXS.being"", ""overlap"": 39, ""jaccard"": 0.008}, {""atom"": ""FND.transformation"", ""overlap"": 33, ""jaccard"": 0.011}, {""atom"": ""EXS.death"", ""overlap"": 23, ""jaccard"": 0.046}, {""atom"": ""ACT.exit"", ""overlap"": 20, ""jaccard"": 0.03}]",EMO.manifest,1,0,1,187,196,198
EMO.pleasure,EMO,6,10,175,False,False,63.4,33.1,3.4,0,53.8,18,10.3,8.86,24,21,3,0,EMO.desire,71,0.189,"[{""atom"": ""EMO.desire"", ""overlap"": 71, ""jaccard"": 0.189}, {""atom"": ""EMO.despair"", ""overlap"": 69, ""jaccard"": 0.175}, {""atom"": ""EMO.shame"", ""overlap"": 69, ""jaccard"": 0.216}, {""atom"": ""EMO.dislike"", ""overlap"": 68, ""jaccard"": 0.234}, {""atom"": ""EMO.happiness"", ""overlap"": 68, ""jaccard"": 0.209}]",EMO.worry,3,1,2,154,172,175
EMO.pride,EMO,6,10,240,False,False,76.2,0.8,22.9,0,64.6,62,25.8,5.65,17,13,0,0,EMO.trust,94,0.295,"[{""atom"": ""EMO.trust"", ""overlap"": 94, ""jaccard"": 0.295}, {""atom"": ""EMO.happiness"", ""overlap"": 76, ""jaccard"": 0.199}, {""atom"": ""EMO.pleasure"", ""overlap"": 67, ""jaccard"": 0.193}, {""atom"": ""EMO.unhappiness"", ""overlap"": 67, ""jaccard"": 0.174}, {""atom"": ""EMO.dislike"", ""overlap"": 67, ""jaccard"": 0.188}]",EMO.shame,66,1,66,227,240,240
EMO.respect,EMO,6,11,333,False,False,82.0,16.5,1.5,0,27.8,184,55.3,2.93,10,6,0,0,PER.see,33,0.07,"[{""atom"": ""PER.see"", ""overlap"": 33, ""jaccard"": 0.07}, {""atom"": ""WLD.culture"", ""overlap"": 31, ""jaccard"": 0.074}, {""atom"": ""COG.think"", ""overlap"": 29, ""jaccard"": 0.029}, {""atom"": ""EXS.being"", ""overlap"": 18, ""jaccard"": 0.004}, {""atom"": ""BOD.eye"", ""overlap"": 13, ""jaccard"": 0.026}]",EMO.contempt,3,2,2,327,333,333
EMO.satisfaction,EMO,6,8,202,False,False,74.8,23.3,2.0,0,50.6,37,18.3,5.0,12,9,0,0,ACT.move,60,0.018,"[{""atom"": ""ACT.move"", ""overlap"": 60, ""jaccard"": 0.018}, {""atom"": ""ECO.pay"", ""overlap"": 43, ""jaccard"": 0.069}, {""atom"": ""ECO.price"", ""overlap"": 41, ""jaccard"": 0.081}, {""atom"": ""ECO.money"", ""overlap"": 40, ""jaccard"": 0.116}, {""atom"": ""ECO.currency"", ""overlap"": 39, ""jaccard"": 0.121}]",EMO.desire,4,0,2,193,202,202
EMO.shame,EMO,6,15,213,False,False,55.9,32.9,11.3,0,46.7,36,16.9,6.96,18,16,1,0,EMO.dislike,69,0.211,"[{""atom"": ""EMO.dislike"", ""overlap"": 69, ""jaccard"": 0.211}, {""atom"": ""EMO.pleasure"", ""overlap"": 69, ""jaccard"": 0.216}, {""atom"": ""EMO.desire"", ""overlap"": 69, ""jaccard"": 0.166}, {""atom"": ""EMO.wish"", ""overlap"": 68, ""jaccard"": 0.209}, {""atom"": ""EMO.despair"", ""overlap"": 67, ""jaccard"": 0.154}]",EMO.pride,66,0,65,197,212,213
EMO.sorrow,EMO,6,9,96,False,False,66.7,4.2,29.2,0,30.2,12,12.5,3.3,10,1,0,0,EMO.unhappiness,65,0.266,"[{""atom"": ""EMO.unhappiness"", ""overlap"": 65, ""jaccard"": 0.266}, {""atom"": ""STA.pain"", ""overlap"": 15, ""jaccard"": 0.023}, {""atom"": ""FND.information"", ""overlap"": 15, ""jaccard"": 0.015}, {""atom"": ""EMO.worry"", ""overlap"": 15, ""jaccard"": 0.062}, {""atom"": ""EXS.spirit"", ""overlap"": 7, ""jaccard"": 0.026}]",EMO.joy,4,0,0,95,96,96
EMO.trust,EMO,6,12,173,False,False,89.0,8.7,2.3,0,80.2,18,10.4,4.33,12,4,0,0,EMO.pride,94,0.295,"[{""atom"": ""EMO.pride"", ""overlap"": 94, ""jaccard"": 0.295}, {""atom"": ""WLD.nonscience"", ""overlap"": 59, ""jaccard"": 0.069}, {""atom"": ""WLD.religion"", ""overlap"": 54, ""jaccard"": 0.113}, {""atom"": ""SOC.individual"", ""overlap"": 14, ""jaccard"": 0.002}, {""atom"": ""EXS.being"", ""overlap"": 10, ""jaccard"": 0.002}]",EMO.doubt,2,0,2,169,173,173
EMO.unhappiness,EMO,6,11,213,False,False,72.8,4.7,22.5,0,28.8,27,12.7,6.31,17,15,0,0,EMO.happiness,79,0.224,"[{""atom"": ""EMO.happiness"", ""overlap"": 79, ""jaccard"": 0.224}, {""atom"": ""EMO.despair"", ""overlap"": 73, ""jaccard"": 0.17}, {""atom"": ""EMO.desire"", ""overlap"": 72, ""jaccard"": 0.175}, {""atom"": ""EMO.pleasure"", ""overlap"": 67, ""jaccard"": 0.209}, {""atom"": ""EMO.shame"", ""overlap"": 67, ""jaccard"": 0.187}]",EMO.happiness,79,1,74,198,213,213
EMO.wish,EMO,6,10,180,False,False,78.9,16.7,4.4,0,65.7,17,9.4,7.34,17,15,0,0,EMO.desire,119,0.358,"[{""atom"": ""EMO.desire"", ""overlap"": 119, ""jaccard"": 0.358}, {""atom"": ""EMO.hope"", ""overlap"": 82, ""jaccard"": 0.369}, {""atom"": ""EMO.despair"", ""overlap"": 70, ""jaccard"": 0.175}, {""atom"": ""EMO.pleasure"", ""overlap"": 68, ""jaccard"": 0.237}, {""atom"": ""EMO.shame"", ""overlap"": 68, ""jaccard"": 0.209}]",EMO.anxiety,3,0,3,165,180,180
EMO.worry,EMO,6,21,161,False,False,38.5,34.8,26.7,0,19.9,52,32.3,4.52,16,9,1,0,EMO.anxiety,52,0.201,"[{""atom"": ""EMO.anxiety"", ""overlap"": 52, ""jaccard"": 0.201}, {""atom"": ""EMO.fear"", ""overlap"": 29, ""jaccard"": 0.088}, {""atom"": ""STA.pain"", ""overlap"": 20, ""jaccard"": 0.028}, {""atom"": ""FND.information"", ""overlap"": 17, ""jaccard"": 0.016}, {""atom"": ""EMO.sorrow"", ""overlap"": 15, ""jaccard"": 0.062}]",EMO.pleasure,3,0,1,152,160,161
EXS.absence,EXS,6,7,101,False,False,62.4,28.7,8.9,0,65.5,9,8.9,4.47,11,1,0,0,EMO.wish,44,0.186,"[{""atom"": ""EMO.wish"", ""overlap"": 44, ""jaccard"": 0.186}, {""atom"": ""FND.time"", ""overlap"": 36, ""jaccard"": 0.073}, {""atom"": ""TIM.period"", ""overlap"": 36, ""jaccard"": 0.038}, {""atom"": ""EMO.desire"", ""overlap"": 31, ""jaccard"": 0.091}, {""atom"": ""SPC.nowhere"", ""overlap"": 13, ""jaccard"": 0.112}]",EXS.presence,1,0,1,100,101,101
EXS.being,EXS,6,9,4690,False,False,81.2,14.5,4.3,0,2.2,466,9.9,6.02,16,268,16,0,SOC.individual,3146,0.36,"[{""atom"": ""SOC.individual"", ""overlap"": 3146, ""jaccard"": 0.36}, {""atom"": ""LOG.cause"", ""overlap"": 3029, ""jaccard"": 0.593}, {""atom"": ""BEI.beast"", ""overlap"": 912, ""jaccard"": 0.182}, {""atom"": ""ACT.move"", ""overlap"": 827, ""jaccard"": 0.118}, {""atom"": ""SOC.family"", ""overlap"": 766, ""jaccard"": 0.098}]",EXS.nonbeing,173,1,118,4422,4674,4690
EXS.death,EXS,6,5,324,False,False,77.2,20.1,2.8,0,68.9,63,19.4,6.54,19,31,4,0,EXS.being,135,0.028,"[{""atom"": ""EXS.being"", ""overlap"": 135, ""jaccard"": 0.028}, {""atom"": ""COM.conduct"", ""overlap"": 125, ""jaccard"": 0.102}, {""atom"": ""EXS.nonbeing"", ""overlap"": 118, ""jaccard"": 0.109}, {""atom"": ""COM.conflict"", ""overlap"": 117, ""jaccard"": 0.21}, {""atom"": ""FND.transformation"", ""overlap"": 93, ""jaccard"": 0.031}]",EXS.life,4,0,3,293,320,324
EXS.life,EXS,6,5,39,False,False,82.1,10.3,7.7,0,35.4,3,7.7,6.15,17,2,0,0,EXS.being,32,0.007,"[{""atom"": ""EXS.being"", ""overlap"": 32, ""jaccard"": 0.007}, {""atom"": ""EXS.presence"", ""overlap"": 19, ""jaccard"": 0.194}, {""atom"": ""SOC.individual"", ""overlap"": 6, ""jaccard"": 0.001}, {""atom"": ""EMO.patience"", ""overlap"": 6, ""jaccard"": 0.026}, {""atom"": ""PRP.whole"", ""overlap"": 6, ""jaccard"": 0.004}]",EXS.death,4,0,0,37,39,39
EXS.matter,EXS,6,10,2236,False,False,91.6,4.9,3.5,0,3.2,1188,53.1,2.49,8,37,0,0,MAT.food,186,0.05,"[{""atom"": ""MAT.food"", ""overlap"": 186, ""jaccard"": 0.05}, {""atom"": ""ECO.waste"", ""overlap"": 168, ""jaccard"": 0.065}, {""atom"": ""ELM.earth"", ""overlap"": 163, ""jaccard"": 0.068}, {""atom"": ""ABS.self"", ""overlap"": 154, ""jaccard"": 0.052}, {""atom"": ""PRP.hard"", ""overlap"": 137, ""jaccard"": 0.054}]",EXS.void,23,0,1,2199,2236,2236
EXS.nonbeing,EXS,6,24,873,False,False,18.4,79.5,1.9,0.1,92.1,27,3.1,14.9,27,304,15,0,EXS.void,703,0.648,"[{""atom"": ""EXS.void"", ""overlap"": 703, ""jaccard"": 0.648}, {""atom"": ""FND.transformation"", ""overlap"": 700, ""jaccard"": 0.239}, {""atom"": ""ACT.create"", ""overlap"": 697, ""jaccard"": 0.34}, {""atom"": ""VAL.profane"", ""overlap"": 696, ""jaccard"": 0.73}, {""atom"": ""CHG.end"", ""overlap"": 696, ""jaccard"": 0.608}]",EXS.being,173,1,179,569,858,873
EXS.physical_body,EXS,6,16,162,False,False,95.7,0.6,3.7,0,71.3,32,19.8,5.41,15,6,0,0,FND.body,94,0.514,"[{""atom"": ""FND.body"", ""overlap"": 94, ""jaccard"": 0.514}, {""atom"": ""SPC.direction"", ""overlap"": 76, ""jaccard"": 0.115}, {""atom"": ""FND.information"", ""overlap"": 76, ""jaccard"": 0.078}, {""atom"": ""SOC.request"", ""overlap"": 75, ""jaccard"": 0.178}, {""atom"": ""SOC.individual"", ""overlap"": 27, ""jaccard"": 0.004}]",EXS.spirit,6,0,5,156,162,162
EXS.presence,EXS,6,7,78,False,False,79.5,10.3,10.3,0,44.3,6,7.7,4.85,12,3,0,0,EXS.being,43,0.009,"[{""atom"": ""EXS.being"", ""overlap"": 43, ""jaccard"": 0.009}, {""atom"": ""TIM.now"", ""overlap"": 20, ""jaccard"": 0.126}, {""atom"": ""EXS.life"", ""overlap"": 19, ""jaccard"": 0.194}, {""atom"": ""SOC.family"", ""overlap"": 19, ""jaccard"": 0.005}, {""atom"": ""TIM.past"", ""overlap"": 16, ""jaccard"": 0.055}]",EXS.absence,1,0,1,75,78,78
EXS.spirit,EXS,6,17,183,False,False,85.2,8.2,6.6,0,43.7,12,6.6,7.11,18,14,0,0,FND.mind,48,0.101,"[{""atom"": ""FND.mind"", ""overlap"": 48, ""jaccard"": 0.101}, {""atom"": ""BOD.head"", ""overlap"": 48, ""jaccard"": 0.119}, {""atom"": ""FND.information"", ""overlap"": 45, ""jaccard"": 0.044}, {""atom"": ""PER.feel"", ""overlap"": 35, ""jaccard"": 0.09}, {""atom"": ""FND.intuition"", ""overlap"": 33, ""jaccard"": 0.134}]",EXS.physical_body,6,0,2,169,183,183
EXS.vitality,EXS,6,15,281,False,False,95.7,1.8,2.5,0,49.3,183,65.1,2.52,10,6,0,0,TIM.moment,30,0.069,"[{""atom"": ""TIM.moment"", ""overlap"": 30, ""jaccard"": 0.069}, {""atom"": ""ACT.move"", ""overlap"": 14, ""jaccard"": 0.004}, {""atom"": ""SOC.homeless"", ""overlap"": 12, ""jaccard"": 0.007}, {""atom"": ""EXS.being"", ""overlap"": 12, ""jaccard"": 0.002}, {""atom"": ""ELM.light"", ""overlap"": 11, ""jaccard"": 0.02}]",STA.danger,5,0,5,275,281,281
EXS.void,EXS,6,11,915,False,False,5.4,94.4,0.2,0,90.9,16,1.7,14.76,27,304,19,0,FND.transformation,835,0.294,"[{""atom"": ""FND.transformation"", ""overlap"": 835, ""jaccard"": 0.294}, {""atom"": ""SOC.awake"", ""overlap"": 826, ""jaccard"": 0.855}, {""atom"": ""CHG.grow"", ""overlap"": 707, ""jaccard"": 0.55}, {""atom"": ""ACT.create"", ""overlap"": 705, ""jaccard"": 0.339}, {""atom"": ""EXS.nonbeing"", ""overlap"": 703, ""jaccard"": 0.648}]",EXS.matter,23,2,31,611,896,915
FND.ahistorical,FND,2,3,7,False,True,14.3,0,85.7,0,0.0,1,14.3,3.14,5,0,0,0,FND.timeless,5,0.161,"[{""atom"": ""FND.timeless"", ""overlap"": 5, ""jaccard"": 0.161}, {""atom"": ""FND.unchanging"", ""overlap"": 4, ""jaccard"": 0.025}, {""atom"": ""EXS.being"", ""overlap"": 2, ""jaccard"": 0.0}, {""atom"": ""FND.numberless"", ""overlap"": 1, ""jaccard"": 0.012}, {""atom"": ""TIM.past"", ""overlap"": 1, ""jaccard"": 0.004}]",FND.history,0,0,0,7,7,7
FND.body,FND,6,4,115,False,False,87.0,0,13.0,0,71.8,14,12.2,6.26,15,5,0,0,EXS.physical_body,94,0.514,"[{""atom"": ""EXS.physical_body"", ""overlap"": 94, ""jaccard"": 0.514}, {""atom"": ""FND.information"", ""overlap"": 76, ""jaccard"": 0.081}, {""atom"": ""SPC.direction"", ""overlap"": 75, ""jaccard"": 0.122}, {""atom"": ""SOC.request"", ""overlap"": 75, ""jaccard"": 0.2}, {""atom"": ""EXS.matter"", ""overlap"": 11, ""jaccard"": 0.005}]",FND.mind,4,0,3,110,115,115
FND.consciousness,FND,6,10,102,False,False,69.6,5.9,24.5,0,30.3,2,2.0,5.14,14,3,0,0,COG.know,41,0.166,"[{""atom"": ""COG.know"", ""overlap"": 41, ""jaccard"": 0.166}, {""atom"": ""COG.confusion"", ""overlap"": 37, ""jaccard"": 0.089}, {""atom"": ""EMO.doubt"", ""overlap"": 35, ""jaccard"": 0.201}, {""atom"": ""FND.memoryless"", ""overlap"": 35, ""jaccard"": 0.179}, {""atom"": ""SOC.awake"", ""overlap"": 19, ""jaccard"": 0.02}]",FND.unconscious,4,3,2,99,102,102
FND.history,FND,6,6,123,False,False,90.2,3.3,5.7,0.8,55.0,32,26.0,6.83,21,10,0,0,COG.ignorance,55,0.333,"[{""atom"": ""COG.ignorance"", ""overlap"": 55, ""jaccard"": 0.333}, {""atom"": ""CHG.end"", ""overlap"": 55, ""jaccard"": 0.053}, {""atom"": ""EXS.matter"", ""overlap"": 55, ""jaccard"": 0.024}, {""atom"": ""WLD.culture"", ""overlap"": 55, ""jaccard"": 0.299}, {""atom"": ""MAT.food"", ""overlap"": 55, ""jaccard"": 0.031}]",FND.ahistorical,0,0,0,113,123,123
FND.information,FND,6,6,894,False,False,91.7,5.8,2.5,0,28.0,204,22.8,4.13,11,22,0,0,STA.pain,203,0.162,"[{""atom"": ""STA.pain"", ""overlap"": 203, ""jaccard"": 0.162}, {""atom"": ""LOG.effect"", ""overlap"": 202, ""jaccard"": 0.183}, {""atom"": ""SOC.family"", ""overlap"": 140, ""jaccard"": 0.03}, {""atom"": ""BEI.plant"", ""overlap"": 137, ""jaccard"": 0.045}, {""atom"": ""SPC.direction"", ""overlap"": 84, ""jaccard"": 0.061}]",FND.uninformed,0,0,0,872,894,894
FND.intuition,FND,6,9,97,False,False,90.7,5.2,4.1,0,48.5,0,0.0,6.2,18,5,0,0,COG.instinct,53,0.5,"[{""atom"": ""COG.instinct"", ""overlap"": 53, ""jaccard"": 0.5}, {""atom"": ""PER.feel"", ""overlap"": 40, ""jaccard"": 0.135}, {""atom"": ""EXS.spirit"", ""overlap"": 33, ""jaccard"": 0.134}, {""atom"": ""LOG.effect"", ""overlap"": 30, ""jaccard"": 0.063}, {""atom"": ""WLD.nonscience"", ""overlap"": 22, ""jaccard"": 0.027}]",FND.logic,0,0,0,92,97,97
FND.labor,FND,6,16,645,False,False,79.1,18.3,2.6,0,16.0,66,10.2,3.88,12,17,1,0,SOC.work,473,0.319,"[{""atom"": ""SOC.work"", ""overlap"": 473, ""jaccard"": 0.319}, {""atom"": ""SOC.individual"", ""overlap"": 67, ""jaccard"": 0.009}, {""atom"": ""COM.cooperate"", ""overlap"": 54, ""jaccard"": 0.038}, {""atom"": ""ACT.move"", ""overlap"": 40, ""jaccard"": 0.011}, {""atom"": ""ELM.wind"", ""overlap"": 37, ""jaccard"": 0.04}]",FND.play,19,0,10,628,644,645
FND.language,FND,6,14,847,False,False,90.8,6.1,3.1,0,22.2,465,54.9,2.43,7,7,0,0,SPC.reverse,91,0.099,"[{""atom"": ""SPC.reverse"", ""overlap"": 91, ""jaccard"": 0.099}, {""atom"": ""SOC.individual"", ""overlap"": 80, ""jaccard"": 0.01}, {""atom"": ""COM.speak"", ""overlap"": 72, ""jaccard"": 0.046}, {""atom"": ""BOD.mouth"", ""overlap"": 56, ""jaccard"": 0.039}, {""atom"": ""COM.answer"", ""overlap"": 49, ""jaccard"": 0.038}]",FND.languageless,0,0,0,840,847,847
FND.languageless,FND,3,8,19,False,False,10.5,0,89.5,0,0.0,8,42.1,2.21,10,0,0,0,COM.muteness,7,0.032,"[{""atom"": ""COM.muteness"", ""overlap"": 7, ""jaccard"": 0.032}, {""atom"": ""VAL.sacred"", ""overlap"": 3, ""jaccard"": 0.029}, {""atom"": ""COM.silence"", ""overlap"": 3, ""jaccard"": 0.011}, {""atom"": ""SOC.individual"", ""overlap"": 1, ""jaccard"": 0.0}, {""atom"": ""TIM.indefinite"", ""overlap"": 1, ""jaccard"": 0.022}]",FND.language,0,0,0,19,19,19
FND.logic,FND,6,7,177,False,False,89.3,0.6,10.2,0,27.8,31,17.5,2.77,7,1,1,0,LOG.reason,123,0.577,"[{""atom"": ""LOG.reason"", ""overlap"": 123, ""jaccard"": 0.577}, {""atom"": ""WLD.technique"", ""overlap"": 30, ""jaccard"": 0.08}, {""atom"": ""FND.number"", ""overlap"": 11, ""jaccard"": 0.011}, {""atom"": ""LOG.unreason"", ""overlap"": 8, ""jaccard"": 0.033}, {""atom"": ""SOC.individual"", ""overlap"": 8, ""jaccard"": 0.001}]",FND.intuition,0,0,0,176,176,177
FND.memory,FND,6,10,126,False,False,79.4,16.7,4.0,0,31.0,31,24.6,4.44,13,3,0,0,COG.remember,26,0.129,"[{""atom"": ""COG.remember"", ""overlap"": 26, ""jaccard"": 0.129}, {""atom"": ""COG.think"", ""overlap"": 25, ""jaccard"": 0.032}, {""atom"": ""FND.intuition"", ""overlap"": 20, ""jaccard"": 0.099}, {""atom"": ""COG.instinct"", ""overlap"": 19, ""jaccard"": 0.112}, {""atom"": ""EXS.being"", ""overlap"": 9, ""jaccard"": 0.002}]",FND.memoryless,1,0,0,123,126,126
FND.memoryless,FND,5,9,128,False,False,82.0,15.6,2.3,0,66.7,42,32.8,4.67,14,4,1,0,EMO.doubt,35,0.175,"[{""atom"": ""EMO.doubt"", ""overlap"": 35, ""jaccard"": 0.175}, {""atom"": ""COG.confusion"", ""overlap"": 35, ""jaccard"": 0.078}, {""atom"": ""FND.consciousness"", ""overlap"": 35, ""jaccard"": 0.179}, {""atom"": ""PRP.whole"", ""overlap"": 22, ""jaccard"": 0.013}, {""atom"": ""COG.forget"", ""overlap"": 21, ""jaccard"": 0.108}]",FND.memory,1,1,0,124,127,128
FND.mind,FND,6,15,338,False,False,76.6,18.0,5.3,0,23.1,102,30.2,4.65,15,16,2,0,BOD.head,74,0.139,"[{""atom"": ""BOD.head"", ""overlap"": 74, ""jaccard"": 0.139}, {""atom"": ""COG.think"", ""overlap"": 61, ""jaccard"": 0.063}, {""atom"": ""EXS.spirit"", ""overlap"": 48, ""jaccard"": 0.101}, {""atom"": ""FND.information"", ""overlap"": 43, ""jaccard"": 0.036}, {""atom"": ""COM.conduct"", ""overlap"": 37, ""jaccard"": 0.028}]",FND.body,4,0,3,322,336,338
FND.number,FND,6,9,828,False,False,71.0,26.8,2.2,0,33.9,257,31.0,5.68,21,70,9,0,EXS.being,221,0.042,"[{""atom"": ""EXS.being"", ""overlap"": 221, ""jaccard"": 0.042}, {""atom"": ""CHG.stay"", ""overlap"": 196, ""jaccard"": 0.196}, {""atom"": ""PER.stench"", ""overlap"": 196, ""jaccard"": 0.202}, {""atom"": ""TIM.appear"", ""overlap"": 194, ""jaccard"": 0.213}, {""atom"": ""COG.confusion"", ""overlap"": 193, ""jaccard"": 0.195}]",FND.numberless,9,0,2,758,819,828
FND.numberless,FND,5,19,78,False,False,57.7,0,42.3,0,25.9,26,33.3,4.31,15,3,0,0,FND.spatiality,40,0.081,"[{""atom"": ""FND.spatiality"", ""overlap"": 40, ""jaccard"": 0.081}, {""atom"": ""FND.time"", ""overlap"": 27, ""jaccard"": 0.056}, {""atom"": ""FND.temporality"", ""overlap"": 27, ""jaccard"": 0.059}, {""atom"": ""ELM.sun"", ""overlap"": 25, ""jaccard"": 0.079}, {""atom"": ""FND.number"", ""overlap"": 9, ""jaccard"": 0.01}]",FND.number,9,0,2,75,78,78
FND.play,FND,6,11,421,False,False,81.5,14.7,3.8,0,69.0,92,21.9,6.35,18,32,1,0,COM.practice,160,0.237,"[{""atom"": ""COM.practice"", ""overlap"": 160, ""jaccard"": 0.237}, {""atom"": ""COM.conduct"", ""overlap"": 160, ""jaccard"": 0.124}, {""atom"": ""SOC.work"", ""overlap"": 158, ""jaccard"": 0.1}, {""atom"": ""ECO.waste"", ""overlap"": 153, ""jaccard"": 0.2}, {""atom"": ""FND.spatiality"", ""overlap"": 153, ""jaccard"": 0.211}]",FND.labor,19,0,23,389,420,421
FND.spaceless,FND,0,0,0,True,True,0,0,0,0,0.0,0,0,0,0,0,0,0,,0,0,[],FND.spatiality,0,0,0,0,0,0
FND.spatiality,FND,6,15,456,False,False,87.7,5.0,7.2,0,55.0,104,22.8,6.3,16,30,0,0,COM.conduct,162,0.123,"[{""atom"": ""COM.conduct"", ""overlap"": 162, ""jaccard"": 0.123}, {""atom"": ""SOC.work"", ""overlap"": 159, ""jaccard"": 0.099}, {""atom"": ""ECO.waste"", ""overlap"": 157, ""jaccard"": 0.197}, {""atom"": ""COM.practice"", ""overlap"": 156, ""jaccard"": 0.218}, {""atom"": ""FND.play"", ""overlap"": 153, ""jaccard"": 0.211}]",FND.spaceless,0,0,0,426,456,456
FND.temporality,FND,6,10,409,False,False,95.4,1.5,3.2,0,51.8,7,1.7,6.55,14,16,1,0,FND.time,379,0.822,"[{""atom"": ""FND.time"", ""overlap"": 379, ""jaccard"": 0.822}, {""atom"": ""TIM.period"", ""overlap"": 222, ""jaccard"": 0.206}, {""atom"": ""ELM.sun"", ""overlap"": 196, ""jaccard"": 0.413}, {""atom"": ""TIM.past"", ""overlap"": 175, ""jaccard"": 0.376}, {""atom"": ""SOC.sleep"", ""overlap"": 174, ""jaccard"": 0.307}]",FND.timeless,4,0,0,393,408,409
FND.time,FND,6,8,431,False,False,92.1,4.9,3.0,0,56.7,5,1.2,6.56,15,18,1,0,FND.temporality,379,0.822,"[{""atom"": ""FND.temporality"", ""overlap"": 379, ""jaccard"": 0.822}, {""atom"": ""TIM.period"", ""overlap"": 257, ""jaccard"": 0.241}, {""atom"": ""ELM.sun"", ""overlap"": 196, ""jaccard"": 0.394}, {""atom"": ""TIM.past"", ""overlap"": 175, ""jaccard"": 0.359}, {""atom"": ""SOC.sleep"", ""overlap"": 175, ""jaccard"": 0.298}]",TIM.moment,10,0,12,413,430,431
FND.timeless,FND,5,17,29,False,False,24.1,0,58.6,17.2,0.0,15,51.7,2.31,5,0,0,0,FND.ahistorical,5,0.161,"[{""atom"": ""FND.ahistorical"", ""overlap"": 5, ""jaccard"": 0.161}, {""atom"": ""PRP.long"", ""overlap"": 5, ""jaccard"": 0.03}, {""atom"": ""FND.unchanging"", ""overlap"": 4, ""jaccard"": 0.022}, {""atom"": ""EXS.being"", ""overlap"": 4, ""jaccard"": 0.001}, {""atom"": ""FND.time"", ""overlap"": 4, ""jaccard"": 0.009}]",FND.temporality,4,0,0,29,29,29
FND.transformation,FND,6,9,2762,False,False,27.3,70.2,2.5,0,21.4,515,18.6,8.28,24,418,24,0,CHG.grow,935,0.322,"[{""atom"": ""CHG.grow"", ""overlap"": 935, ""jaccard"": 0.322}, {""atom"": ""EXS.void"", ""overlap"": 835, ""jaccard"": 0.294}, {""atom"": ""SOC.awake"", ""overlap"": 832, ""jaccard"": 0.296}, {""atom"": ""ACT.create"", ""overlap"": 808, ""jaccard"": 0.211}, {""atom"": ""PRP.smooth"", ""overlap"": 736, ""jaccard"": 0.259}]",FND.unchanging,2,0,0,2344,2738,2762
FND.unchanging,FND,6,8,157,False,False,86.0,0.6,13.4,0,47.2,18,11.5,2.89,9,2,0,0,FND.number,130,0.152,"[{""atom"": ""FND.number"", ""overlap"": 130, ""jaccard"": 0.152}, {""atom"": ""PRP.whole"", ""overlap"": 8, ""jaccard"": 0.005}, {""atom"": ""EXS.being"", ""overlap"": 7, ""jaccard"": 0.001}, {""atom"": ""ECO.price"", ""overlap"": 6, ""jaccard"": 0.012}, {""atom"": ""LOG.cause"", ""overlap"": 5, ""jaccard"": 0.001}]",FND.transformation,2,0,2,155,157,157
FND.unconscious,FND,6,11,61,False,False,55.7,0,44.3,0,18.4,26,42.6,3.48,7,1,0,0,BOD.head,13,0.041,"[{""atom"": ""BOD.head"", ""overlap"": 13, ""jaccard"": 0.041}, {""atom"": ""FND.mind"", ""overlap"": 13, ""jaccard"": 0.034}, {""atom"": ""EXS.spirit"", ""overlap"": 13, ""jaccard"": 0.056}, {""atom"": ""COG.ignorance"", ""overlap"": 12, ""jaccard"": 0.082}, {""atom"": ""FND.uninformed"", ""overlap"": 12, ""jaccard"": 0.146}]",FND.consciousness,4,0,1,60,61,61
FND.uninformed,FND,5,9,33,False,False,15.2,0,84.8,0,0.0,0,0.0,3.48,6,0,0,0,COG.ignorance,31,0.313,"[{""atom"": ""COG.ignorance"", ""overlap"": 31, ""jaccard"": 0.313}, {""atom"": ""FND.unconscious"", ""overlap"": 12, ""jaccard"": 0.146}, {""atom"": ""COG.unlearned"", ""overlap"": 12, ""jaccard"": 0.162}, {""atom"": ""SOC.sleep"", ""overlap"": 4, ""jaccard"": 0.011}, {""atom"": ""FND.consciousness"", ""overlap"": 2, ""jaccard"": 0.015}]",FND.information,0,0,0,33,33,33
LOG.cause,LOG,4,5,3451,False,False,88.6,8.4,3.0,0,0.7,232,6.7,6.18,16,186,6,0,SOC.individual,3041,0.4,"[{""atom"": ""SOC.individual"", ""overlap"": 3041, ""jaccard"": 0.4}, {""atom"": ""EXS.being"", ""overlap"": 3029, ""jaccard"": 0.593}, {""atom"": ""ACT.move"", ""overlap"": 741, ""jaccard"": 0.127}, {""atom"": ""BEI.female"", ""overlap"": 734, ""jaccard"": 0.197}, {""atom"": ""SOC.family"", ""overlap"": 700, ""jaccard"": 0.105}]",LOG.effect,12,0,2,3265,3445,3451
LOG.effect,LOG,6,19,412,False,False,93.7,4.9,1.5,0,65.5,48,11.7,4.61,12,15,1,0,FND.information,202,0.183,"[{""atom"": ""FND.information"", ""overlap"": 202, ""jaccard"": 0.183}, {""atom"": ""STA.pain"", ""overlap"": 189, ""jaccard"": 0.241}, {""atom"": ""COM.answer"", ""overlap"": 76, ""jaccard"": 0.092}, {""atom"": ""VAL.falsehood"", ""overlap"": 62, ""jaccard"": 0.113}, {""atom"": ""PER.feel"", ""overlap"": 31, ""jaccard"": 0.05}]",LOG.cause,12,0,5,397,411,412
LOG.reason,LOG,6,7,159,False,False,96.2,3.1,0.6,0,35.9,10,6.3,3.6,11,1,1,0,FND.logic,123,0.577,"[{""atom"": ""FND.logic"", ""overlap"": 123, ""jaccard"": 0.577}, {""atom"": ""WLD.technique"", ""overlap"": 24, ""jaccard"": 0.066}, {""atom"": ""ACT.create"", ""overlap"": 11, ""jaccard"": 0.005}, {""atom"": ""ACT.build"", ""overlap"": 11, ""jaccard"": 0.009}, {""atom"": ""ACT.make"", ""overlap"": 11, ""jaccard"": 0.006}]",LOG.unreason,7,0,4,158,158,159
LOG.unreason,LOG,6,11,76,False,False,77.6,1.3,21.1,0,51.2,44,57.9,2.5,6,1,0,0,FND.logic,8,0.033,"[{""atom"": ""FND.logic"", ""overlap"": 8, ""jaccard"": 0.033}, {""atom"": ""FND.number"", ""overlap"": 8, ""jaccard"": 0.009}, {""atom"": ""LOG.reason"", ""overlap"": 7, ""jaccard"": 0.031}, {""atom"": ""ACT.move"", ""overlap"": 3, ""jaccard"": 0.001}, {""atom"": ""COG.think"", ""overlap"": 3, ""jaccard"": 0.004}]",LOG.reason,7,0,4,75,76,76
MAT.bare_hand,MAT,3,4,29,False,False,17.2,58.6,24.1,0,25.8,5,17.2,4.76,16,3,0,0,ACT.take,18,0.067,"[{""atom"": ""ACT.take"", ""overlap"": 18, ""jaccard"": 0.067}, {""atom"": ""FND.transformation"", ""overlap"": 6, ""jaccard"": 0.002}, {""atom"": ""PRP.smooth"", ""overlap"": 5, ""jaccard"": 0.006}, {""atom"": ""EXS.void"", ""overlap"": 5, ""jaccard"": 0.005}, {""atom"": ""ECO.withdraw"", ""overlap"": 4, ""jaccard"": 0.014}]",MAT.tool,0,0,0,26,29,29
MAT.clothing,MAT,6,31,1061,False,False,74.4,25.0,0.7,0,19.5,590,55.6,3.81,17,69,10,0,FND.transformation,247,0.069,"[{""atom"": ""FND.transformation"", ""overlap"": 247, ""jaccard"": 0.069}, {""atom"": ""SOC.awake"", ""overlap"": 176, ""jaccard"": 0.1}, {""atom"": ""EXS.void"", ""overlap"": 176, ""jaccard"": 0.098}, {""atom"": ""ACT.exit"", ""overlap"": 175, ""jaccard"": 0.127}, {""atom"": ""SOC.rest"", ""overlap"": 172, ""jaccard"": 0.15}]",MAT.naked,0,0,0,992,1051,1061
MAT.drink,MAT,6,14,504,False,False,88.9,6.3,4.8,0,10.5,80,15.9,3.09,6,6,2,0,ELM.water,302,0.422,"[{""atom"": ""ELM.water"", ""overlap"": 302, ""jaccard"": 0.422}, {""atom"": ""MAT.food"", ""overlap"": 221, ""jaccard"": 0.111}, {""atom"": ""PRP.part"", ""overlap"": 61, ""jaccard"": 0.042}, {""atom"": ""EXS.matter"", ""overlap"": 55, ""jaccard"": 0.02}, {""atom"": ""PRP.old"", ""overlap"": 35, ""jaccard"": 0.029}]",MAT.food,221,0,40,498,502,504
MAT.food,MAT,6,7,1701,False,False,89.7,8.8,1.5,0,8.7,856,50.3,2.65,8,34,3,0,PRP.hard,233,0.124,"[{""atom"": ""PRP.hard"", ""overlap"": 233, ""jaccard"": 0.124}, {""atom"": ""MAT.drink"", ""overlap"": 221, ""jaccard"": 0.111}, {""atom"": ""ELM.water"", ""overlap"": 218, ""jaccard"": 0.109}, {""atom"": ""EXS.matter"", ""overlap"": 186, ""jaccard"": 0.05}, {""atom"": ""CHG.end"", ""overlap"": 74, ""jaccard"": 0.029}]",MAT.drink,221,0,3,1667,1698,1701
MAT.naked,MAT,6,8,31,False,False,32.3,29.0,38.7,0,31.4,12,38.7,4.16,17,2,0,0,WLD.artless,4,0.031,"[{""atom"": ""WLD.artless"", ""overlap"": 4, ""jaccard"": 0.031}, {""atom"": ""STA.comfort"", ""overlap"": 4, ""jaccard"": 0.008}, {""atom"": ""STA.danger"", ""overlap"": 4, ""jaccard"": 0.012}, {""atom"": ""EXS.being"", ""overlap"": 3, ""jaccard"": 0.001}, {""atom"": ""LOG.cause"", ""overlap"": 3, ""jaccard"": 0.001}]",MAT.clothing,0,0,0,29,31,31
MAT.tool,MAT,6,17,958,False,False,84.0,15.8,0.2,0,12.8,592,61.8,2.7,10,20,1,0,SOC.individual,118,0.015,"[{""atom"": ""SOC.individual"", ""overlap"": 118, ""jaccard"": 0.015}, {""atom"": ""ACT.move"", ""overlap"": 106, ""jaccard"": 0.027}, {""atom"": ""PRP.whole"", ""overlap"": 70, ""jaccard"": 0.029}, {""atom"": ""SOC.homeless"", ""overlap"": 63, ""jaccard"": 0.027}, {""atom"": ""EXS.being"", ""overlap"": 52, ""jaccard"": 0.009}]",MAT.bare_hand,0,0,0,938,957,958
NAT.flower,NAT,5,11,1406,False,False,99.2,0.3,0.5,0,24.7,1128,80.2,2.33,9,15,1,0,TIM.period,175,0.082,"[{""atom"": ""TIM.period"", ""overlap"": 175, ""jaccard"": 0.082}, {""atom"": ""TIM.past"", ""overlap"": 173, ""jaccard"": 0.118}, {""atom"": ""FND.time"", ""overlap"": 173, ""jaccard"": 0.104}, {""atom"": ""FND.temporality"", ""overlap"": 173, ""jaccard"": 0.105}, {""atom"": ""SOC.sleep"", ""overlap"": 173, ""jaccard"": 0.111}]",NAT.tree,2,0,0,1391,1405,1406
NAT.river,NAT,6,9,265,False,False,97.0,2.6,0.4,0,68.0,127,47.9,2.84,8,3,1,0,ELM.water,58,0.081,"[{""atom"": ""ELM.water"", ""overlap"": 58, ""jaccard"": 0.081}, {""atom"": ""SOC.individual"", ""overlap"": 53, ""jaccard"": 0.007}, {""atom"": ""PRP.shallow"", ""overlap"": 33, ""jaccard"": 0.059}, {""atom"": ""NAT.sea"", ""overlap"": 33, ""jaccard"": 0.077}, {""atom"": ""PER.salty"", ""overlap"": 33, ""jaccard"": 0.115}]",NAT.sea,33,0,31,262,264,265
NAT.sea,NAT,6,6,195,False,False,99.5,0,0.5,0,86.5,77,39.5,3.02,8,1,0,0,ELM.water,38,0.057,"[{""atom"": ""ELM.water"", ""overlap"": 38, ""jaccard"": 0.057}, {""atom"": ""SOC.official"", ""overlap"": 37, ""jaccard"": 0.056}, {""atom"": ""PRP.shallow"", ""overlap"": 35, ""jaccard"": 0.072}, {""atom"": ""PER.salty"", ""overlap"": 35, ""jaccard"": 0.162}, {""atom"": ""NAT.river"", ""overlap"": 33, ""jaccard"": 0.077}]",NAT.river,33,0,31,194,195,195
NAT.tree,NAT,6,7,2190,False,False,98.9,0.7,0.4,0,4.2,1969,89.9,1.21,2,3,0,0,MAT.food,66,0.017,"[{""atom"": ""MAT.food"", ""overlap"": 66, ""jaccard"": 0.017}, {""atom"": ""EXS.matter"", ""overlap"": 65, ""jaccard"": 0.015}, {""atom"": ""BEI.plant"", ""overlap"": 46, ""jaccard"": 0.01}, {""atom"": ""ACT.move"", ""overlap"": 15, ""jaccard"": 0.003}, {""atom"": ""SOC.homeless"", ""overlap"": 14, ""jaccard"": 0.004}]",NAT.flower,2,0,1,2187,2190,2190
PER.bitter,PER,6,7,38,False,False,78.9,5.3,15.8,0,42.6,20,52.6,2.53,7,0,0,0,PER.taste,7,0.037,"[{""atom"": ""PER.taste"", ""overlap"": 7, ""jaccard"": 0.037}, {""atom"": ""PRP.rough"", ""overlap"": 4, ""jaccard"": 0.023}, {""atom"": ""PER.touch"", ""overlap"": 4, ""jaccard"": 0.006}, {""atom"": ""PER.stench"", ""overlap"": 4, ""jaccard"": 0.011}, {""atom"": ""PER.fragrance"", ""overlap"": 4, ""jaccard"": 0.021}]",PER.delicious,1,0,0,38,38,38
PER.blind,PER,4,6,42,False,False,16.7,14.3,69.0,0,0.0,36,85.7,1.6,3,0,0,0,COG.confusion,2,0.005,"[{""atom"": ""COG.confusion"", ""overlap"": 2, ""jaccard"": 0.005}, {""atom"": ""ELM.light"", ""overlap"": 2, ""jaccard"": 0.006}, {""atom"": ""PER.numb"", ""overlap"": 1, ""jaccard"": 0.012}, {""atom"": ""CHG.grow"", ""overlap"": 1, ""jaccard"": 0.001}, {""atom"": ""COM.cooperate"", ""overlap"": 1, ""jaccard"": 0.001}]",PER.see,0,0,0,42,42,42
PER.deaf,PER,3,3,94,False,False,83.0,1.1,16.0,0,78.4,15,16.0,6.28,11,4,0,0,SOC.nation,77,0.188,"[{""atom"": ""SOC.nation"", ""overlap"": 77, ""jaccard"": 0.188}, {""atom"": ""SOC.public"", ""overlap"": 77, ""jaccard"": 0.621}, {""atom"": ""CHG.begin"", ""overlap"": 77, ""jaccard"": 0.175}, {""atom"": ""COG.enlightenment"", ""overlap"": 76, ""jaccard"": 0.287}, {""atom"": ""STA.poverty"", ""overlap"": 76, ""jaccard"": 0.42}]",PER.hear,0,0,0,90,94,94
PER.delicious,PER,4,10,82,False,False,28.0,0,72.0,0,14.9,60,73.2,1.52,3,0,0,0,PER.taste,7,0.03,"[{""atom"": ""PER.taste"", ""overlap"": 7, ""jaccard"": 0.03}, {""atom"": ""PRP.hot"", ""overlap"": 3, ""jaccard"": 0.022}, {""atom"": ""PER.salty"", ""overlap"": 3, ""jaccard"": 0.022}, {""atom"": ""PER.stench"", ""overlap"": 2, ""jaccard"": 0.005}, {""atom"": ""PER.sweet"", ""overlap"": 2, ""jaccard"": 0.016}]",PER.bitter,1,0,0,82,82,82
PER.feel,PER,6,7,240,False,False,45.0,49.6,5.4,0,21.3,19,7.9,7.47,22,28,3,0,PER.hear,60,0.203,"[{""atom"": ""PER.hear"", ""overlap"": 60, ""jaccard"": 0.203}, {""atom"": ""BOD.eye"", ""overlap"": 56, ""jaccard"": 0.157}, {""atom"": ""BOD.ear"", ""overlap"": 54, ""jaccard"": 0.153}, {""atom"": ""SOC.individual"", ""overlap"": 53, ""jaccard"": 0.007}, {""atom"": ""PER.see"", ""overlap"": 52, ""jaccard"": 0.146}]",PER.numb,0,0,0,212,237,240
PER.fragrance,PER,5,12,157,False,False,86.6,5.1,8.3,0,52.4,25,15.9,4.75,13,3,0,0,PER.stench,114,0.301,"[{""atom"": ""PER.stench"", ""overlap"": 114, ""jaccard"": 0.301}, {""atom"": ""PER.touch"", ""overlap"": 73, ""jaccard"": 0.099}, {""atom"": ""FND.spatiality"", ""overlap"": 72, ""jaccard"": 0.133}, {""atom"": ""SPC.direction"", ""overlap"": 72, ""jaccard"": 0.109}, {""atom"": ""PER.smell"", ""overlap"": 24, ""jaccard"": 0.104}]",PER.stench,114,0,80,154,157,157
PER.hear,PER,6,14,116,False,False,31.9,64.7,3.4,0,29.1,10,8.6,8.28,26,18,3,0,PER.feel,60,0.203,"[{""atom"": ""PER.feel"", ""overlap"": 60, ""jaccard"": 0.203}, {""atom"": ""BOD.ear"", ""overlap"": 59, ""jaccard"": 0.265}, {""atom"": ""COG.learn"", ""overlap"": 37, ""jaccard"": 0.048}, {""atom"": ""PER.see"", ""overlap"": 33, ""jaccard"": 0.131}, {""atom"": ""PER.touch"", ""overlap"": 30, ""jaccard"": 0.04}]",PER.deaf,0,0,0,98,113,116
PER.numb,PER,6,11,44,False,False,11.4,29.5,59.1,0,13.5,24,54.5,3.34,14,1,0,0,PRP.blunt,6,0.008,"[{""atom"": ""PRP.blunt"", ""overlap"": 6, ""jaccard"": 0.008}, {""atom"": ""PRP.dry"", ""overlap"": 5, ""jaccard"": 0.006}, {""atom"": ""CHG.grow"", ""overlap"": 4, ""jaccard"": 0.004}, {""atom"": ""COM.cooperate"", ""overlap"": 4, ""jaccard"": 0.005}, {""atom"": ""VAL.profane"", ""overlap"": 4, ""jaccard"": 0.005}]",PER.feel,0,0,0,43,44,44
PER.odorless,PER,3,4,7,False,True,0,0,100.0,0,0.0,5,71.4,1.57,4,0,0,0,PER.sweet,2,0.039,"[{""atom"": ""PER.sweet"", ""overlap"": 2, ""jaccard"": 0.039}, {""atom"": ""PER.stench"", ""overlap"": 1, ""jaccard"": 0.003}, {""atom"": ""PER.fragrance"", ""overlap"": 1, ""jaccard"": 0.006}]",PER.smell,0,0,0,7,7,7
PER.salty,PER,6,7,56,False,False,80.4,1.8,17.9,0,51.5,5,8.9,5.27,12,0,0,0,ELM.water,37,0.07,"[{""atom"": ""ELM.water"", ""overlap"": 37, ""jaccard"": 0.07}, {""atom"": ""PRP.shallow"", ""overlap"": 36, ""jaccard"": 0.105}, {""atom"": ""NAT.sea"", ""overlap"": 35, ""jaccard"": 0.162}, {""atom"": ""NAT.river"", ""overlap"": 33, ""jaccard"": 0.115}, {""atom"": ""COM.answer"", ""overlap"": 8, ""jaccard"": 0.015}]",PER.sweet,1,0,0,56,56,56
PER.see,PER,6,10,169,False,False,24.3,74.6,1.2,0,33.2,14,8.3,7.41,22,23,2,0,BOD.eye,75,0.281,"[{""atom"": ""BOD.eye"", ""overlap"": 75, ""jaccard"": 0.281}, {""atom"": ""PER.feel"", ""overlap"": 52, ""jaccard"": 0.146}, {""atom"": ""SOC.individual"", ""overlap"": 43, ""jaccard"": 0.006}, {""atom"": ""EXS.being"", ""overlap"": 37, ""jaccard"": 0.008}, {""atom"": ""EMO.respect"", ""overlap"": 33, ""jaccard"": 0.07}]",PER.blind,0,0,0,146,167,169
PER.smell,PER,6,14,98,False,False,59.2,38.8,2.0,0,52.3,1,1.0,7.65,26,11,2,0,PER.touch,56,0.08,"[{""atom"": ""PER.touch"", ""overlap"": 56, ""jaccard"": 0.08}, {""atom"": ""PER.feel"", ""overlap"": 49, ""jaccard"": 0.17}, {""atom"": ""PER.taste"", ""overlap"": 42, ""jaccard"": 0.198}, {""atom"": ""BOD.eye"", ""overlap"": 35, ""jaccard"": 0.148}, {""atom"": ""PER.stench"", ""overlap"": 27, ""jaccard"": 0.066}]",PER.odorless,0,0,0,87,96,98
PER.sound,PER,6,9,117,False,False,84.6,3.4,12.0,0,42.4,42,35.9,3.41,11,1,0,0,PER.stench,26,0.061,"[{""atom"": ""PER.stench"", ""overlap"": 26, ""jaccard"": 0.061}, {""atom"": ""PER.taste"", ""overlap"": 26, ""jaccard"": 0.105}, {""atom"": ""COM.silence"", ""overlap"": 17, ""jaccard"": 0.047}, {""atom"": ""FND.language"", ""overlap"": 14, ""jaccard"": 0.015}, {""atom"": ""PER.touch"", ""overlap"": 13, ""jaccard"": 0.017}]",PER.soundless,1,0,1,116,117,117
PER.soundless,PER,5,9,30,False,False,66.7,3.3,30.0,0,27.8,4,13.3,3.93,12,1,0,0,COM.silence,14,0.051,"[{""atom"": ""COM.silence"", ""overlap"": 14, ""jaccard"": 0.051}, {""atom"": ""STA.peace"", ""overlap"": 13, ""jaccard"": 0.153}, {""atom"": ""ACT.calm"", ""overlap"": 7, ""jaccard"": 0.046}, {""atom"": ""EMO.despair"", ""overlap"": 3, ""jaccard"": 0.009}, {""atom"": ""COM.muteness"", ""overlap"": 3, ""jaccard"": 0.013}]",PER.sound,1,0,1,29,30,30
PER.stench,PER,4,15,336,False,False,36.0,59.5,4.5,0,76.2,4,1.2,10.9,27,66,9,0,EXS.being,198,0.041,"[{""atom"": ""EXS.being"", ""overlap"": 198, ""jaccard"": 0.041}, {""atom"": ""FND.number"", ""overlap"": 196, ""jaccard"": 0.202}, {""atom"": ""CHG.stay"", ""overlap"": 193, ""jaccard"": 0.378}, {""atom"": ""COG.confusion"", ""overlap"": 193, ""jaccard"": 0.389}, {""atom"": ""TIM.appear"", ""overlap"": 193, ""jaccard"": 0.461}]",PER.fragrance,114,0,67,270,327,336
PER.sweet,PER,6,16,46,False,False,10.9,23.9,65.2,0,9.5,29,63.0,2.39,7,0,0,0,WLD.nonscience,4,0.005,"[{""atom"": ""WLD.nonscience"", ""overlap"": 4, ""jaccard"": 0.005}, {""atom"": ""PER.stench"", ""overlap"": 4, ""jaccard"": 0.011}, {""atom"": ""PER.fragrance"", ""overlap"": 4, ""jaccard"": 0.02}, {""atom"": ""PER.taste"", ""overlap"": 4, ""jaccard"": 0.02}, {""atom"": ""SOC.individual"", ""overlap"": 3, ""jaccard"": 0.0}]",PER.salty,1,0,0,46,46,46
PER.taste,PER,6,22,156,False,False,67.9,22.4,9.6,0,39.4,16,10.3,6.79,23,16,2,0,PER.touch,49,0.064,"[{""atom"": ""PER.touch"", ""overlap"": 49, ""jaccard"": 0.064}, {""atom"": ""PER.smell"", ""overlap"": 42, ""jaccard"": 0.198}, {""atom"": ""PER.feel"", ""overlap"": 42, ""jaccard"": 0.119}, {""atom"": ""PER.stench"", ""overlap"": 37, ""jaccard"": 0.081}, {""atom"": ""BOD.eye"", ""overlap"": 35, ""jaccard"": 0.119}]",PER.tasteless,2,0,1,140,154,156
PER.tasteless,PER,4,9,53,False,False,17.0,0,83.0,0,0.0,41,77.4,1.34,3,0,0,0,PER.taste,2,0.01,"[{""atom"": ""PER.taste"", ""overlap"": 2, ""jaccard"": 0.01}, {""atom"": ""FND.spatiality"", ""overlap"": 2, ""jaccard"": 0.004}, {""atom"": ""WLD.uncultured"", ""overlap"": 2, ""jaccard"": 0.026}, {""atom"": ""VAL.ugliness"", ""overlap"": 2, ""jaccard"": 0.012}, {""atom"": ""ECO.waste"", ""overlap"": 1, ""jaccard"": 0.002}]",PER.taste,2,0,0,53,53,53
PER.touch,PER,6,17,656,False,False,59.9,38.6,1.5,0,25.8,163,24.8,5.16,16,34,5,0,ACT.move,133,0.036,"[{""atom"": ""ACT.move"", ""overlap"": 133, ""jaccard"": 0.036}, {""atom"": ""PER.stench"", ""overlap"": 92, ""jaccard"": 0.102}, {""atom"": ""ELM.fire"", ""overlap"": 85, ""jaccard"": 0.107}, {""atom"": ""FND.spatiality"", ""overlap"": 76, ""jaccard"": 0.073}, {""atom"": ""SPC.direction"", ""overlap"": 76, ""jaccard"": 0.066}]",PER.untouched,0,0,0,622,651,656
PER.untouched,PER,6,8,16,False,False,18.8,0,81.2,0,0.0,8,50.0,1.75,4,0,0,0,PRP.whole,5,0.003,"[{""atom"": ""PRP.whole"", ""overlap"": 5, ""jaccard"": 0.003}, {""atom"": ""PRP.clean"", ""overlap"": 2, ""jaccard"": 0.03}, {""atom"": ""PER.numb"", ""overlap"": 1, ""jaccard"": 0.017}, {""atom"": ""VAL.good"", ""overlap"": 1, ""jaccard"": 0.008}, {""atom"": ""FND.intuition"", ""overlap"": 1, ""jaccard"": 0.009}]",PER.touch,0,0,0,16,16,16
PRP.aged,PRP,6,7,76,False,False,10.5,0,89.5,0,1.1,5,6.6,2.57,8,0,0,0,PRP.old,65,0.085,"[{""atom"": ""PRP.old"", ""overlap"": 65, ""jaccard"": 0.085}, {""atom"": ""BEI.child"", ""overlap"": 6, ""jaccard"": 0.021}, {""atom"": ""TIM.past"", ""overlap"": 5, ""jaccard"": 0.017}, {""atom"": ""COG.enlightenment"", ""overlap"": 3, ""jaccard"": 0.009}, {""atom"": ""SOC.nation"", ""overlap"": 3, ""jaccard"": 0.006}]",PRP.young,1,0,1,76,76,76
PRP.blunt,PRP,6,4,704,False,False,0.3,98.4,1.3,0,97.2,6,0.9,16.88,27,289,15,0,CHG.grow,693,0.636,"[{""atom"": ""CHG.grow"", ""overlap"": 693, ""jaccard"": 0.636}, {""atom"": ""COM.cooperate"", ""overlap"": 693, ""jaccard"": 0.836}, {""atom"": ""VAL.profane"", ""overlap"": 693, ""jaccard"": 0.879}, {""atom"": ""VAL.correct"", ""overlap"": 693, ""jaccard"": 0.778}, {""atom"": ""EXS.nonbeing"", ""overlap"": 693, ""jaccard"": 0.784}]",PRP.sharp,4,0,4,415,689,704
PRP.bright,PRP,6,9,77,False,False,10.4,0,89.6,0,0.0,6,7.8,2.32,4,0,0,0,ELM.light,68,0.234,"[{""atom"": ""ELM.light"", ""overlap"": 68, ""jaccard"": 0.234}, {""atom"": ""PRP.smooth"", ""overlap"": 7, ""jaccard"": 0.008}, {""atom"": ""ABS.wise"", ""overlap"": 5, ""jaccard"": 0.034}, {""atom"": ""ACT.emit"", ""overlap"": 4, ""jaccard"": 0.008}, {""atom"": ""FND.mind"", ""overlap"": 3, ""jaccard"": 0.007}]",PRP.dark,0,0,0,77,77,77
PRP.clean,PRP,6,13,53,False,False,15.1,0,84.9,0,0.0,30,56.6,2.26,7,0,0,0,PRP.clear,5,0.02,"[{""atom"": ""PRP.clear"", ""overlap"": 5, ""jaccard"": 0.02}, {""atom"": ""STA.comfort"", ""overlap"": 5, ""jaccard"": 0.01}, {""atom"": ""PRP.new"", ""overlap"": 4, ""jaccard"": 0.04}, {""atom"": ""VAL.good"", ""overlap"": 4, ""jaccard"": 0.025}, {""atom"": ""VAL.truth"", ""overlap"": 3, ""jaccard"": 0.009}]",PRP.dirty,1,1,0,53,53,53
PRP.clear,PRP,6,11,204,False,False,29.4,54.4,16.2,0,71.5,23,11.3,8.44,27,30,6,0,ACT.make,113,0.066,"[{""atom"": ""ACT.make"", ""overlap"": 113, ""jaccard"": 0.066}, {""atom"": ""ACT.create"", ""overlap"": 113, ""jaccard"": 0.058}, {""atom"": ""ACT.build"", ""overlap"": 113, ""jaccard"": 0.094}, {""atom"": ""SOC.nation"", ""overlap"": 53, ""jaccard"": 0.098}, {""atom"": ""SPC.place"", ""overlap"": 53, ""jaccard"": 0.048}]",PRP.murky,0,0,0,174,198,204
PRP.cold,PRP,6,12,121,False,False,67.8,3.3,28.9,0,36.4,39,32.2,2.23,4,1,0,0,STA.illness,38,0.034,"[{""atom"": ""STA.illness"", ""overlap"": 38, ""jaccard"": 0.034}, {""atom"": ""COM.conduct"", ""overlap"": 29, ""jaccard"": 0.026}, {""atom"": ""FND.transformation"", ""overlap"": 12, ""jaccard"": 0.004}, {""atom"": ""ACT.dissolve"", ""overlap"": 4, ""jaccard"": 0.015}, {""atom"": ""ACT.sink"", ""overlap"": 4, ""jaccard"": 0.008}]",PRP.hot,0,0,0,120,121,121
PRP.dark,PRP,6,20,553,False,False,36.9,53.9,9.2,0,81.7,27,4.9,15.2,28,206,18,0,FND.transformation,315,0.105,"[{""atom"": ""FND.transformation"", ""overlap"": 315, ""jaccard"": 0.105}, {""atom"": ""ACT.make"", ""overlap"": 297, ""jaccard"": 0.159}, {""atom"": ""ECO.buy"", ""overlap"": 297, ""jaccard"": 0.402}, {""atom"": ""ACT.rise"", ""overlap"": 296, ""jaccard"": 0.36}, {""atom"": ""COG.learn"", ""overlap"": 296, ""jaccard"": 0.314}]",PRP.bright,0,0,0,347,535,553
PRP.deep,PRP,6,9,69,False,False,31.9,0,68.1,0,15.1,30,43.5,2.64,6,1,0,0,SPC.place,6,0.006,"[{""atom"": ""SPC.place"", ""overlap"": 6, ""jaccard"": 0.006}, {""atom"": ""PRP.far"", ""overlap"": 5, ""jaccard"": 0.017}, {""atom"": ""EMO.anger"", ""overlap"": 5, ""jaccard"": 0.024}, {""atom"": ""PRP.wide"", ""overlap"": 5, ""jaccard"": 0.025}, {""atom"": ""PRP.low"", ""overlap"": 4, ""jaccard"": 0.023}]",PRP.shallow,1,0,1,68,69,69
PRP.difficult,PRP,6,12,152,False,False,27.6,34.9,37.5,0,1.1,32,21.1,4.05,12,4,1,0,PRP.hard,38,0.072,"[{""atom"": ""PRP.hard"", ""overlap"": 38, ""jaccard"": 0.072}, {""atom"": ""SOC.request"", ""overlap"": 35, ""jaccard"": 0.077}, {""atom"": ""SOC.individual"", ""overlap"": 22, ""jaccard"": 0.003}, {""atom"": ""ACT.agitate"", ""overlap"": 19, ""jaccard"": 0.03}, {""atom"": ""ACT.create"", ""overlap"": 18, ""jaccard"": 0.009}]",PRP.easy,0,0,0,148,151,152
PRP.dirty,PRP,6,10,64,False,False,14.1,0,85.9,0,0.0,41,64.1,1.89,5,0,0,0,ELM.earth,9,0.024,"[{""atom"": ""ELM.earth"", ""overlap"": 9, ""jaccard"": 0.024}, {""atom"": ""ELM.darkness"", ""overlap"": 4, ""jaccard"": 0.013}, {""atom"": ""PRP.dark"", ""overlap"": 4, ""jaccard"": 0.007}, {""atom"": ""VAL.evil"", ""overlap"": 4, ""jaccard"": 0.019}, {""atom"": ""EXS.matter"", ""overlap"": 4, ""jaccard"": 0.002}]",PRP.clean,1,0,0,64,64,64
PRP.dry,PRP,6,9,744,False,False,1.1,94.9,4.0,0,91.0,39,5.2,16.05,27,289,15,0,FND.transformation,694,0.247,"[{""atom"": ""FND.transformation"", ""overlap"": 694, ""jaccard"": 0.247}, {""atom"": ""PRP.blunt"", ""overlap"": 693, ""jaccard"": 0.918}, {""atom"": ""CHG.grow"", ""overlap"": 692, ""jaccard"": 0.612}, {""atom"": ""COM.cooperate"", ""overlap"": 692, ""jaccard"": 0.795}, {""atom"": ""VAL.profane"", ""overlap"": 692, ""jaccard"": 0.835}]",PRP.wet,7,0,13,455,729,744
PRP.easy,PRP,6,14,31,False,False,22.6,0,58.1,19.4,0.0,18,58.1,1.97,6,0,0,0,STA.comfort,7,0.014,"[{""atom"": ""STA.comfort"", ""overlap"": 7, ""jaccard"": 0.014}, {""atom"": ""VAL.truth"", ""overlap"": 3, ""jaccard"": 0.009}, {""atom"": ""SOC.rest"", ""overlap"": 2, ""jaccard"": 0.007}, {""atom"": ""TIM.period"", ""overlap"": 2, ""jaccard"": 0.002}, {""atom"": ""PRP.rough"", ""overlap"": 2, ""jaccard"": 0.012}]",PRP.difficult,0,0,0,31,31,31
PRP.far,PRP,6,6,231,False,False,87.4,0,12.1,0.4,81.9,146,63.2,2.52,10,5,0,0,SOC.individual,21,0.003,"[{""atom"": ""SOC.individual"", ""overlap"": 21, ""jaccard"": 0.003}, {""atom"": ""ACT.move"", ""overlap"": 18, ""jaccard"": 0.005}, {""atom"": ""EXS.being"", ""overlap"": 14, ""jaccard"": 0.003}, {""atom"": ""LOG.cause"", ""overlap"": 13, ""jaccard"": 0.004}, {""atom"": ""SOC.homeless"", ""overlap"": 11, ""jaccard"": 0.007}]",PRP.near,0,0,0,226,231,231
PRP.fast,PRP,6,10,107,False,False,59.8,1.9,38.3,0,38.0,42,39.3,3.15,9,1,0,0,PRP.part,38,0.035,"[{""atom"": ""PRP.part"", ""overlap"": 38, ""jaccard"": 0.035}, {""atom"": ""BOD.hip"", ""overlap"": 38, ""jaccard"": 0.12}, {""atom"": ""PRP.short"", ""overlap"": 38, ""jaccard"": 0.134}, {""atom"": ""MAT.food"", ""overlap"": 5, ""jaccard"": 0.003}, {""atom"": ""SPC.place"", ""overlap"": 5, ""jaccard"": 0.005}]",PRP.slow,0,0,0,106,107,107
PRP.hard,PRP,6,13,416,False,False,81.0,3.4,15.4,0.2,5.4,40,9.6,2.74,6,5,0,0,MAT.food,233,0.124,"[{""atom"": ""MAT.food"", ""overlap"": 233, ""jaccard"": 0.124}, {""atom"": ""EXS.matter"", ""overlap"": 137, ""jaccard"": 0.054}, {""atom"": ""PRP.difficult"", ""overlap"": 38, ""jaccard"": 0.072}, {""atom"": ""FND.transformation"", ""overlap"": 15, ""jaccard"": 0.005}, {""atom"": ""LOG.cause"", ""overlap"": 12, ""jaccard"": 0.003}]",PRP.soft,0,0,0,411,416,416
PRP.heavy,PRP,6,5,34,False,False,17.6,0,82.4,0,0.0,23,67.6,2.03,8,0,0,0,EMO.unhappiness,5,0.021,"[{""atom"": ""EMO.unhappiness"", ""overlap"": 5, ""jaccard"": 0.021}, {""atom"": ""PRP.large"", ""overlap"": 3, ""jaccard"": 0.02}, {""atom"": ""EMO.pride"", ""overlap"": 2, ""jaccard"": 0.007}, {""atom"": ""PRP.murky"", ""overlap"": 2, ""jaccard"": 0.023}, {""atom"": ""FND.unchanging"", ""overlap"": 1, ""jaccard"": 0.005}]",PRP.light,0,0,0,34,34,34
PRP.high,PRP,6,8,92,False,False,79.3,0,20.7,0,50.5,42,45.7,2.93,10,2,0,0,PRP.low,22,0.123,"[{""atom"": ""PRP.low"", ""overlap"": 22, ""jaccard"": 0.123}, {""atom"": ""PRP.large"", ""overlap"": 17, ""jaccard"": 0.088}, {""atom"": ""FND.spatiality"", ""overlap"": 6, ""jaccard"": 0.011}, {""atom"": ""EXS.being"", ""overlap"": 5, ""jaccard"": 0.001}, {""atom"": ""PER.touch"", ""overlap"": 5, ""jaccard"": 0.007}]",PRP.low,22,0,18,90,92,92
PRP.hot,PRP,6,11,55,False,False,10.9,0,89.1,0,0.0,37,67.3,2.51,12,0,0,0,EMO.pleasure,5,0.022,"[{""atom"": ""EMO.pleasure"", ""overlap"": 5, ""jaccard"": 0.022}, {""atom"": ""EMO.despair"", ""overlap"": 5, ""jaccard"": 0.015}, {""atom"": ""EMO.unhappiness"", ""overlap"": 5, ""jaccard"": 0.019}, {""atom"": ""EMO.respect"", ""overlap"": 5, ""jaccard"": 0.013}, {""atom"": ""EMO.dislike"", ""overlap"": 5, ""jaccard"": 0.021}]",PRP.cold,0,0,0,55,55,55
PRP.impossible,PRP,5,6,30,False,False,20.0,0,80.0,0,0.0,25,83.3,1.43,4,0,0,0,EXS.nonbeing,3,0.003,"[{""atom"": ""EXS.nonbeing"", ""overlap"": 3, ""jaccard"": 0.003}, {""atom"": ""EMO.despair"", ""overlap"": 2, ""jaccard"": 0.006}, {""atom"": ""EXS.void"", ""overlap"": 2, ""jaccard"": 0.002}, {""atom"": ""PRP.dark"", ""overlap"": 1, ""jaccard"": 0.002}, {""atom"": ""WLD.unskilled"", ""overlap"": 1, ""jaccard"": 0.001}]",PRP.possible,0,0,0,30,30,30
PRP.large,PRP,6,16,119,False,False,19.3,0.8,79.0,0.8,8.7,81,68.1,1.76,5,0,0,0,PRP.high,17,0.088,"[{""atom"": ""PRP.high"", ""overlap"": 17, ""jaccard"": 0.088}, {""atom"": ""PRP.wide"", ""overlap"": 6, ""jaccard"": 0.024}, {""atom"": ""SOC.individual"", ""overlap"": 6, ""jaccard"": 0.001}, {""atom"": ""EXS.being"", ""overlap"": 5, ""jaccard"": 0.001}, {""atom"": ""PRP.deep"", ""overlap"": 4, ""jaccard"": 0.022}]",PRP.small,1,0,1,119,119,119
PRP.light,PRP,6,6,23,False,False,47.8,0,52.2,0,22.2,9,39.1,2.26,5,0,0,0,SOC.individual,8,0.001,"[{""atom"": ""SOC.individual"", ""overlap"": 8, ""jaccard"": 0.001}, {""atom"": ""ELM.light"", ""overlap"": 2, ""jaccard"": 0.007}, {""atom"": ""EMO.joy"", ""overlap"": 2, ""jaccard"": 0.012}, {""atom"": ""LOG.cause"", ""overlap"": 2, ""jaccard"": 0.001}, {""atom"": ""EXS.being"", ""overlap"": 2, ""jaccard"": 0.0}]",PRP.heavy,0,0,0,23,23,23
PRP.long,PRP,6,14,142,False,False,4.2,53.5,42.3,0,42.4,61,43.0,7.08,28,22,6,0,FND.transformation,47,0.016,"[{""atom"": ""FND.transformation"", ""overlap"": 47, ""jaccard"": 0.016}, {""atom"": ""EXS.being"", ""overlap"": 27, ""jaccard"": 0.006}, {""atom"": ""ACT.move"", ""overlap"": 21, ""jaccard"": 0.006}, {""atom"": ""CHG.grow"", ""overlap"": 20, ""jaccard"": 0.017}, {""atom"": ""ACT.go"", ""overlap"": 20, ""jaccard"": 0.025}]",PRP.short,0,0,0,120,136,142
PRP.low,PRP,6,12,109,False,False,60.6,18.3,21.1,0,27.8,31,28.4,3.93,16,6,0,0,BOD.face,42,0.149,"[{""atom"": ""BOD.face"", ""overlap"": 42, ""jaccard"": 0.149}, {""atom"": ""PRP.high"", ""overlap"": 22, ""jaccard"": 0.123}, {""atom"": ""ABS.bound"", ""overlap"": 21, ""jaccard"": 0.034}, {""atom"": ""PRP.part"", ""overlap"": 10, ""jaccard"": 0.009}, {""atom"": ""SPC.place"", ""overlap"": 9, ""jaccard"": 0.009}]",PRP.high,22,0,17,103,109,109
PRP.multiple,PRP,6,8,78,False,False,16.7,5.1,78.2,0,1.0,54,69.2,1.74,4,1,0,0,FND.number,16,0.018,"[{""atom"": ""FND.number"", ""overlap"": 16, ""jaccard"": 0.018}, {""atom"": ""SOC.individual"", ""overlap"": 5, ""jaccard"": 0.001}, {""atom"": ""ACT.move"", ""overlap"": 3, ""jaccard"": 0.001}, {""atom"": ""SOC.homeless"", ""overlap"": 2, ""jaccard"": 0.001}, {""atom"": ""PRP.whole"", ""overlap"": 2, ""jaccard"": 0.001}]",PRP.single,1,0,0,77,78,78
PRP.murky,PRP,6,9,56,False,False,17.9,0,82.1,0,0.0,35,62.5,1.91,5,0,0,0,TIM.indefinite,3,0.037,"[{""atom"": ""TIM.indefinite"", ""overlap"": 3, ""jaccard"": 0.037}, {""atom"": ""ELM.water"", ""overlap"": 3, ""jaccard"": 0.005}, {""atom"": ""PRP.wet"", ""overlap"": 3, ""jaccard"": 0.018}, {""atom"": ""COG.confusion"", ""overlap"": 3, ""jaccard"": 0.007}, {""atom"": ""PRP.narrow"", ""overlap"": 2, ""jaccard"": 0.011}]",PRP.clear,0,0,0,56,56,56
PRP.narrow,PRP,6,16,126,False,False,10.3,49.2,40.5,0,33.3,56,44.4,5.63,25,13,4,0,FND.transformation,38,0.013,"[{""atom"": ""FND.transformation"", ""overlap"": 38, ""jaccard"": 0.013}, {""atom"": ""CHG.grow"", ""overlap"": 22, ""jaccard"": 0.019}, {""atom"": ""ACT.create"", ""overlap"": 20, ""jaccard"": 0.01}, {""atom"": ""EXS.void"", ""overlap"": 18, ""jaccard"": 0.018}, {""atom"": ""COM.cooperate"", ""overlap"": 17, ""jaccard"": 0.018}]",PRP.wide,1,1,0,113,122,126
PRP.near,PRP,6,16,74,False,False,4.1,36.5,48.6,10.8,25.6,39,52.7,5.86,26,8,2,0,ACT.stop,28,0.118,"[{""atom"": ""ACT.stop"", ""overlap"": 28, ""jaccard"": 0.118}, {""atom"": ""FND.transformation"", ""overlap"": 14, ""jaccard"": 0.005}, {""atom"": ""CHG.end"", ""overlap"": 12, ""jaccard"": 0.012}, {""atom"": ""ACT.dissolve"", ""overlap"": 10, ""jaccard"": 0.048}, {""atom"": ""ACT.move"", ""overlap"": 10, ""jaccard"": 0.003}]",PRP.far,0,0,0,66,72,74
PRP.new,PRP,6,6,51,False,False,11.8,0,88.2,0,0.0,23,45.1,2.12,5,0,0,0,WLD.unskilled,7,0.009,"[{""atom"": ""WLD.unskilled"", ""overlap"": 7, ""jaccard"": 0.009}, {""atom"": ""PRP.clean"", ""overlap"": 4, ""jaccard"": 0.04}, {""atom"": ""TIM.past"", ""overlap"": 3, ""jaccard"": 0.011}, {""atom"": ""PRP.old"", ""overlap"": 3, ""jaccard"": 0.004}, {""atom"": ""SOC.individual"", ""overlap"": 3, ""jaccard"": 0.0}]",PRP.old,3,1,0,51,51,51
PRP.old,PRP,6,4,757,False,False,91.3,0,8.7,0,88.3,0,0.0,12.76,17,122,1,0,SOC.individual,657,0.09,"[{""atom"": ""SOC.individual"", ""overlap"": 657, ""jaccard"": 0.09}, {""atom"": ""EXS.being"", ""overlap"": 635, ""jaccard"": 0.132}, {""atom"": ""LOG.cause"", ""overlap"": 635, ""jaccard"": 0.178}, {""atom"": ""BEI.male"", ""overlap"": 634, ""jaccard"": 0.596}, {""atom"": ""BEI.female"", ""overlap"": 633, ""jaccard"": 0.563}]",PRP.new,3,1,0,635,756,757
PRP.part,PRP,6,10,1020,False,False,90.8,5.0,4.2,0,17.2,391,38.3,3.56,10,23,2,0,BOD.hip,168,0.153,"[{""atom"": ""BOD.hip"", ""overlap"": 168, ""jaccard"": 0.153}, {""atom"": ""PRP.whole"", ""overlap"": 121, ""jaccard"": 0.05}, {""atom"": ""BOD.head"", ""overlap"": 114, ""jaccard"": 0.097}, {""atom"": ""ACT.sit"", ""overlap"": 101, ""jaccard"": 0.074}, {""atom"": ""PRP.small"", ""overlap"": 101, ""jaccard"": 0.09}]",PRP.whole,121,0,76,997,1018,1020
PRP.possible,PRP,6,12,295,False,False,91.5,1.0,7.5,0,75.8,197,66.8,2.47,8,6,0,0,EXS.being,36,0.007,"[{""atom"": ""EXS.being"", ""overlap"": 36, ""jaccard"": 0.007}, {""atom"": ""SOC.individual"", ""overlap"": 27, ""jaccard"": 0.004}, {""atom"": ""LOG.cause"", ""overlap"": 25, ""jaccard"": 0.007}, {""atom"": ""PRP.whole"", ""overlap"": 22, ""jaccard"": 0.012}, {""atom"": ""EMO.hope"", ""overlap"": 19, ""jaccard"": 0.048}]",PRP.impossible,0,0,0,289,295,295
PRP.rough,PRP,6,8,143,False,False,2.8,0,95.8,1.4,0.0,111,77.6,1.43,4,0,0,0,PER.touch,6,0.008,"[{""atom"": ""PER.touch"", ""overlap"": 6, ""jaccard"": 0.008}, {""atom"": ""EXS.matter"", ""overlap"": 5, ""jaccard"": 0.002}, {""atom"": ""PER.bitter"", ""overlap"": 4, ""jaccard"": 0.023}, {""atom"": ""PRP.hard"", ""overlap"": 3, ""jaccard"": 0.005}, {""atom"": ""PRP.difficult"", ""overlap"": 3, ""jaccard"": 0.01}]",PRP.smooth,1,1,0,143,143,143
PRP.shallow,PRP,6,6,323,False,False,84.2,5.6,10.2,0,27.4,125,38.7,4.08,12,11,1,0,PRP.whole,113,0.065,"[{""atom"": ""PRP.whole"", ""overlap"": 113, ""jaccard"": 0.065}, {""atom"": ""ELM.water"", ""overlap"": 39, ""jaccard"": 0.049}, {""atom"": ""PER.salty"", ""overlap"": 36, ""jaccard"": 0.105}, {""atom"": ""NAT.sea"", ""overlap"": 35, ""jaccard"": 0.072}, {""atom"": ""NAT.river"", ""overlap"": 33, ""jaccard"": 0.059}]",PRP.deep,1,0,1,312,322,323
PRP.sharp,PRP,6,17,190,False,False,14.7,70.5,14.7,0,48.5,57,30.0,5.18,17,12,2,0,COM.announce,72,0.153,"[{""atom"": ""COM.announce"", ""overlap"": 72, ""jaccard"": 0.153}, {""atom"": ""COG.learn"", ""overlap"": 71, ""jaccard"": 0.088}, {""atom"": ""COM.teach"", ""overlap"": 67, ""jaccard"": 0.179}, {""atom"": ""COM.speak"", ""overlap"": 25, ""jaccard"": 0.026}, {""atom"": ""SOC.individual"", ""overlap"": 20, ""jaccard"": 0.003}]",PRP.blunt,4,0,3,178,188,190
PRP.short,PRP,6,6,215,False,False,99.1,0.9,0,0,87.1,49,22.8,3.85,12,5,0,0,EMO.manifest,62,0.171,"[{""atom"": ""EMO.manifest"", ""overlap"": 62, ""jaccard"": 0.171}, {""atom"": ""PRP.part"", ""overlap"": 45, ""jaccard"": 0.038}, {""atom"": ""BOD.hip"", ""overlap"": 39, ""jaccard"": 0.092}, {""atom"": ""PRP.fast"", ""overlap"": 38, ""jaccard"": 0.134}, {""atom"": ""TIM.moment"", ""overlap"": 34, ""jaccard"": 0.094}]",PRP.long,0,0,0,210,215,215
PRP.single,PRP,6,15,115,False,False,81.7,0,18.3,0,68.6,16,13.9,3.2,8,0,0,0,ABS.self,92,0.101,"[{""atom"": ""ABS.self"", ""overlap"": 92, ""jaccard"": 0.101}, {""atom"": ""FND.number"", ""overlap"": 87, ""jaccard"": 0.102}, {""atom"": ""SOC.individual"", ""overlap"": 11, ""jaccard"": 0.002}, {""atom"": ""EXS.being"", ""overlap"": 7, ""jaccard"": 0.001}, {""atom"": ""SOC.family"", ""overlap"": 5, ""jaccard"": 0.001}]",PRP.multiple,1,1,0,115,115,115
PRP.slow,PRP,6,10,101,False,False,13.9,61.4,24.8,0,38.8,28,27.7,6.54,25,12,3,0,FND.transformation,56,0.02,"[{""atom"": ""FND.transformation"", ""overlap"": 56, ""jaccard"": 0.02}, {""atom"": ""CHG.grow"", ""overlap"": 21, ""jaccard"": 0.018}, {""atom"": ""SOC.awake"", ""overlap"": 20, ""jaccard"": 0.021}, {""atom"": ""EXS.void"", ""overlap"": 20, ""jaccard"": 0.02}, {""atom"": ""CHG.end"", ""overlap"": 19, ""jaccard"": 0.018}]",PRP.fast,0,0,0,89,98,101
PRP.small,PRP,6,25,208,False,False,67.8,1.0,31.2,0,55.8,53,25.5,3.88,9,4,0,0,PRP.part,101,0.09,"[{""atom"": ""PRP.part"", ""overlap"": 101, ""jaccard"": 0.09}, {""atom"": ""ACT.sit"", ""overlap"": 99, ""jaccard"": 0.176}, {""atom"": ""BOD.hip"", ""overlap"": 98, ""jaccard"": 0.274}, {""atom"": ""WLD.art"", ""overlap"": 30, ""jaccard"": 0.069}, {""atom"": ""PRP.shallow"", ""overlap"": 12, ""jaccard"": 0.023}]",PRP.large,1,0,0,204,208,208
PRP.smooth,PRP,6,12,818,False,False,6.6,89.9,3.5,0,91.9,36,4.4,15.09,27,292,15,0,FND.transformation,736,0.259,"[{""atom"": ""FND.transformation"", ""overlap"": 736, ""jaccard"": 0.259}, {""atom"": ""CHG.grow"", ""overlap"": 699, ""jaccard"": 0.584}, {""atom"": ""CHG.end"", ""overlap"": 695, ""jaccard"": 0.638}, {""atom"": ""ACT.create"", ""overlap"": 695, ""jaccard"": 0.348}, {""atom"": ""COM.cooperate"", ""overlap"": 693, ""jaccard"": 0.735}]",PRP.rough,1,0,0,526,803,818
PRP.soft,PRP,6,13,106,False,False,11.3,39.6,49.1,0,9.7,44,41.5,3.52,15,5,1,0,ACT.calm,32,0.158,"[{""atom"": ""ACT.calm"", ""overlap"": 32, ""jaccard"": 0.158}, {""atom"": ""FND.transformation"", ""overlap"": 11, ""jaccard"": 0.004}, {""atom"": ""ACT.create"", ""overlap"": 10, ""jaccard"": 0.005}, {""atom"": ""ACT.make"", ""overlap"": 8, ""jaccard"": 0.005}, {""atom"": ""ACT.build"", ""overlap"": 8, ""jaccard"": 0.007}]",PRP.hard,0,0,0,101,105,106
PRP.strong,PRP,6,5,55,False,False,7.3,0,92.7,0,0.0,36,65.5,1.62,4,0,0,0,PRP.hard,4,0.009,"[{""atom"": ""PRP.hard"", ""overlap"": 4, ""jaccard"": 0.009}, {""atom"": ""PRP.difficult"", ""overlap"": 3, ""jaccard"": 0.015}, {""atom"": ""PRP.deep"", ""overlap"": 3, ""jaccard"": 0.025}, {""atom"": ""EXS.vitality"", ""overlap"": 2, ""jaccard"": 0.006}, {""atom"": ""SOC.official"", ""overlap"": 2, ""jaccard"": 0.004}]",PRP.weak,1,1,0,55,55,55
PRP.weak,PRP,6,11,62,False,False,41.9,0,58.1,0,22.7,45,72.6,1.87,6,0,0,0,STA.illness,3,0.003,"[{""atom"": ""STA.illness"", ""overlap"": 3, ""jaccard"": 0.003}, {""atom"": ""EMO.unhappiness"", ""overlap"": 2, ""jaccard"": 0.007}, {""atom"": ""WLD.unskilled"", ""overlap"": 2, ""jaccard"": 0.002}, {""atom"": ""EMO.despair"", ""overlap"": 2, ""jaccard"": 0.006}, {""atom"": ""FND.spatiality"", ""overlap"": 2, ""jaccard"": 0.004}]",PRP.strong,1,0,0,62,62,62
PRP.wet,PRP,6,13,111,False,False,14.4,50.5,35.1,0,26.7,15,13.5,5.12,27,8,3,0,ELM.water,41,0.07,"[{""atom"": ""ELM.water"", ""overlap"": 41, ""jaccard"": 0.07}, {""atom"": ""ABS.bound"", ""overlap"": 30, ""jaccard"": 0.049}, {""atom"": ""SOC.individual"", ""overlap"": 15, ""jaccard"": 0.002}, {""atom"": ""STA.illness"", ""overlap"": 15, ""jaccard"": 0.013}, {""atom"": ""CHG.grow"", ""overlap"": 11, ""jaccard"": 0.009}]",PRP.dry,7,0,2,103,108,111
PRP.whole,PRP,6,7,1539,False,False,86.5,10.7,2.7,0,9.9,613,39.8,3.93,13,57,5,0,EXS.being,169,0.028,"[{""atom"": ""EXS.being"", ""overlap"": 169, ""jaccard"": 0.028}, {""atom"": ""SOC.individual"", ""overlap"": 165, ""jaccard"": 0.019}, {""atom"": ""PRP.part"", ""overlap"": 121, ""jaccard"": 0.05}, {""atom"": ""ACT.move"", ""overlap"": 121, ""jaccard"": 0.027}, {""atom"": ""CHG.end"", ""overlap"": 120, ""jaccard"": 0.05}]",PRP.part,121,1,63,1482,1534,1539
PRP.wide,PRP,6,7,140,False,False,85.7,0,12.9,1.4,76.6,15,10.7,4.4,7,1,0,0,SOC.individual,114,0.016,"[{""atom"": ""SOC.individual"", ""overlap"": 114, ""jaccard"": 0.016}, {""atom"": ""VAL.beauty"", ""overlap"": 114, ""jaccard"": 0.393}, {""atom"": ""BEI.female"", ""overlap"": 114, ""jaccard"": 0.111}, {""atom"": ""EXS.being"", ""overlap"": 17, ""jaccard"": 0.004}, {""atom"": ""LOG.cause"", ""overlap"": 14, ""jaccard"": 0.004}]",PRP.narrow,1,0,0,139,140,140
PRP.young,PRP,6,10,764,False,False,94.9,0.5,4.6,0,79.3,27,3.5,12.82,17,122,1,0,SOC.individual,710,0.098,"[{""atom"": ""SOC.individual"", ""overlap"": 710, ""jaccard"": 0.098}, {""atom"": ""EXS.being"", ""overlap"": 665, ""jaccard"": 0.139}, {""atom"": ""LOG.cause"", ""overlap"": 663, ""jaccard"": 0.187}, {""atom"": ""ACT.move"", ""overlap"": 634, ""jaccard"": 0.194}, {""atom"": ""BEI.male"", ""overlap"": 634, ""jaccard"": 0.592}]",PRP.aged,1,0,0,642,763,764
REL.alone,REL,6,22,44,False,False,47.7,0,36.4,15.9,21.7,29,65.9,1.66,4,0,0,0,SOC.individual,9,0.001,"[{""atom"": ""SOC.individual"", ""overlap"": 9, ""jaccard"": 0.001}, {""atom"": ""EXS.being"", ""overlap"": 5, ""jaccard"": 0.001}, {""atom"": ""LOG.cause"", ""overlap"": 4, ""jaccard"": 0.001}, {""atom"": ""COG.separate"", ""overlap"": 2, ""jaccard"": 0.008}, {""atom"": ""PRP.far"", ""overlap"": 2, ""jaccard"": 0.007}]",REL.together,0,0,0,44,44,44
REL.different,REL,6,6,36,False,False,11.1,2.8,86.1,0,0.0,4,11.1,2.44,5,0,0,0,ABS.other,28,0.636,"[{""atom"": ""ABS.other"", ""overlap"": 28, ""jaccard"": 0.636}, {""atom"": ""EMO.like"", ""overlap"": 2, ""jaccard"": 0.016}, {""atom"": ""COM.conflict"", ""overlap"": 2, ""jaccard"": 0.005}, {""atom"": ""PRP.multiple"", ""overlap"": 2, ""jaccard"": 0.018}, {""atom"": ""SOC.individual"", ""overlap"": 2, ""jaccard"": 0.0}]",REL.same,1,0,0,36,36,36
REL.same,REL,6,15,853,False,False,96.2,2.0,1.8,0,81.3,40,4.7,11.77,17,127,1,0,SOC.individual,789,0.109,"[{""atom"": ""SOC.individual"", ""overlap"": 789, ""jaccard"": 0.109}, {""atom"": ""EXS.being"", ""overlap"": 662, ""jaccard"": 0.136}, {""atom"": ""LOG.cause"", ""overlap"": 662, ""jaccard"": 0.182}, {""atom"": ""SOC.family"", ""overlap"": 640, ""jaccard"": 0.155}, {""atom"": ""BEI.beast"", ""overlap"": 634, ""jaccard"": 0.438}]",REL.different,1,1,0,726,852,853
REL.together,REL,6,5,95,False,False,23.2,72.6,2.1,2.1,30.1,5,5.3,5.56,18,6,2,0,COM.cooperate,70,0.083,"[{""atom"": ""COM.cooperate"", ""overlap"": 70, ""jaccard"": 0.083}, {""atom"": ""SOC.individual"", ""overlap"": 16, ""jaccard"": 0.002}, {""atom"": ""EXS.being"", ""overlap"": 13, ""jaccard"": 0.003}, {""atom"": ""ACT.move"", ""overlap"": 12, ""jaccard"": 0.004}, {""atom"": ""FND.transformation"", ""overlap"": 11, ""jaccard"": 0.004}]",REL.alone,0,0,0,89,93,95
SOC.attack,SOC,6,11,227,False,False,18.9,80.6,0.4,0,70.6,22,9.7,8.76,23,25,7,0,CHG.begin,170,0.354,"[{""atom"": ""CHG.begin"", ""overlap"": 170, ""jaccard"": 0.354}, {""atom"": ""ACT.create"", ""overlap"": 152, ""jaccard"": 0.078}, {""atom"": ""ACT.descend"", ""overlap"": 151, ""jaccard"": 0.191}, {""atom"": ""SOC.pass"", ""overlap"": 148, ""jaccard"": 0.291}, {""atom"": ""ACT.sink"", ""overlap"": 145, ""jaccard"": 0.332}]",SOC.defend,4,0,5,202,220,227
SOC.awake,SOC,6,13,877,False,False,1.3,95.7,3.1,0,91.4,18,2.1,15.21,27,305,19,0,FND.transformation,832,0.296,"[{""atom"": ""FND.transformation"", ""overlap"": 832, ""jaccard"": 0.296}, {""atom"": ""EXS.void"", ""overlap"": 826, ""jaccard"": 0.855}, {""atom"": ""CHG.grow"", ""overlap"": 707, ""jaccard"": 0.567}, {""atom"": ""ACT.create"", ""overlap"": 706, ""jaccard"": 0.346}, {""atom"": ""CHG.end"", ""overlap"": 695, ""jaccard"": 0.605}]",SOC.sleep,2,1,0,572,858,877
SOC.citizen,SOC,6,8,186,False,False,91.4,3.8,4.8,0,53.3,37,19.9,3.98,15,5,0,0,SOC.individual,98,0.013,"[{""atom"": ""SOC.individual"", ""overlap"": 98, ""jaccard"": 0.013}, {""atom"": ""LOG.cause"", ""overlap"": 61, ""jaccard"": 0.017}, {""atom"": ""EXS.being"", ""overlap"": 60, ""jaccard"": 0.012}, {""atom"": ""SOC.family"", ""overlap"": 51, ""jaccard"": 0.013}, {""atom"": ""ACT.move"", ""overlap"": 17, ""jaccard"": 0.005}]",SOC.official,2,0,1,181,186,186
SOC.city,SOC,6,5,45,False,False,75.6,4.4,20.0,0,43.1,18,40.0,3.71,17,3,0,0,SOC.nation,24,0.058,"[{""atom"": ""SOC.nation"", ""overlap"": 24, ""jaccard"": 0.058}, {""atom"": ""SPC.place"", ""overlap"": 6, ""jaccard"": 0.006}, {""atom"": ""SOC.individual"", ""overlap"": 4, ""jaccard"": 0.001}, {""atom"": ""WLD.realm"", ""overlap"": 3, ""jaccard"": 0.023}, {""atom"": ""ECO.save"", ""overlap"": 3, ""jaccard"": 0.012}]",SOC.village,1,0,1,42,45,45
SOC.criticize,SOC,6,14,271,False,False,26.6,67.5,5.9,0,25.0,96,35.4,3.66,14,8,0,0,COM.speak,66,0.066,"[{""atom"": ""COM.speak"", ""overlap"": 66, ""jaccard"": 0.066}, {""atom"": ""SOC.individual"", ""overlap"": 31, ""jaccard"": 0.004}, {""atom"": ""COG.think"", ""overlap"": 30, ""jaccard"": 0.032}, {""atom"": ""ACT.create"", ""overlap"": 24, ""jaccard"": 0.011}, {""atom"": ""COM.announce"", ""overlap"": 21, ""jaccard"": 0.035}]",SOC.praise,3,0,2,263,271,271
SOC.defend,SOC,6,8,171,False,False,50.9,43.3,5.8,0,28.1,76,44.4,4.67,18,13,1,0,SOC.individual,30,0.004,"[{""atom"": ""SOC.individual"", ""overlap"": 30, ""jaccard"": 0.004}, {""atom"": ""EXS.being"", ""overlap"": 22, ""jaccard"": 0.005}, {""atom"": ""TIM.now"", ""overlap"": 21, ""jaccard"": 0.084}, {""atom"": ""LOG.cause"", ""overlap"": 18, ""jaccard"": 0.005}, {""atom"": ""ACT.create"", ""overlap"": 15, ""jaccard"": 0.007}]",SOC.attack,4,0,3,158,170,171
SOC.family,SOC,6,15,3911,False,False,98.8,0.5,0.7,0,23.3,2801,71.6,3.71,15,130,1,0,SOC.individual,837,0.081,"[{""atom"": ""SOC.individual"", ""overlap"": 837, ""jaccard"": 0.081}, {""atom"": ""EXS.being"", ""overlap"": 766, ""jaccard"": 0.098}, {""atom"": ""BEI.beast"", ""overlap"": 701, ""jaccard"": 0.158}, {""atom"": ""LOG.cause"", ""overlap"": 700, ""jaccard"": 0.105}, {""atom"": ""BEI.female"", ""overlap"": 661, ""jaccard"": 0.156}]",SOC.homeless,21,0,21,3781,3910,3911
SOC.homeless,SOC,6,10,1428,False,False,35.2,63.2,1.6,0,10.5,7,0.5,6.6,20,130,18,0,ACT.move,1368,0.427,"[{""atom"": ""ACT.move"", ""overlap"": 1368, ""jaccard"": 0.427}, {""atom"": ""ACT.rise"", ""overlap"": 254, ""jaccard"": 0.146}, {""atom"": ""ACT.agitate"", ""overlap"": 220, ""jaccard"": 0.129}, {""atom"": ""CHG.advance"", ""overlap"": 209, ""jaccard"": 0.124}, {""atom"": ""SOC.individual"", ""overlap"": 207, ""jaccard"": 0.025}]",SOC.family,21,0,2,1298,1410,1428
SOC.individual,SOC,6,8,7196,False,False,84.5,10.6,4.8,0,8.0,2171,30.2,4.26,15,247,12,0,EXS.being,3146,0.36,"[{""atom"": ""EXS.being"", ""overlap"": 3146, ""jaccard"": 0.36}, {""atom"": ""LOG.cause"", ""overlap"": 3041, ""jaccard"": 0.4}, {""atom"": ""ACT.move"", ""overlap"": 916, ""jaccard"": 0.097}, {""atom"": ""BEI.female"", ""overlap"": 851, ""jaccard"": 0.116}, {""atom"": ""SOC.family"", ""overlap"": 837, ""jaccard"": 0.081}]",SOC.public,9,0,0,6949,7184,7196
SOC.nation,SOC,6,17,392,False,False,91.1,4.8,4.1,0,36.9,142,36.2,4.39,15,18,0,0,SPC.place,105,0.085,"[{""atom"": ""SPC.place"", ""overlap"": 105, ""jaccard"": 0.085}, {""atom"": ""SOC.public"", ""overlap"": 78, ""jaccard"": 0.185}, {""atom"": ""CHG.begin"", ""overlap"": 77, ""jaccard"": 0.104}, {""atom"": ""PER.deaf"", ""overlap"": 77, ""jaccard"": 0.188}, {""atom"": ""COG.enlightenment"", ""overlap"": 76, ""jaccard"": 0.135}]",SOC.stateless,0,0,0,374,392,392
SOC.obstruct,SOC,5,16,180,False,False,30.0,67.8,2.2,0,23.7,40,22.2,4.78,16,10,1,0,EMO.shame,53,0.156,"[{""atom"": ""EMO.shame"", ""overlap"": 53, ""jaccard"": 0.156}, {""atom"": ""COM.secret"", ""overlap"": 33, ""jaccard"": 0.116}, {""atom"": ""EXS.being"", ""overlap"": 30, ""jaccard"": 0.006}, {""atom"": ""SOC.individual"", ""overlap"": 23, ""jaccard"": 0.003}, {""atom"": ""FND.transformation"", ""overlap"": 23, ""jaccard"": 0.008}]",SOC.pass,4,0,0,170,179,180
SOC.official,SOC,6,12,499,False,False,90.0,6.8,3.2,0,29.4,215,43.1,2.68,8,11,0,0,SOC.individual,193,0.026,"[{""atom"": ""SOC.individual"", ""overlap"": 193, ""jaccard"": 0.026}, {""atom"": ""EXS.being"", ""overlap"": 52, ""jaccard"": 0.01}, {""atom"": ""LOG.cause"", ""overlap"": 45, ""jaccard"": 0.012}, {""atom"": ""NAT.sea"", ""overlap"": 37, ""jaccard"": 0.056}, {""atom"": ""SOC.work"", ""overlap"": 30, ""jaccard"": 0.017}]",SOC.citizen,2,0,2,488,499,499
SOC.pass,SOC,6,21,429,False,False,14.0,86.0,0,0,78.6,26,6.1,10.62,25,68,13,0,ACT.descend,321,0.391,"[{""atom"": ""ACT.descend"", ""overlap"": 321, ""jaccard"": 0.391}, {""atom"": ""ACT.move"", ""overlap"": 235, ""jaccard"": 0.07}, {""atom"": ""CHG.advance"", ""overlap"": 213, ""jaccard"": 0.314}, {""atom"": ""ACT.go"", ""overlap"": 210, ""jaccard"": 0.237}, {""atom"": ""TIM.come"", ""overlap"": 194, ""jaccard"": 0.325}]",SOC.obstruct,4,0,4,361,416,429
SOC.praise,SOC,6,11,275,False,False,51.6,43.6,4.7,0,37.3,128,46.5,3.9,15,11,1,0,SOC.individual,36,0.005,"[{""atom"": ""SOC.individual"", ""overlap"": 36, ""jaccard"": 0.005}, {""atom"": ""COG.think"", ""overlap"": 29, ""jaccard"": 0.031}, {""atom"": ""EMO.happiness"", ""overlap"": 28, ""jaccard"": 0.06}, {""atom"": ""ACT.agitate"", ""overlap"": 24, ""jaccard"": 0.032}, {""atom"": ""EXS.being"", ""overlap"": 21, ""jaccard"": 0.004}]",SOC.criticize,3,1,2,264,274,275
SOC.public,SOC,6,12,107,False,False,78.5,0.9,20.6,0,64.9,19,17.8,6.07,11,5,0,0,SOC.nation,78,0.185,"[{""atom"": ""SOC.nation"", ""overlap"": 78, ""jaccard"": 0.185}, {""atom"": ""CHG.begin"", ""overlap"": 77, ""jaccard"": 0.17}, {""atom"": ""PER.deaf"", ""overlap"": 77, ""jaccard"": 0.621}, {""atom"": ""COG.enlightenment"", ""overlap"": 76, ""jaccard"": 0.273}, {""atom"": ""STA.poverty"", ""overlap"": 76, ""jaccard"": 0.392}]",SOC.individual,9,0,4,102,107,107
SOC.refuse,SOC,6,9,259,False,False,29.3,68.7,1.9,0,33.8,45,17.4,5.97,18,21,1,0,COG.think,69,0.078,"[{""atom"": ""COG.think"", ""overlap"": 69, ""jaccard"": 0.078}, {""atom"": ""ACT.stand"", ""overlap"": 56, ""jaccard"": 0.074}, {""atom"": ""COM.announce"", ""overlap"": 54, ""jaccard"": 0.097}, {""atom"": ""SOC.individual"", ""overlap"": 51, ""jaccard"": 0.007}, {""atom"": ""FND.transformation"", ""overlap"": 50, ""jaccard"": 0.017}]",SOC.request,14,0,11,238,258,259
SOC.request,SOC,6,9,335,False,False,51.3,46.3,2.4,0,27.6,68,20.3,6.44,18,27,5,0,FND.information,79,0.069,"[{""atom"": ""FND.information"", ""overlap"": 79, ""jaccard"": 0.069}, {""atom"": ""SPC.direction"", ""overlap"": 77, ""jaccard"": 0.093}, {""atom"": ""EXS.physical_body"", ""overlap"": 75, ""jaccard"": 0.178}, {""atom"": ""FND.body"", ""overlap"": 75, ""jaccard"": 0.2}, {""atom"": ""SOC.individual"", ""overlap"": 50, ""jaccard"": 0.007}]",SOC.refuse,14,0,7,308,330,335
SOC.rest,SOC,6,22,260,False,False,15.8,82.3,1.9,0,72.2,16,6.2,10.37,27,65,8,0,FND.transformation,200,0.071,"[{""atom"": ""FND.transformation"", ""overlap"": 200, ""jaccard"": 0.071}, {""atom"": ""EXS.void"", ""overlap"": 181, ""jaccard"": 0.182}, {""atom"": ""SOC.awake"", ""overlap"": 181, ""jaccard"": 0.189}, {""atom"": ""ACT.exit"", ""overlap"": 174, ""jaccard"": 0.299}, {""atom"": ""MAT.clothing"", ""overlap"": 172, ""jaccard"": 0.15}]",SOC.work,1,0,2,195,252,260
SOC.sleep,SOC,6,7,332,False,False,91.6,1.5,6.6,0.3,81.6,93,28.0,6.53,14,12,1,0,TIM.period,179,0.171,"[{""atom"": ""TIM.period"", ""overlap"": 179, ""jaccard"": 0.171}, {""atom"": ""FND.time"", ""overlap"": 175, ""jaccard"": 0.298}, {""atom"": ""FND.temporality"", ""overlap"": 174, ""jaccard"": 0.307}, {""atom"": ""TIM.past"", ""overlap"": 173, ""jaccard"": 0.444}, {""atom"": ""NAT.flower"", ""overlap"": 173, ""jaccard"": 0.111}]",SOC.awake,2,0,1,320,331,332
SOC.stateless,SOC,4,9,35,False,False,82.9,8.6,8.6,0,35.6,9,25.7,2.94,9,0,0,0,SOC.homeless,15,0.01,"[{""atom"": ""SOC.homeless"", ""overlap"": 15, ""jaccard"": 0.01}, {""atom"": ""ACT.move"", ""overlap"": 12, ""jaccard"": 0.004}, {""atom"": ""SOC.individual"", ""overlap"": 9, ""jaccard"": 0.001}, {""atom"": ""SOC.criticize"", ""overlap"": 2, ""jaccard"": 0.007}, {""atom"": ""ECO.withdraw"", ""overlap"": 2, ""jaccard"": 0.007}]",SOC.nation,0,0,0,35,35,35
SOC.village,SOC,6,7,46,False,False,60.9,0,39.1,0,32.2,35,76.1,1.96,7,0,0,0,SPC.place,5,0.005,"[{""atom"": ""SPC.place"", ""overlap"": 5, ""jaccard"": 0.005}, {""atom"": ""SOC.individual"", ""overlap"": 5, ""jaccard"": 0.001}, {""atom"": ""EXS.being"", ""overlap"": 3, ""jaccard"": 0.001}, {""atom"": ""SOC.nation"", ""overlap"": 3, ""jaccard"": 0.007}, {""atom"": ""LOG.cause"", ""overlap"": 3, ""jaccard"": 0.001}]",SOC.city,1,0,0,46,46,46
SOC.work,SOC,6,13,1310,False,False,88.2,9.7,2.1,0,17.1,386,29.5,3.92,13,41,4,0,FND.labor,473,0.319,"[{""atom"": ""FND.labor"", ""overlap"": 473, ""jaccard"": 0.319}, {""atom"": ""COM.conduct"", ""overlap"": 178, ""jaccard"": 0.082}, {""atom"": ""COM.practice"", ""overlap"": 170, ""jaccard"": 0.109}, {""atom"": ""ECO.waste"", ""overlap"": 159, ""jaccard"": 0.096}, {""atom"": ""FND.spatiality"", ""overlap"": 159, ""jaccard"": 0.099}]",SOC.rest,1,0,0,1269,1306,1310
SPC.direction,SPC,6,13,574,False,False,96.2,1.9,1.9,0,62.1,152,26.5,6.51,16,31,1,0,STA.comfort,181,0.209,"[{""atom"": ""STA.comfort"", ""overlap"": 181, ""jaccard"": 0.209}, {""atom"": ""EMO.despair"", ""overlap"": 178, ""jaccard"": 0.26}, {""atom"": ""COM.silence"", ""overlap"": 176, ""jaccard"": 0.267}, {""atom"": ""STA.danger"", ""overlap"": 175, ""jaccard"": 0.253}, {""atom"": ""STA.health"", ""overlap"": 174, ""jaccard"": 0.277}]",SPC.reverse,1,0,0,543,573,574
SPC.inside,SPC,6,9,90,False,False,85.6,1.1,11.1,2.2,70.4,9,10.0,6.87,18,6,0,0,ELM.sky,72,0.383,"[{""atom"": ""ELM.sky"", ""overlap"": 72, ""jaccard"": 0.383}, {""atom"": ""WLD.outer_realm"", ""overlap"": 71, ""jaccard"": 0.651}, {""atom"": ""SPC.outside"", ""overlap"": 70, ""jaccard"": 0.631}, {""atom"": ""SPC.place"", ""overlap"": 61, ""jaccard"": 0.062}, {""atom"": ""ABS.bound"", ""overlap"": 26, ""jaccard"": 0.043}]",SPC.outside,70,0,69,84,90,90
SPC.nowhere,SPC,6,9,28,False,False,46.4,10.7,39.3,3.6,26.7,6,21.4,3.32,12,0,0,0,EXS.absence,13,0.112,"[{""atom"": ""EXS.absence"", ""overlap"": 13, ""jaccard"": 0.112}, {""atom"": ""EMO.wish"", ""overlap"": 5, ""jaccard"": 0.025}, {""atom"": ""COG.forget"", ""overlap"": 3, ""jaccard"": 0.027}, {""atom"": ""ECO.loss"", ""overlap"": 3, ""jaccard"": 0.025}, {""atom"": ""TIM.indefinite"", ""overlap"": 2, ""jaccard"": 0.038}]",SPC.place,0,0,0,28,28,28
SPC.outside,SPC,6,7,91,False,False,85.7,0,14.3,0,67.6,3,3.3,6.92,18,6,0,0,WLD.outer_realm,85,0.885,"[{""atom"": ""WLD.outer_realm"", ""overlap"": 85, ""jaccard"": 0.885}, {""atom"": ""ELM.sky"", ""overlap"": 72, ""jaccard"": 0.381}, {""atom"": ""SPC.inside"", ""overlap"": 70, ""jaccard"": 0.631}, {""atom"": ""SPC.place"", ""overlap"": 60, ""jaccard"": 0.061}, {""atom"": ""ABS.bound"", ""overlap"": 25, ""jaccard"": 0.041}]",SPC.inside,70,0,69,85,91,91
SPC.place,SPC,6,6,949,False,False,91.0,6.0,3.0,0,19.4,410,43.2,3.85,13,30,2,0,PRP.whole,112,0.047,"[{""atom"": ""PRP.whole"", ""overlap"": 112, ""jaccard"": 0.047}, {""atom"": ""SOC.nation"", ""overlap"": 105, ""jaccard"": 0.085}, {""atom"": ""PRP.part"", ""overlap"": 100, ""jaccard"": 0.054}, {""atom"": ""ACT.move"", ""overlap"": 89, ""jaccard"": 0.022}, {""atom"": ""ELM.earth"", ""overlap"": 68, ""jaccard"": 0.056}]",SPC.nowhere,0,0,0,919,947,949
SPC.reverse,SPC,6,15,166,False,False,81.3,1.2,14.5,3.0,64.0,45,27.1,3.18,10,6,0,0,FND.language,91,0.099,"[{""atom"": ""FND.language"", ""overlap"": 91, ""jaccard"": 0.099}, {""atom"": ""ACT.move"", ""overlap"": 16, ""jaccard"": 0.005}, {""atom"": ""FND.transformation"", ""overlap"": 10, ""jaccard"": 0.003}, {""atom"": ""SOC.individual"", ""overlap"": 10, ""jaccard"": 0.001}, {""atom"": ""SOC.homeless"", ""overlap"": 8, ""jaccard"": 0.005}]",SPC.direction,1,0,1,160,166,166
STA.comfort,STA,6,8,474,False,False,94.5,1.5,4.0,0,83.3,13,2.7,6.26,15,23,0,0,VAL.truth,249,0.48,"[{""atom"": ""VAL.truth"", ""overlap"": 249, ""jaccard"": 0.48}, {""atom"": ""SPC.direction"", ""overlap"": 181, ""jaccard"": 0.209}, {""atom"": ""EMO.despair"", ""overlap"": 178, ""jaccard"": 0.304}, {""atom"": ""STA.danger"", ""overlap"": 176, ""jaccard"": 0.297}, {""atom"": ""COM.silence"", ""overlap"": 175, ""jaccard"": 0.312}]",STA.pain,6,0,6,451,474,474
STA.danger,STA,6,10,294,False,False,93.9,3.4,2.7,0,68.6,24,8.2,8.72,18,29,1,0,STA.comfort,176,0.297,"[{""atom"": ""STA.comfort"", ""overlap"": 176, ""jaccard"": 0.297}, {""atom"": ""EMO.despair"", ""overlap"": 175, ""jaccard"": 0.429}, {""atom"": ""SPC.direction"", ""overlap"": 175, ""jaccard"": 0.253}, {""atom"": ""STA.health"", ""overlap"": 174, ""jaccard"": 0.5}, {""atom"": ""COM.muteness"", ""overlap"": 174, ""jaccard"": 0.527}]",EXS.vitality,5,0,5,265,293,294
STA.healing,STA,6,14,422,False,False,71.6,25.8,2.6,0,64.0,215,50.9,4.03,18,27,5,0,ACT.obtain,76,0.075,"[{""atom"": ""ACT.obtain"", ""overlap"": 76, ""jaccard"": 0.075}, {""atom"": ""ECO.buy"", ""overlap"": 67, ""jaccard"": 0.08}, {""atom"": ""ECO.earn"", ""overlap"": 66, ""jaccard"": 0.114}, {""atom"": ""COM.answer"", ""overlap"": 61, ""jaccard"": 0.072}, {""atom"": ""FND.transformation"", ""overlap"": 48, ""jaccard"": 0.015}]",STA.wound,1,0,1,395,417,422
STA.health,STA,6,6,228,False,False,82.9,4.4,12.7,0,75.2,27,11.8,9.21,19,20,0,0,PRP.dark,174,0.287,"[{""atom"": ""PRP.dark"", ""overlap"": 174, ""jaccard"": 0.287}, {""atom"": ""EMO.despair"", ""overlap"": 174, ""jaccard"": 0.507}, {""atom"": ""SPC.direction"", ""overlap"": 174, ""jaccard"": 0.277}, {""atom"": ""COM.muteness"", ""overlap"": 174, ""jaccard"": 0.659}, {""atom"": ""COM.silence"", ""overlap"": 174, ""jaccard"": 0.552}]",STA.illness,5,2,1,208,228,228
STA.illness,STA,5,34,1022,False,False,84.6,6.7,8.7,0,4.8,840,82.2,1.62,4,10,2,0,PRP.cold,38,0.034,"[{""atom"": ""PRP.cold"", ""overlap"": 38, ""jaccard"": 0.034}, {""atom"": ""STA.pain"", ""overlap"": 22, ""jaccard"": 0.014}, {""atom"": ""STA.wound"", ""overlap"": 22, ""jaccard"": 0.017}, {""atom"": ""EXS.being"", ""overlap"": 21, ""jaccard"": 0.004}, {""atom"": ""FND.transformation"", ""overlap"": 20, ""jaccard"": 0.005}]",STA.health,5,1,1,1012,1020,1022
STA.pain,STA,6,19,561,False,False,82.4,14.1,3.6,0,35.7,106,18.9,4.01,12,18,4,0,FND.information,203,0.162,"[{""atom"": ""FND.information"", ""overlap"": 203, ""jaccard"": 0.162}, {""atom"": ""STA.wound"", ""overlap"": 194, ""jaccard"": 0.279}, {""atom"": ""LOG.effect"", ""overlap"": 189, ""jaccard"": 0.241}, {""atom"": ""PER.feel"", ""overlap"": 43, ""jaccard"": 0.057}, {""atom"": ""PER.touch"", ""overlap"": 32, ""jaccard"": 0.027}]",STA.comfort,6,0,5,543,557,561
STA.peace,STA,6,12,68,False,False,63.2,4.4,32.4,0,21.3,31,45.6,2.62,7,2,0,0,SOC.rest,14,0.045,"[{""atom"": ""SOC.rest"", ""overlap"": 14, ""jaccard"": 0.045}, {""atom"": ""PER.soundless"", ""overlap"": 13, ""jaccard"": 0.153}, {""atom"": ""ACT.calm"", ""overlap"": 10, ""jaccard"": 0.054}, {""atom"": ""COM.silence"", ""overlap"": 7, ""jaccard"": 0.022}, {""atom"": ""PRP.soft"", ""overlap"": 5, ""jaccard"": 0.03}]",STA.war,0,0,0,66,68,68
STA.poverty,STA,6,25,163,False,False,70.6,14.1,15.3,0,51.4,21,12.9,5.48,11,6,1,0,COG.enlightenment,76,0.228,"[{""atom"": ""COG.enlightenment"", ""overlap"": 76, ""jaccard"": 0.228}, {""atom"": ""SOC.nation"", ""overlap"": 76, ""jaccard"": 0.159}, {""atom"": ""SOC.public"", ""overlap"": 76, ""jaccard"": 0.392}, {""atom"": ""CHG.begin"", ""overlap"": 76, ""jaccard"": 0.149}, {""atom"": ""PER.deaf"", ""overlap"": 76, ""jaccard"": 0.42}]",STA.wealth,11,0,8,157,162,163
STA.war,STA,6,8,243,False,False,84.8,11.1,4.1,0,37.2,136,56.0,2.9,11,3,0,0,EXS.being,23,0.005,"[{""atom"": ""EXS.being"", ""overlap"": 23, ""jaccard"": 0.005}, {""atom"": ""SOC.individual"", ""overlap"": 21, ""jaccard"": 0.003}, {""atom"": ""COM.conflict"", ""overlap"": 21, ""jaccard"": 0.037}, {""atom"": ""ACT.move"", ""overlap"": 15, ""jaccard"": 0.004}, {""atom"": ""LOG.cause"", ""overlap"": 15, ""jaccard"": 0.004}]",STA.peace,0,0,0,240,243,243
STA.wealth,STA,6,12,77,False,False,77.9,2.6,19.5,0,31.1,39,50.6,2.3,8,0,0,0,STA.poverty,11,0.048,"[{""atom"": ""STA.poverty"", ""overlap"": 11, ""jaccard"": 0.048}, {""atom"": ""STA.comfort"", ""overlap"": 10, ""jaccard"": 0.018}, {""atom"": ""ECO.price"", ""overlap"": 7, ""jaccard"": 0.017}, {""atom"": ""VAL.truth"", ""overlap"": 3, ""jaccard"": 0.008}, {""atom"": ""STA.danger"", ""overlap"": 3, ""jaccard"": 0.008}]",STA.poverty,11,0,9,77,77,77
STA.wound,STA,6,8,329,False,False,67.2,31.0,1.8,0,22.4,60,18.2,3.86,12,10,2,0,STA.pain,194,0.279,"[{""atom"": ""STA.pain"", ""overlap"": 194, ""jaccard"": 0.279}, {""atom"": ""FND.transformation"", ""overlap"": 36, ""jaccard"": 0.012}, {""atom"": ""ACT.move"", ""overlap"": 33, ""jaccard"": 0.01}, {""atom"": ""STA.illness"", ""overlap"": 22, ""jaccard"": 0.017}, {""atom"": ""SOC.individual"", ""overlap"": 21, ""jaccard"": 0.003}]",STA.healing,1,0,0,319,327,329
TIM.appear,TIM,6,9,276,False,False,6.2,92.8,1.1,0,67.7,25,9.1,11.96,28,67,10,0,EXS.being,206,0.043,"[{""atom"": ""EXS.being"", ""overlap"": 206, ""jaccard"": 0.043}, {""atom"": ""CHG.stay"", ""overlap"": 197, ""jaccard"": 0.442}, {""atom"": ""ACT.go"", ""overlap"": 194, ""jaccard"": 0.259}, {""atom"": ""ACT.receive"", ""overlap"": 194, ""jaccard"": 0.53}, {""atom"": ""FND.number"", ""overlap"": 194, ""jaccard"": 0.213}]",ACT.leave,22,0,26,209,266,276
TIM.come,TIM,6,11,362,False,False,8.3,91.4,0.3,0,62.2,5,1.4,10.36,28,64,13,0,ACT.move,246,0.076,"[{""atom"": ""ACT.move"", ""overlap"": 246, ""jaccard"": 0.076}, {""atom"": ""ACT.descend"", ""overlap"": 202, ""jaccard"": 0.231}, {""atom"": ""CHG.advance"", ""overlap"": 196, ""jaccard"": 0.312}, {""atom"": ""SOC.pass"", ""overlap"": 194, ""jaccard"": 0.325}, {""atom"": ""CHG.retreat"", ""overlap"": 194, ""jaccard"": 0.274}]",ACT.go,193,0,226,298,349,362
TIM.indefinite,TIM,6,6,27,False,False,22.2,0,77.8,0,0.0,11,40.7,1.89,5,0,0,0,EMO.doubt,9,0.072,"[{""atom"": ""EMO.doubt"", ""overlap"": 9, ""jaccard"": 0.072}, {""atom"": ""PRP.murky"", ""overlap"": 3, ""jaccard"": 0.037}, {""atom"": ""ELM.darkness"", ""overlap"": 2, ""jaccard"": 0.008}, {""atom"": ""ELM.night"", ""overlap"": 2, ""jaccard"": 0.008}, {""atom"": ""PRP.dark"", ""overlap"": 2, ""jaccard"": 0.003}]",TIM.period,0,0,0,27,27,27
TIM.moment,TIM,6,15,182,False,False,95.1,2.7,2.2,0,67.5,63,34.6,3.77,11,6,1,0,PRP.short,34,0.094,"[{""atom"": ""PRP.short"", ""overlap"": 34, ""jaccard"": 0.094}, {""atom"": ""EXS.vitality"", ""overlap"": 30, ""jaccard"": 0.069}, {""atom"": ""TIM.period"", ""overlap"": 26, ""jaccard"": 0.025}, {""atom"": ""FND.information"", ""overlap"": 16, ""jaccard"": 0.015}, {""atom"": ""ACT.move"", ""overlap"": 15, ""jaccard"": 0.005}]",FND.time,10,0,11,176,181,182
TIM.now,TIM,6,10,101,False,False,39.6,52.5,4.0,4.0,43.9,4,4.0,6.57,18,9,1,0,COM.speak,55,0.065,"[{""atom"": ""COM.speak"", ""overlap"": 55, ""jaccard"": 0.065}, {""atom"": ""COM.announce"", ""overlap"": 35, ""jaccard"": 0.084}, {""atom"": ""SOC.defend"", ""overlap"": 21, ""jaccard"": 0.084}, {""atom"": ""EXS.presence"", ""overlap"": 20, ""jaccard"": 0.126}, {""atom"": ""SOC.individual"", ""overlap"": 19, ""jaccard"": 0.003}]",TIM.past,14,0,12,92,100,101
TIM.past,TIM,6,7,231,False,False,84.0,0,16.0,0,76.8,27,11.7,8.22,15,11,1,0,ELM.morning,176,0.525,"[{""atom"": ""ELM.morning"", ""overlap"": 176, ""jaccard"": 0.525}, {""atom"": ""FND.time"", ""overlap"": 175, ""jaccard"": 0.359}, {""atom"": ""FND.temporality"", ""overlap"": 175, ""jaccard"": 0.376}, {""atom"": ""TIM.period"", ""overlap"": 174, ""jaccard"": 0.183}, {""atom"": ""NAT.flower"", ""overlap"": 173, ""jaccard"": 0.118}]",TIM.now,14,0,12,220,230,231
TIM.period,TIM,6,9,892,False,False,91.8,3.7,4.5,0,20.3,500,56.1,3.6,10,15,1,0,FND.time,257,0.241,"[{""atom"": ""FND.time"", ""overlap"": 257, ""jaccard"": 0.241}, {""atom"": ""FND.temporality"", ""overlap"": 222, ""jaccard"": 0.206}, {""atom"": ""ELM.sun"", ""overlap"": 180, ""jaccard"": 0.185}, {""atom"": ""SOC.sleep"", ""overlap"": 179, ""jaccard"": 0.171}, {""atom"": ""ELM.night"", ""overlap"": 178, ""jaccard"": 0.191}]",TIM.indefinite,0,0,0,877,891,892
VAL.beauty,VAL,6,14,264,False,False,79.9,4.2,15.9,0,52.1,77,29.2,4.19,12,6,0,0,SOC.individual,122,0.017,"[{""atom"": ""SOC.individual"", ""overlap"": 122, ""jaccard"": 0.017}, {""atom"": ""BEI.female"", ""overlap"": 118, ""jaccard"": 0.103}, {""atom"": ""PRP.wide"", ""overlap"": 114, ""jaccard"": 0.393}, {""atom"": ""BOD.face"", ""overlap"": 46, ""jaccard"": 0.106}, {""atom"": ""VAL.ugliness"", ""overlap"": 45, ""jaccard"": 0.133}]",VAL.ugliness,45,0,46,258,264,264
VAL.correct,VAL,6,11,880,False,False,13.8,83.4,2.8,0,79.7,86,9.8,14.1,27,292,15,0,FND.transformation,722,0.247,"[{""atom"": ""FND.transformation"", ""overlap"": 722, ""jaccard"": 0.247}, {""atom"": ""ACT.create"", ""overlap"": 698, ""jaccard"": 0.34}, {""atom"": ""CHG.grow"", ""overlap"": 697, ""jaccard"": 0.553}, {""atom"": ""EXS.nonbeing"", ""overlap"": 694, ""jaccard"": 0.655}, {""atom"": ""CHG.end"", ""overlap"": 694, ""jaccard"": 0.602}]",VAL.incorrect,2,1,0,588,865,880
VAL.evil,VAL,6,9,152,False,False,61.8,2.6,35.5,0,18.8,64,42.1,2.45,6,1,0,0,VAL.ugliness,31,0.129,"[{""atom"": ""VAL.ugliness"", ""overlap"": 31, ""jaccard"": 0.129}, {""atom"": ""EMO.hate"", ""overlap"": 16, ""jaccard"": 0.062}, {""atom"": ""STA.comfort"", ""overlap"": 9, ""jaccard"": 0.015}, {""atom"": ""COM.conduct"", ""overlap"": 8, ""jaccard"": 0.007}, {""atom"": ""VAL.profane"", ""overlap"": 7, ""jaccard"": 0.008}]",VAL.good,3,1,0,151,152,152
VAL.falsehood,VAL,6,13,197,False,False,76.6,10.2,13.2,0,34.0,79,40.1,3.47,10,5,0,0,COM.answer,63,0.102,"[{""atom"": ""COM.answer"", ""overlap"": 63, ""jaccard"": 0.102}, {""atom"": ""LOG.effect"", ""overlap"": 62, ""jaccard"": 0.113}, {""atom"": ""COM.speak"", ""overlap"": 18, ""jaccard"": 0.018}, {""atom"": ""VAL.incorrect"", ""overlap"": 15, ""jaccard"": 0.072}, {""atom"": ""ACT.build"", ""overlap"": 15, ""jaccard"": 0.012}]",VAL.truth,3,0,0,192,197,197
VAL.good,VAL,6,11,112,False,False,73.2,0.9,25.9,0,22.5,35,31.2,3.04,10,1,0,0,EMO.compassion,36,0.198,"[{""atom"": ""EMO.compassion"", ""overlap"": 36, ""jaccard"": 0.198}, {""atom"": ""STA.comfort"", ""overlap"": 9, ""jaccard"": 0.016}, {""atom"": ""EMO.forgiveness"", ""overlap"": 7, ""jaccard"": 0.048}, {""atom"": ""SPC.direction"", ""overlap"": 7, ""jaccard"": 0.01}, {""atom"": ""VAL.truth"", ""overlap"": 6, ""jaccard"": 0.015}]",VAL.evil,3,2,0,111,112,112
VAL.incorrect,VAL,6,6,27,False,False,14.8,0,85.2,0,0.0,7,25.9,2.44,5,0,0,0,VAL.falsehood,15,0.072,"[{""atom"": ""VAL.falsehood"", ""overlap"": 15, ""jaccard"": 0.072}, {""atom"": ""VAL.truth"", ""overlap"": 5, ""jaccard"": 0.016}, {""atom"": ""VAL.evil"", ""overlap"": 2, ""jaccard"": 0.011}, {""atom"": ""VAL.correct"", ""overlap"": 2, ""jaccard"": 0.002}, {""atom"": ""STA.comfort"", ""overlap"": 2, ""jaccard"": 0.004}]",VAL.correct,2,1,0,27,27,27
VAL.profane,VAL,6,21,777,False,False,6.0,90.5,3.5,0,89.5,14,1.8,15.7,27,294,15,0,EXS.nonbeing,696,0.73,"[{""atom"": ""EXS.nonbeing"", ""overlap"": 696, ""jaccard"": 0.73}, {""atom"": ""ACT.create"", ""overlap"": 695, ""jaccard"": 0.356}, {""atom"": ""CHG.grow"", ""overlap"": 693, ""jaccard"": 0.596}, {""atom"": ""COM.cooperate"", ""overlap"": 693, ""jaccard"": 0.768}, {""atom"": ""PRP.blunt"", ""overlap"": 693, ""jaccard"": 0.879}]",VAL.sacred,1,0,0,483,762,777
VAL.sacred,VAL,6,15,86,False,False,62.8,0,37.2,0,31.7,28,32.6,4.33,15,4,0,0,ACT.stop,38,0.158,"[{""atom"": ""ACT.stop"", ""overlap"": 38, ""jaccard"": 0.158}, {""atom"": ""SPC.place"", ""overlap"": 38, ""jaccard"": 0.038}, {""atom"": ""COG.forget"", ""overlap"": 38, ""jaccard"": 0.279}, {""atom"": ""PRP.part"", ""overlap"": 5, ""jaccard"": 0.005}, {""atom"": ""SOC.individual"", ""overlap"": 5, ""jaccard"": 0.001}]",VAL.profane,1,1,0,82,86,86
VAL.truth,VAL,6,11,294,False,False,92.2,0,7.8,0,81.4,17,5.8,3.24,8,5,0,0,STA.comfort,249,0.48,"[{""atom"": ""STA.comfort"", ""overlap"": 249, ""jaccard"": 0.48}, {""atom"": ""EXS.being"", ""overlap"": 17, ""jaccard"": 0.003}, {""atom"": ""FND.information"", ""overlap"": 11, ""jaccard"": 0.009}, {""atom"": ""SOC.individual"", ""overlap"": 10, ""jaccard"": 0.001}, {""atom"": ""FND.spatiality"", ""overlap"": 9, ""jaccard"": 0.012}]",VAL.falsehood,3,2,1,289,294,294
VAL.ugliness,VAL,6,11,119,False,False,73.9,0.8,25.2,0,46.4,34,28.6,3.96,15,4,0,0,BOD.face,46,0.16,"[{""atom"": ""BOD.face"", ""overlap"": 46, ""jaccard"": 0.16}, {""atom"": ""VAL.beauty"", ""overlap"": 45, ""jaccard"": 0.133}, {""atom"": ""VAL.evil"", ""overlap"": 31, ""jaccard"": 0.129}, {""atom"": ""FND.transformation"", ""overlap"": 6, ""jaccard"": 0.002}, {""atom"": ""EXS.being"", ""overlap"": 5, ""jaccard"": 0.001}]",VAL.beauty,45,0,46,115,119,119
WLD.art,WLD,6,9,259,False,False,82.2,8.1,9.7,0,8.5,129,49.8,3.05,12,7,1,0,ACT.create,38,0.018,"[{""atom"": ""ACT.create"", ""overlap"": 38, ""jaccard"": 0.018}, {""atom"": ""PRP.small"", ""overlap"": 30, ""jaccard"": 0.069}, {""atom"": ""ACT.make"", ""overlap"": 30, ""jaccard"": 0.016}, {""atom"": ""ACT.build"", ""overlap"": 29, ""jaccard"": 0.022}, {""atom"": ""SOC.individual"", ""overlap"": 27, ""jaccard"": 0.004}]",WLD.artless,0,0,0,252,258,259
WLD.artless,WLD,6,18,101,False,False,37.6,42.6,19.8,0,0.0,22,21.8,3.25,9,1,0,0,SOC.individual,17,0.002,"[{""atom"": ""SOC.individual"", ""overlap"": 17, ""jaccard"": 0.002}, {""atom"": ""COM.speak"", ""overlap"": 17, ""jaccard"": 0.019}, {""atom"": ""BOD.mouth"", ""overlap"": 16, ""jaccard"": 0.022}, {""atom"": ""EMO.manifest"", ""overlap"": 13, ""jaccard"": 0.044}, {""atom"": ""ACT.emit"", ""overlap"": 10, ""jaccard"": 0.019}]",WLD.art,0,0,0,100,101,101
WLD.culture,WLD,6,5,116,False,False,96.6,1.7,1.7,0,68.9,16,13.8,7.66,22,11,0,0,WLD.nonscience,58,0.072,"[{""atom"": ""WLD.nonscience"", ""overlap"": 58, ""jaccard"": 0.072}, {""atom"": ""CHG.end"", ""overlap"": 56, ""jaccard"": 0.055}, {""atom"": ""MAT.food"", ""overlap"": 56, ""jaccard"": 0.032}, {""atom"": ""COG.ignorance"", ""overlap"": 55, ""jaccard"": 0.348}, {""atom"": ""FND.history"", ""overlap"": 55, ""jaccard"": 0.299}]",WLD.uncultured,0,0,0,105,116,116
WLD.nonscience,WLD,5,10,742,False,False,88.7,3.4,8.0,0,14.6,257,34.6,3.48,12,19,0,0,WLD.religion,231,0.266,"[{""atom"": ""WLD.religion"", ""overlap"": 231, ""jaccard"": 0.266}, {""atom"": ""SOC.individual"", ""overlap"": 122, ""jaccard"": 0.016}, {""atom"": ""EXS.being"", ""overlap"": 63, ""jaccard"": 0.012}, {""atom"": ""CHG.end"", ""overlap"": 60, ""jaccard"": 0.036}, {""atom"": ""EMO.trust"", ""overlap"": 59, ""jaccard"": 0.069}]",WLD.science,5,0,1,723,742,742
WLD.outer_realm,WLD,6,6,90,False,False,87.8,0,12.2,0,67.9,3,3.3,6.94,18,6,0,0,SPC.outside,85,0.885,"[{""atom"": ""SPC.outside"", ""overlap"": 85, ""jaccard"": 0.885}, {""atom"": ""ELM.sky"", ""overlap"": 73, ""jaccard"": 0.39}, {""atom"": ""SPC.inside"", ""overlap"": 71, ""jaccard"": 0.651}, {""atom"": ""SPC.place"", ""overlap"": 61, ""jaccard"": 0.062}, {""atom"": ""ABS.bound"", ""overlap"": 26, ""jaccard"": 0.043}]",WLD.realm,3,0,2,84,90,90
WLD.realm,WLD,6,12,89,False,False,97.8,1.1,1.1,0,54.6,16,18.0,4.98,17,5,0,0,SPC.place,36,0.036,"[{""atom"": ""SPC.place"", ""overlap"": 36, ""jaccard"": 0.036}, {""atom"": ""ECO.save"", ""overlap"": 18, ""jaccard"": 0.064}, {""atom"": ""ABS.responsibility"", ""overlap"": 18, ""jaccard"": 0.081}, {""atom"": ""SOC.nation"", ""overlap"": 11, ""jaccard"": 0.023}, {""atom"": ""WLD.science"", ""overlap"": 9, ""jaccard"": 0.018}]",WLD.outer_realm,3,0,2,84,89,89
WLD.religion,WLD,6,14,358,False,False,89.9,0.8,9.2,0,17.6,107,29.9,2.54,6,6,0,0,WLD.nonscience,231,0.266,"[{""atom"": ""WLD.nonscience"", ""overlap"": 231, ""jaccard"": 0.266}, {""atom"": ""EMO.trust"", ""overlap"": 54, ""jaccard"": 0.113}, {""atom"": ""SOC.individual"", ""overlap"": 41, ""jaccard"": 0.005}, {""atom"": ""EXS.being"", ""overlap"": 10, ""jaccard"": 0.002}, {""atom"": ""LOG.cause"", ""overlap"": 9, ""jaccard"": 0.002}]",WLD.secular,0,0,0,352,358,358
WLD.science,WLD,6,6,422,False,False,87.7,3.1,9.2,0,17.3,264,62.6,2.21,7,2,0,0,SOC.individual,58,0.008,"[{""atom"": ""SOC.individual"", ""overlap"": 58, ""jaccard"": 0.008}, {""atom"": ""SOC.work"", ""overlap"": 46, ""jaccard"": 0.027}, {""atom"": ""WLD.technique"", ""overlap"": 31, ""jaccard"": 0.05}, {""atom"": ""COG.learn"", ""overlap"": 25, ""jaccard"": 0.023}, {""atom"": ""EXS.being"", ""overlap"": 24, ""jaccard"": 0.005}]",WLD.nonscience,5,0,3,420,422,422
WLD.secular,WLD,6,8,50,False,False,58.0,0,42.0,0,27.0,2,4.0,5.08,16,5,0,0,VAL.profane,47,0.06,"[{""atom"": ""VAL.profane"", ""overlap"": 47, ""jaccard"": 0.06}, {""atom"": ""SOC.individual"", ""overlap"": 27, ""jaccard"": 0.004}, {""atom"": ""EXS.being"", ""overlap"": 23, ""jaccard"": 0.005}, {""atom"": ""LOG.cause"", ""overlap"": 23, ""jaccard"": 0.007}, {""atom"": ""ABS.self"", ""overlap"": 6, ""jaccard"": 0.006}]",WLD.religion,0,0,0,45,50,50
WLD.technique,WLD,6,10,229,False,False,92.1,3.9,3.9,0,26.4,115,50.2,2.9,10,5,0,0,WLD.science,31,0.05,"[{""atom"": ""WLD.science"", ""overlap"": 31, ""jaccard"": 0.05}, {""atom"": ""FND.logic"", ""overlap"": 30, ""jaccard"": 0.08}, {""atom"": ""SOC.individual"", ""overlap"": 28, ""jaccard"": 0.004}, {""atom"": ""LOG.reason"", ""overlap"": 24, ""jaccard"": 0.066}, {""atom"": ""SOC.work"", ""overlap"": 16, ""jaccard"": 0.011}]",WLD.unskilled,0,0,0,224,229,229
WLD.uncultured,WLD,5,13,26,False,False,34.6,0,65.4,0,0.0,6,23.1,2.81,7,0,0,0,WLD.artless,5,0.041,"[{""atom"": ""WLD.artless"", ""overlap"": 5, ""jaccard"": 0.041}, {""atom"": ""SOC.individual"", ""overlap"": 4, ""jaccard"": 0.001}, {""atom"": ""EMO.anger"", ""overlap"": 4, ""jaccard"": 0.024}, {""atom"": ""WLD.unskilled"", ""overlap"": 4, ""jaccard"": 0.005}, {""atom"": ""EXS.being"", ""overlap"": 3, ""jaccard"": 0.001}]",WLD.culture,0,0,0,26,26,26
WLD.unskilled,WLD,6,13,748,False,False,92.1,1.5,6.4,0,83.5,25,3.3,13.12,17,124,1,0,SOC.individual,687,0.095,"[{""atom"": ""SOC.individual"", ""overlap"": 687, ""jaccard"": 0.095}, {""atom"": ""EXS.being"", ""overlap"": 665, ""jaccard"": 0.139}, {""atom"": ""LOG.cause"", ""overlap"": 662, ""jaccard"": 0.187}, {""atom"": ""BEI.beast"", ""overlap"": 632, ""jaccard"": 0.47}, {""atom"": ""PRP.old"", ""overlap"": 632, ""jaccard"": 0.724}]",WLD.technique,0,0,0,624,747,748
